"","vwretd","ewretd","spindx","sprtrn","USGG10YR","t30ret","spTurnover","CompoundAnnualReturn","Min_monthly","Max_monthly","portStdDev_monthly","portVaR","portCVaR","growth_multiplier","wealth_index","peak_wealth_index","drawdown","drawdown_pct","spTransactionCosts","spSR_cw","spTR_cw"
"1994-12-30",0.01486248963,0.016548,459.27,0.012299,0.07864,0.00443,0.037004148,NA,NA,NA,NA,NA,NA,1,1000,1000,0,0,9.251037e-05,NA,NA
"1995-01-31",0.026,0.021154,470.42,0.024278,0.077015,0.004156,0,NA,NA,NA,NA,NA,NA,1.026,1026,1026,0,0,0,NA,NA
"1995-02-28",0.039228,0.044549,487.39,0.036074,0.07391,0.003983,0,NA,NA,NA,NA,NA,NA,1.039228,1066.247928,1066.247928,0,0,0,NA,NA
"1995-03-31",0.0292638586275,0.029457,500.71,0.027329,0.071985,0.004134,0.028056549,NA,NA,NA,NA,NA,NA,1.029334,1097.52524471995,1097.52524471995,0,0,7.01413725e-05,NA,NA
"1995-04-28",0.029395,0.0238,514.71,0.02796,0.071255,0.00445,0,NA,NA,NA,NA,NA,NA,1.029395,1129.7869992885,1129.7869992885,0,0,0,NA,NA
"1995-05-31",0.039809,0.035709,533.4,0.036312,0.066695,0.005355,0,NA,NA,NA,NA,NA,NA,1.039809,1174.76268994317,1174.76268994317,0,0,0,NA,NA
"1995-06-30",0.024063667105,0.025803,544.75,0.021279,0.062435,0.004714,0.036533158,NA,NA,NA,NA,NA,NA,1.024155,1203.13908271875,1203.13908271875,0,0,9.1332895e-05,NA,NA
"1995-07-31",0.033405,0.033271,562.06,0.031776,0.063145,0.004522,0,NA,NA,NA,NA,NA,NA,1.033405,1243.32994377697,1243.32994377697,0,0,0,NA,NA
"1995-08-31",0.003502,0.00772,561.88,-0.00032,0.06355,0.004637,0,NA,NA,NA,NA,NA,NA,1.003502,1247.68408524007,1247.68408524007,0,0,0,NA,NA
"1995-09-29",0.0420070299125,0.024752,584.41,0.040098,0.06233,0.004309,0.037988035,NA,NA,NA,NA,NA,NA,1.042102,1300.21408059685,1300.21408059685,0,0,9.49700875e-05,NA,NA
"1995-10-31",-0.003442,-0.024119,581.5,-0.004979,0.06101,0.004714,0,NA,NA,NA,NA,NA,NA,0.996558,1295.73874373144,1300.21408059685,-4.47533686541419,-0.00344199999999987,0,NA,NA
"1995-11-30",0.044179,0.050988,605.37,0.041049,0.058805,0.004108,0,0.373217049232754,-0.003442,0.044179,0.0151413932758295,-0.0003772,0.003442,1.044179,1352.98318569075,1352.98318569075,0,0,0,1.47932263748981,0.0223967537729167
"1995-12-29",0.017532530235,0.014641,615.93,0.017444,0.056565,0.004882,0.044187906,0.376853868035891,-0.003442,0.044179,0.0149677421315024,-0.0003772,0.003442,1.017643,1376.85386803589,1376.85386803589,0,0,0.000110469765,1.50883858668557,0.02258159049
"1996-01-31",0.034861,0.030677,636.02,0.032617,0.05576,0.004278,0,0.388745000711004,-0.003442,0.044179,0.0151257874593408,-0.0003772,0.003442,1.034861,1424.85237072949,1424.85237072949,0,0,0,1.5410551117182,0.02330984049
"1996-02-29",0.010088,0.012873,640.43,0.006934,0.05839,0.003908,0,0.349804528244213,-0.003442,0.044179,0.0154678881212601,-0.0003772,0.003442,1.010088,1439.22628144541,1439.22628144541,0,0,0,1.35084295956247,0.0208877571566667
"1996-03-29",0.00948209852,0.019612,645.5,0.007917,0.062125,0.003943,0.041160592,0.323906919083051,-0.003442,0.044179,0.0160530582784374,-0.0003772,0.003442,1.009585,1453.02126535306,1453.02126535306,0,0,0.00010290148,1.1993132760788,0.019255193814375
"1996-04-30",0.015133,0.02841,654.17,0.013431,0.064985,0.004579,0,0.305564533040801,-0.003442,0.044179,0.0161268101788746,-0.0003772,0.003442,1.015133,1475.00983616165,1475.00983616165,0,0,0,1.11966184249147,0.018055943814375
"1996-05-31",0.025257,0.013102,669.12,0.022853,0.06761,0.003982,0,0.287293316803194,-0.003442,0.044179,0.0152364418259366,-0.0003772,0.003442,1.025257,1512.26415959359,1512.26415959359,0,0,0,1.11322425935866,0.016957693814375
"1996-06-28",0.0040337788625,-0.009331,670.63,0.002257,0.067815,0.004,0.037688455,0.262120737207705,-0.003442,0.044179,0.0159824937151891,-0.0003772,0.003442,1.004128,1518.50678604439,1518.50678604439,0,0,9.42211375e-05,0.960090226517525,0.0153480364608333
"1996-07-31",-0.044444,-0.055912,639.95,-0.045748,0.067525,0.004497,0,0.167042004986667,-0.044444,0.044179,0.0238021388229179,0.0218929,0.044444,0.955556,1451.01827044543,1518.50678604439,-67.4885155989568,-0.044444,0,0.372467909749712,0.0088627031275
"1996-08-30",0.021928,0.032975,651.99,0.018814,0.068685,0.004122,0,0.188470877060548,-0.044444,0.044179,0.0237126816147739,0.0218929,0.044444,1.021928,1482.83619907976,1518.50678604439,-35.6705869646294,-0.023490568032,0,0.44041558033945,0.0104411197941667
"1996-09-30",0.055935534335,0.049854,687.31,0.054173,0.06823,0.004375,0.039786266,0.204360842467087,-0.044444,0.056035,0.0254510298254165,0.0218929,0.044444,1.056035,1565.92692549519,1565.92692549519,0,0,9.9465665e-05,0.455786947826711,0.0115963284960417
"1996-10-31",0.026798,0.013655,705.27,0.026131,0.06521,0.004246,0,0.24090650451205,-0.044444,0.056035,0.0248504466960339,0.0177294,0.044444,1.026798,1607.89063524461,1607.89063524461,0,0,0,0.569736509159206,0.0141553284960417
"1996-11-29",0.076441,0.070014,757.02,0.073376,0.061915,0.003941,0,0.279246794489696,-0.044444,0.076441,0.0292455960273068,0.0177294,0.044444,1.076441,1730.79940329335,1730.79940329335,0,0,0,0.576437506104171,0.0168577451627083
"1996-12-31",-0.0198982690875,-0.016802,740.74,-0.021505,0.06231,0.004404,0.040107635,0.232180898853909,-0.044444,0.076441,0.031556311908598,0.0308887,0.044444,0.980202,1696.53303670695,1730.79940329335,-34.2663665864015,-0.0197979999999999,0.0001002690875,0.436539835250771,0.0137783452191667
"1997-01-31",0.062827,0.039148,786.16,0.061317,0.06456,0.004014,0,0.265479255848084,-0.044444,0.076441,0.0338630194473397,0.0308887,0.044444,1.062827,1803.12111780413,1803.12111780413,0,0,0,0.476238072003743,0.0161308452191667
"1997-02-28",0.007752,0.013457,790.82,0.005928,0.06523,0.003788,0,0.262552620206772,-0.044444,0.076441,0.0339338992932204,0.0308887,0.044444,1.007752,1817.09891270935,1817.09891270935,0,0,0,0.469806064650902,0.0159461785525
"1997-03-31",-0.04177816263,-0.035143,757.12,-0.042614,0.067275,0.00431,0.036065052,0.198432352477099,-0.044444,0.076441,0.0383269390814876,0.0429282,0.044444,0.958312,1741.34769323632,1817.09891270935,-75.751219473027,-0.0416879999999998,9.016263e-05,0.303694136129903,0.01164390679
"1997-04-30",0.060274,0.032138,801.34,0.058406,0.068105,0.004313,0,0.251724319956403,-0.044444,0.076441,0.0404074632076648,0.0429282,0.044444,1.060274,1846.30568409845,1846.30568409845,0,0,0,0.381650509710628,0.0154278234566667
"1997-05-30",0.061401,0.073897,848.28,0.058577,0.066885,0.004263,0,0.295852108228519,-0.044444,0.076441,0.0421738638319416,0.0429282,0.044444,1.061401,1959.67069940778,1959.67069940778,0,0,0,0.436488844478469,0.01841640679
"1997-06-30",0.0439823314925,0.03882,885.14,0.043453,0.065795,0.003744,0.048267403,0.347440837978546,-0.044444,0.076441,0.0421576644890848,0.0429282,0.044444,1.044103,2046.09805626376,2046.09805626376,0,0,0.0001206685075,0.51617274907685,0.0217667861758333
"1997-07-31",0.080388,0.079766,954.29,0.078123,0.062555,0.004294,0,0.523467920312326,-0.041688,0.080388,0.038440965280012,0.0296485,0.041688,1.080388,2210.57978681069,2210.57978681069,0,0,0,0.83678935019692,0.0321863695091667
"1997-08-29",-0.054975,-0.028008,899.47,-0.057446,0.06175,0.004058,0,0.408822609218219,-0.054975,0.080388,0.0466101368858229,0.04766715,0.054975,0.945025,2089.05316303077,2210.57978681069,-121.526623779918,-0.0549750000000001,0,0.552999729914105,0.0257831195091667
"1997-09-30",0.0537597397925,0.051665,947.28,0.053154,0.06221,0.004576,0.050504083,0.405955696864736,-0.054975,0.080388,0.0465048678555821,0.04766715,0.054975,1.053886,2201.62388177385,2210.57978681069,-8.95590503684161,-0.00405138285000006,0.0001262602075,0.550004627868035,0.0255850532972917
"1997-10-31",-0.032605,-0.043194,914.62,-0.034478,0.05967,0.003911,0,0.324617413910488,-0.054975,0.080388,0.04989001667456,0.04766715,0.054975,0.967395,2129.83993510861,2210.57978681069,-80.7398517020779,-0.0365242875121758,0,0.414097430153575,0.0206627199639583
"1997-11-28",0.046321,0.031342,955.4,0.044587,0.058525,0.003773,0,0.287553165607995,-0.054975,0.080388,0.0477702350096667,0.04766715,0.054975,1.046321,2228.49625074278,2228.49625074278,0,0,0,0.380242238267792,0.0181667199639583
"1997-12-31",0.016998944835,0.015319,970.43,0.015732,0.05808,0.004629,0.059222066,0.336082603115149,-0.054975,0.080388,0.0459651599513812,0.04766715,0.054975,1.017147,2266.70827595427,2266.70827595427,0,0,0.000148055165,0.46168497921238,0.0212227377908333
"1998-01-30",0.011994,-0.002326,980.28,0.01015,0.056235,0.004204,0,0.272180305785337,-0.054975,0.080388,0.044522339176275,0.04766715,0.054975,1.011994,2293.89517501606,2293.89517501606,0,0,0,0.381186187416994,0.0169708211241667
"1998-02-27",0.071956,0.078865,1049.34,0.070449,0.055635,0.003847,0,0.35323106465522,-0.054975,0.080388,0.0465742195969037,0.04766715,0.054975,1.071956,2458.95469622952,2458.95469622952,0,0,0,0.479114558064586,0.0223162377908333
"1998-03-31",0.051226759275,0.050179,1101.75,0.049946,0.05638,0.004485,0.04369629,0.484590127839743,-0.054975,0.080388,0.0416737403012613,0.0426715,0.054975,1.051336,2585.18759451516,2585.18759451516,0,0,0.000109240725,0.721239318087321,0.03005206461625
"1998-04-30",0.011275,0.004209,1111.75,0.009076,0.056625,0.004308,0,0.415981983460064,-0.054975,0.080388,0.0412928339027451,0.0426715,0.054975,1.011275,2614.33558464331,2614.33558464331,0,0,0,0.629072806290979,0.0259692312829167
"1998-05-29",-0.017674,-0.024932,1090.82,-0.018826,0.056115,0.003805,0,0.31049049123224,-0.054975,0.080388,0.0421589477464857,0.0426715,0.054975,0.982326,2568.12981752033,2614.33558464331,-46.2057671229854,-0.0176739999999998,0,0.4607827502178,0.01941781461625
"1998-06-30",0.04084559821,0.010836,1133.84,0.039438,0.05499,0.004021,0.049760716,0.306558152460078,-0.054975,0.080388,0.042029909781787,0.0426715,0.054975,1.04097,2673.34609614414,2673.34609614414,0,0,0.00012440179,0.455423021592952,0.0191333368427083
"1998-07-31",-0.010109,-0.04445,1120.67,-0.011615,0.0547,0.003873,0,0.19711636569164,-0.054975,0.071956,0.0388617738553172,0.0426715,0.054975,0.989891,2646.32124045821,2673.34609614414,-27.024855685921,-0.010109,0,0.299405098822093,0.011627003509375
"1998-08-31",-0.143124,-0.148456,957.28,-0.145797,0.05235,0.004012,0,0.0854530652293746,-0.143124,0.071956,0.0573757018861802,0.08233855,0.143124,0.856876,2267.56915923887,2673.34609614414,-405.776936905263,-0.151786159484,0,0.0747171677319101,0.00428508684270834
"1998-09-30",0.06297514263,0.060341,1017.01,0.062396,0.04698,0.003875,0.080342948,0.0950213287569104,-0.143124,0.071956,0.0581026033002408,0.08233855,0.143124,1.063176,2410.82510844295,2673.34609614414,-262.520987701188,-0.0981994018955612,0.00020085737,0.0880215623526361,0.00511145374583333
"1998-10-30",0.080111,0.08884,1098.67,0.080294,0.045125,0.003353,0,0.222607706701973,-0.143124,0.080111,0.0598118773571974,0.0741265,0.143124,1.080111,2603.95871870542,2673.34609614414,-69.3873774387148,-0.0259552541808166,0,0.243371809073297,0.0145509537458333
"1998-11-30",0.062164,0.05071,1163.63,0.059126,0.046595,0.003233,0,0.241119973871684,-0.143124,0.080111,0.0606480504728018,0.0741265,0.143124,1.062164,2765.83120849502,2765.83120849502,0,0,0,0.262528268017552,0.0159162037458333
"1998-12-31",0.0595027663625,0.029082,1229.23,0.056375,0.04681,0.003779,0.068093455,0.293010082193163,-0.143124,0.080111,0.0617035896671999,0.0741265,0.143124,1.059673,2930.87665419955,2930.87665419955,0,0,0.0001702336375,0.316643453962476,0.0195290222064583
"1999-01-29",0.0428,0.010847,1279.64,0.041009,0.046495,0.003494,0,0.332370462385183,-0.143124,0.080111,0.0618230425089271,0.0741265,0.143124,1.0428,3056.31817499929,3056.31817499929,0,0,0,0.3585188295437,0.0221553555397917
"1999-02-26",-0.031935,-0.019371,1238.33,-0.032283,0.04969,0.003372,0,0.203240815545519,-0.143124,0.080111,0.0620832522702135,0.08197005,0.143124,0.968065,2958.71465408069,3056.31817499929,-97.6035209186025,-0.0319350000000001,0,0.218170054639235,0.0135373555397917
"1999-03-31",0.0388145782475,0.021855,1286.37,0.038794,0.052645,0.004076,0.065768701,0.189098384621726,-0.143124,0.080111,0.0615693450211494,0.08197005,0.143124,1.038979,3074.0423925821,3074.0423925821,0,0,0.0001644217525,0.2037404819972,0.0125370904541667
"1999-04-30",0.037559,0.096934,1335.18,0.037944,0.05295,0.003784,0,0.220004183678756,-0.143124,0.080111,0.0618389827724659,0.08197005,0.143124,1.037559,3189.50035080509,3189.50035080509,0,0,0,0.238989186368033,0.0147710904541667
"1999-05-28",-0.023159,-0.001112,1301.84,-0.02497,0.05485,0.003463,0,0.213192063315986,-0.143124,0.080111,0.0621505532447523,0.08197005,0.143124,0.976841,3115.63471218079,3189.50035080509,-73.8656386242951,-0.023159,0,0.230892012859773,0.0143425071208333
"1999-06-30",0.0542842534675,0.041249,1372.71,0.054438,0.05701,0.004098,0.058698613,0.228880102706455,-0.143124,0.080111,0.0627198836615244,0.08197005,0.143124,1.054431,3285.22182519951,3285.22182519951,0,0,0.0001467465325,0.246566023140763,0.0154559783922917
"1999-07-30",-0.03022,-0.034555,1328.72,-0.032046,0.058415,0.003658,0,0.203913709693962,-0.143124,0.080111,0.063833442955381,0.08197005,0.143124,0.96978,3185.94242164198,3285.22182519951,-99.2794035575293,-0.0302200000000001,0,0.216277769363655,0.0137979783922917
"1999-08-31",-0.005004,-0.022233,1320.41,-0.006254,0.059365,0.003876,0,0.397972781931871,-0.031935,0.080111,0.0403709145694551,0.03099175,0.031935,0.994996,3169.99996576408,3285.22182519951,-115.221859435425,-0.03507277912,0,0.627776270718923,0.025319311725625
"1999-09-30",-0.02822020769,-0.039403,1282.71,-0.028552,0.059235,0.003705,0.056483076,0.277981354157737,-0.031935,0.080111,0.041922786664259,0.03099175,0.031935,0.971921,3080.98953672539,3285.22182519951,-204.232288474115,-0.0621669705550894,0.00014120769,0.423170344854659,0.017733865865625
"1999-10-29",0.064238,0.03097,1362.93,0.062539,0.059505,0.003581,0,0.25920050845341,-0.031935,0.064238,0.0401148496999175,0.03099175,0.031935,1.064238,3278.90614258556,3285.22182519951,-6.31568261394978,-0.00192245240960745,0,0.408815121145194,0.016392115865625
"1999-11-30",0.020822,-0.001732,1388.91,0.019062,0.061075,0.003811,0,0.210189369476302,-0.031935,0.064238,0.0378893434897378,0.03099175,0.031935,1.020822,3347.17952628647,3347.17952628647,0,0,0,0.340652555566194,0.0128987825322917
"1999-12-31",0.0623541893625,0.044205,1469.25,0.057844,0.063165,0.003764,0.089924255,0.213508138858648,-0.031935,0.064238,0.0381971785070771,0.03099175,0.031935,1.062579,3556.64267386195,3556.64267386195,0,0,0.0002248106375,0.34422197664881,0.013137651115625
"2000-01-31",-0.04963,-0.057249,1394.46,-0.050904,0.065535,0.004343,0,0.105947190187086,-0.04963,0.064238,0.0416653422412841,0.03989775,0.04963,0.95037,3380.12649795819,3556.64267386195,-176.516175903768,-0.0496299999999999,0,0.128872733814311,0.005364401115625
"2000-02-29",-0.017458,-0.045099,1366.42,-0.020108,0.06537,0.004295,0,0.122486159649197,-0.04963,0.064238,0.0405604676624913,0.0389545,0.04963,0.982542,3321.11624955683,3556.64267386195,-235.526424305122,-0.0662215594599999,0,0.16025838065601,0.006493901115625
"2000-03-31",0.0982750272825,0.109941,1498.58,0.09672,0.062065,0.004377,0.085189087,0.186778150993164,-0.04963,0.098488,0.0474262436295624,0.0389545,0.04963,1.098488,3648.20634674318,3648.20634674318,0,0,0.0002129727175,0.241147905905118,0.011423855201875
"2000-04-28",-0.031583,0.008074,1452.43,-0.030796,0.06108,0.004595,0,0.107692320774382,-0.04963,0.098488,0.0486705490062335,0.03970415,0.04963,0.968417,3532.98504569399,3648.20634674318,-115.22130104919,-0.031583,0,0.115086640499478,0.00559443853520834
"2000-05-31",-0.022304,0.016657,1420.6,-0.021915,0.06242,0.004782,0,0.108661851060541,-0.04963,0.098488,0.0486188009836823,0.03970415,0.04963,0.977696,3454.18534723483,3648.20634674318,-194.020999508349,-0.0531825727680001,0,0.114412924216824,0.00555577186854167
"2000-06-30",0.0260315018525,-0.019605,1454.6,0.023934,0.061515,0.003744,0.074999259,0.0789988687107053,-0.04963,0.098488,0.0469107375264206,0.03970415,0.04963,1.026219,3544.75063285399,3648.20634674318,-103.455713889199,-0.0283579666434042,0.0001874981475,0.0689592678935298,0.003230875900625
"2000-07-31",-0.012795,0.003866,1430.83,-0.016341,0.06031,0.004772,0,0.0983863125508382,-0.04963,0.098488,0.0459012647586858,0.03970415,0.04963,0.987205,3499.39554850662,3648.20634674318,-148.810798236565,-0.0407901264602018,0,0.10012624100141,0.004590125900625
"2000-08-31",0.062594,0.074144,1517.68,0.060699,0.05878,0.005002,0,0.173008439630557,-0.04963,0.098488,0.0481473551508567,0.03970415,0.04963,1.062594,3718.43671346984,3718.43671346984,0,0,0,0.21059017640067,0.0101294592339583
"2000-09-29",-0.052309111745,-0.013813,1436.51,-0.053483,0.057635,0.005093,0.088444698,0.144032052015627,-0.052088,0.098488,0.0505147710359869,0.0507361,0.052088,0.947912,3524.75078193862,3718.43671346984,-193.685931531217,-0.052088,0.000221111745,0.158596881361407,0.00800638389604167
"2000-10-31",-0.00412,0.021097,1429.4,-0.004949,0.057765,0.005217,0,0.0705487306047354,-0.052088,0.098488,0.0479286464501706,0.0507361,0.052088,0.99588,3510.22880871704,3718.43671346984,-208.207904752805,-0.0559933974400001,0,0.0453904913675277,0.00217355056270833
"2000-11-30",-0.078268,-0.045453,1314.95,-0.080069,0.056095,0.004966,0,-0.033368185092245,-0.078268,0.098488,0.0534925245253102,0.063869,0.078268,0.921732,3235.49022031637,3718.43671346984,-482.946493153469,-0.129878906209166,0,-0.115642977537164,-0.00618019943729167
"2000-12-29",0.0054416423575,0.066751,1320.28,0.004053,0.0529,0.004909,0.111343057,-0.0850930153061303,-0.078268,0.098488,0.0496799589959665,0.063869,0.078268,1.00572,3253.99722437658,3718.43671346984,-464.43948909326,-0.124901813552683,0.0002783576425,-0.22196233842034,-0.011018328354375
"2001-01-31",0.032372,0.053413,1366.01,0.034637,0.05113,0.005243,0,-0.00615091637743237,-0.078268,0.098488,0.0488053932156254,0.063869,0.078268,1.032372,3359.3356225241,3718.43671346984,-359.101090945741,-0.0965731350610099,0,-0.0873332245733064,-0.004259828354375
"2001-02-28",-0.090952,-0.044749,1239.94,-0.092291,0.05005,0.003653,0,-0.0804906846028691,-0.090952,0.098488,0.055433836472165,0.0839758,0.090952,0.909048,3053.79732898429,3718.43671346984,-664.639384485553,-0.178741615280941,0,-0.186478557959978,-0.010330828354375
"2001-03-30",-0.0639204109875,-0.049836,1160.33,-0.064205,0.049065,0.00432,0.085764395,-0.21625811574597,-0.090952,0.062594,0.046870055820628,0.0839758,0.090952,0.936294,2859.25211634402,3718.43671346984,-859.184597125826,-0.231060701937853,0.0002144109875,-0.508658281124097,-0.023842364876875
"2001-04-30",0.077824,0.084714,1249.46,0.076814,0.051275,0.003864,0,-0.127714804000533,-0.090952,0.077824,0.0542724601220266,0.0839758,0.090952,1.077824,3081.77055304637,3718.43671346984,-636.66616042347,-0.171218770005465,0,-0.270114568517994,-0.0146641982102083
"2001-05-31",0.006859,0.017676,1255.82,0.00509,0.053595,0.003183,0,-0.101696028050818,-0.090952,0.077824,0.0543223145852744,0.0839758,0.090952,1.006859,3102.90841726972,3718.43671346984,-615.528296200125,-0.165534159548932,0,-0.222675434772719,-0.0121006982102083
"2001-06-29",-0.0246399286025,-0.015803,1224.42,-0.025004,0.053965,0.002778,0.053971441,-0.146097438152512,-0.090952,0.077824,0.0534236569856435,0.0839758,0.090952,0.975495,3026.87164650452,3718.43671346984,-691.565066965319,-0.185982744969186,0.0001349286025,-0.303873631750092,-0.0162428174147917
"2001-07-31",-0.009317,-0.00918,1211.23,-0.010772,0.05233,0.002999,0,-0.143089073010413,-0.090952,0.077824,0.0534269386298341,0.0839758,0.090952,0.990683,2998.67028337404,3718.43671346984,-719.766430095801,-0.193566943734308,0,-0.295666785379725,-0.0158052340814583
"2001-08-31",-0.063435,-0.043659,1133.58,-0.064108,0.04943,0.002996,0,-0.244723024658522,-0.090952,0.077824,0.049809824514666,0.0839758,0.090952,0.936565,2808.44963394821,3718.43671346984,-909.987079521634,-0.244723024658522,0,-0.524646070434494,-0.0261404840814583
"2001-09-28",-0.0805778102325,-0.124472,1040.94,-0.081723,0.0471,0.00273,0.086724093,-0.26725037521831,-0.090952,0.077824,0.0519852420534526,0.08512695,0.090952,0.919639,2582.7598129145,3718.43671346984,-1135.67690055535,-0.305417837673939,0.0002168102325,-0.544146200859001,-0.02829929228875
"2001-10-31",0.01954,0.042117,1059.78,0.018099,0.0441,0.002154,0,-0.24984179574856,-0.090952,0.077824,0.0532543830845847,0.08512695,0.090952,1.01954,2633.22693965884,3718.43671346984,-1085.209773811,-0.291845702222087,0,-0.489362461353895,-0.0260723756220833
"2001-11-30",0.078787,0.102273,1139.45,0.075176,0.04492,0.001749,0,-0.12202145668177,-0.090952,0.078787,0.0574008464357927,0.08512695,0.090952,1.078787,2840.69099055375,3718.43671346984,-877.745722916096,-0.236052349563059,0,-0.221383497442549,-0.0127163756220833
"2001-12-31",0.00888577288,0.030572,1148.08,0.007574,0.049015,0.001484,0.066090848,-0.119113543417847,-0.090952,0.078787,0.0574878853300389,0.08512695,0.090952,1.009051,2866.40208470925,3718.43671346984,-852.034628760594,-0.229137859378954,0.00016522712,-0.211090553686723,-0.0121439480785417
"2002-01-31",-0.014324,-0.002527,1130.2,-0.015574,0.05042,0.00139,0,-0.158957586046435,-0.090952,0.078787,0.0559948385009726,0.08512695,0.090952,0.985676,2825.34374124787,3718.43671346984,-893.092972221969,-0.24017968868121,0,-0.280445351876712,-0.0157141980785417
"2002-02-28",-0.019481,-0.011293,1106.73,-0.020766,0.04955,0.001285,0,-0.0928333083760858,-0.080361,0.078787,0.050463354728201,0.07120075,0.080361,0.980519,2770.30321982462,3718.43671346984,-948.133493645219,-0.254981748166012,0,-0.189274916653911,-0.00956094807854167
"2002-03-28",0.03744464523,0.067365,1147.39,0.036739,0.051365,0.001341,0.050941908,0.00529401935888507,-0.080361,0.078787,0.0485355009086601,0.0710517,0.080361,1.037572,2874.38905239987,3718.43671346984,-844.047661069968,-0.226989922408105,0.00012735477,-0.0178239419784017,-0.000865610060416666
"2002-04-30",-0.061001,-0.036342,1076.92,-0.061418,0.0524035,0.001546,0,-0.124189033753216,-0.080361,0.078787,0.0451185232211682,0.0710517,0.080361,0.938999,2699.04844581443,3718.43671346984,-1019.38826765541,-0.274144310151288,0,-0.271214927516756,-0.01224119339375
"2002-05-31",-0.0078,-0.012256,1067.14,-0.009081,0.050637,0.001442,0,-0.136940087231619,-0.080361,0.078787,0.0448164913799157,0.0710517,0.080361,0.9922,2677.99586793708,3718.43671346984,-1040.44084553277,-0.279805984532108,0,-0.297063454335581,-0.01331769339375
"2002-06-28",-0.0715186993175,-0.080675,989.81,-0.072465,0.049196,0.001312,0.067879727,-0.17838487019178,-0.080361,0.078787,0.0480008419443205,0.0754044,0.080361,0.928651,2486.92354075563,3718.43671346984,-1231.51317271421,-0.331191107341727,0.0001696993175,-0.356104918523473,-0.0171020909533333
"2002-07-31",-0.073987,-0.105229,911.62,-0.078995,0.0462765,0.001507,0,-0.23201842446161,-0.080361,0.078787,0.050830120689738,0.0768553,0.080361,0.926013,2302.92352874575,3718.43671346984,-1415.5131847241,-0.380674270882835,0,-0.439888571531659,-0.0223669242866667
"2002-08-30",0.007061,0.012241,916.07,0.004881,0.0429985,0.001402,0,-0.174211834263221,-0.080361,0.078787,0.0494809654238145,0.0768553,0.080361,1.007061,2319.18447178222,3718.43671346984,-1399.25224168762,-0.376301211909538,0,-0.33045722736074,-0.0163594242866667
"2002-09-30",-0.10911273387,-0.115309,815.29,-0.110013,0.0386755,0.001414,0.059093548,-0.199896743986204,-0.108965,0.078787,0.0534610147734408,0.0897271,0.108965,0.891035,2066.47453581447,3718.43671346984,-1651.96217765537,-0.444262550353815,0.00014773387,-0.348306773920317,-0.018627667923125
"2002-10-31",0.088599,0.073063,885.76,0.086436,0.0374335,0.001334,0,-0.145701390437489,-0.108965,0.088599,0.0609528449095543,0.0897271,0.108965,1.088599,2249.5621132131,3718.43671346984,-1468.87460025674,-0.395024768052613,0,-0.209993556081644,-0.012804417923125
"2002-11-29",0.059019,0.110251,936.31,0.05707,0.0404885,0.001166,0,-0.16135580128396,-0.108965,0.088599,0.0585145601141806,0.0897271,0.108965,1.059019,2382.32901957282,3718.43671346984,-1336.10769389702,-0.35931973483831,0,-0.246054985234338,-0.014403167923125
"2002-12-31",-0.0589628049825,-0.051344,879.82,-0.060333,0.040106,0.001079,0.051521993,-0.217776498978961,-0.108965,0.088599,0.0594661386823449,0.0897271,0.108965,0.941166,2242.16707403527,3718.43671346984,-1476.26963943457,-0.397013517558833,0.0001288049825,-0.336544499410191,-0.0200234660783333
"2003-01-31",-0.026579,-0.025525,855.7,-0.027415,0.0388925,0.000934,0,-0.227501955422065,-0.108965,0.088599,0.0594908019390902,0.0897271,0.108965,0.973421,2182.57251537449,3718.43671346984,-1535.86419809535,-0.413040295275637,0,-0.352929562820654,-0.0210067160783333
"2003-02-28",-0.015246,-0.022303,841.15,-0.017004,0.038261,0.000871,0,-0.22416542729891,-0.108965,0.088599,0.0595044260393521,0.0897271,0.108965,0.984754,2149.29701480509,3718.43671346984,-1569.13969866475,-0.421989082933864,0,-0.346339620117779,-0.0206192994116667
"2003-03-31",0.0102051140625,0.005085,848.18,0.008358,0.0374285,0.00102,0.041154375,-0.244551823414189,-0.108965,0.088599,0.0576267128185595,0.0897271,0.108965,1.010308,2171.4519684337,3718.43671346984,-1546.98474503614,-0.416030946400747,0.0001028859375,-0.396486026716359,-0.0228625103422917
"2003-04-30",0.082774,0.103509,916.92,0.081044,0.0381595,0.000939,0,-0.128881240603531,-0.108965,0.088599,0.0633445837278855,0.0897271,0.108965,1.082774,2351.19173366883,3718.43671346984,-1367.24497980101,-0.367693491958122,0,-0.170866204575144,-0.0108306770089583
"2003-05-30",0.053251,0.096073,963.59,0.050899,0.036029,0.000903,0,-0.0752804833167808,-0.108965,0.088599,0.0659009312299128,0.0897271,0.108965,1.053251,2476.39504467843,3718.43671346984,-1242.04166879141,-0.334022538098384,0,-0.086407436122542,-0.00569817700895833
"2003-06-30",0.01269781827,0.007649,974.5,0.011322,0.034416,0.000984,0.047272692,0.00852820059315196,-0.108965,0.088599,0.0625316454161169,0.0897271,0.108965,1.012816,2508.13252357103,3718.43671346984,-1210.30418989881,-0.325487370946653,0.00011818173,0.0215330842808619,0.00134719945666667
"2003-07-31",0.017932,0.02837,990.31,0.016224,0.039594,0.000674,0,0.108637922238876,-0.108965,0.088599,0.0577555527704322,0.08139295,0.108965,1.017932,2553.10835598371,3718.43671346984,-1165.32835748614,-0.313392010482468,0,0.157042251626037,0.00907653279
"2003-08-29",0.019597,0.044604,1008.01,0.017873,0.0443455,0.000689,0,0.122438362324617,-0.108965,0.088599,0.0578073985235507,0.08139295,0.108965,1.019597,2603.14162043592,3718.43671346984,-1115.29509303392,-0.299936553711893,0,0.175984871670753,0.0101806161233333
"2003-09-30",-0.01083276007,-0.016561,995.97,-0.011944,0.042006,0.000865,0.038304028,0.246176347313336,-0.058834,0.088599,0.0447129619610839,0.04109375,0.058834,0.989263,2575.1916888573,3718.43671346984,-1143.24502461254,-0.307453134934689,9.576007e-05,0.411604775716065,0.01841636394
"2003-10-31",0.05556,0.070988,1050.71,0.054962,0.0411515,7e-04,0,0.208354871876664,-0.058834,0.082774,0.0409216198281063,0.04109375,0.058834,1.05556,2718.26933909021,3718.43671346984,-1000.16737437963,-0.26897523111166,0,0.383769447702751,0.0157159472733333
"2003-11-28",0.009259,0.021267,1058.2,0.007129,0.0431215,0.000725,0,0.151578044997653,-0.058834,0.082774,0.0386993435966375,0.04109375,0.058834,1.009259,2743.43779490085,3718.43671346984,-974.998918568996,-0.262206672776523,0,0.299691165658222,0.0116060306066667
"2003-12-31",0.0516765732975,0.053166,1111.92,0.050765,0.0428855,0.000831,0.041370681,0.286921495429746,-0.026579,0.082774,0.0329005755244632,0.02034585,0.026579,1.05178,2885.49300392081,3718.43671346984,-832.943709549031,-0.224003734292891,0.0001034267025,0.633506229956059,0.0208466454633333
"2004-01-30",0.019078,0.024211,1131.13,0.017276,0.041887,0.000696,0,0.347282813622836,-0.015246,0.082774,0.0292432263299011,0.01276605,0.015246,1.019078,2940.54243944961,3718.43671346984,-777.89427402023,-0.209199277535731,0,0.843311830542184,0.0246712287966667
"2004-02-27",0.014403,0.020902,1144.94,0.012209,0.040515,0.000623,0,0.387846840924175,-0.010737,0.082774,0.0266196143272553,-0.0002608,0.010737,1.014403,2982.895072205,3718.43671346984,-735.541641264837,-0.197809374730078,0,1.01976138123945,0.0271626454633333
"2004-03-31",-0.0150759561075,-0.00581,1126.21,-0.016359,0.0390295,0.000844,0.037582443,0.353106299814957,-0.014982,0.082774,0.0290389672935742,0.01264725,0.014982,0.985018,2938.20533823323,3718.43671346984,-780.231375236613,-0.209827794677872,9.39561075e-05,0.862762509070768,0.0250705562825
"2004-04-30",-0.015584,-0.024546,1107.3,-0.016791,0.0417005,0.000795,0,0.230191610842743,-0.015584,0.05556,0.0251447188603926,0.0152529,0.015584,0.984416,2892.4163462422,3718.43671346984,-826.020367227639,-0.222141838325612,0,0.671278836395638,0.0168860562825
"2004-05-28",0.013629,0.019374,1120.68,0.012083,0.0457605,0.000603,0,0.183913323896126,-0.015584,0.05556,0.0225156948349705,0.0152529,0.015584,1.013629,2931.83708862514,3718.43671346984,-786.599624844705,-0.211540409440152,0,0.604270057504986,0.0136092229491667
"2004-06-30",0.0193917656975,0.03032,1140.84,0.017989,0.046137,0.000817,0.038493721,0.191712440119641,-0.015584,0.05556,0.0225554774579493,0.0152529,0.015584,1.019488,2988.97272980826,3718.43671346984,-729.463983661578,-0.196174908939322,9.62343025e-05,0.628598309832652,0.014180968568125
"2004-07-30",-0.032954,-0.043144,1101.72,-0.034291,0.0452765,0.000919,0,0.132139227736173,-0.032954,0.05556,0.026399998396895,0.0234005,0.032954,0.967046,2890.47412247016,3718.43671346984,-827.96259099968,-0.222664160990136,0,0.375789543405815,0.00992005190145833
"2004-08-31",0.003807,-0.002948,1104.24,0.002287,0.042957,0.001116,0,0.114606341305598,-0.032954,0.05556,0.0263102113583243,0.0234005,0.032954,1.003807,2901.47815745441,3718.43671346984,-816.958556015436,-0.219704843451025,0,0.325725254319099,0.00856863523479167
"2004-09-30",0.0107062146875,0.02757,1114.58,0.009364,0.0411805,0.001185,0.044314125,0.138891314139416,-0.032954,0.05556,0.025535152911321,0.0234005,0.032954,1.010817,2932.86344668359,3718.43671346984,-785.573266786252,-0.211264390742635,0.0001107853125,0.404950065134173,0.01033688313125
"2004-10-29",0.014973,0.024507,1130.2,0.014014,0.0407145,0.001129,0,0.0951001684281569,-0.032954,0.05178,0.0214919969015953,0.0234005,0.032954,1.014973,2976.77721107078,3718.43671346984,-741.659502399059,-0.199454652465224,0,0.322172542656518,0.00691888313125
"2004-11-30",0.040559,0.058717,1173.82,0.038595,0.0418635,0.001541,0,0.12906234788041,-0.032954,0.05178,0.0234903328388252,0.0234005,0.032954,1.040559,3097.5123179746,3718.43671346984,-620.924395495239,-0.166985333714561,0,0.402871048589657,0.00945921646458333
"2004-12-31",0.03364036028,0.037578,1211.92,0.032458,0.042837,0.001672,0.037455888,0.109690369776767,-0.032954,0.040559,0.0210528117880206,0.0234005,0.032954,1.033734,3202.00379850916,3718.43671346984,-516.432914960684,-0.138884416962089,9.363972e-05,0.374686756278148,0.00788611537979167
"2005-01-31",-0.0238786052575,-0.029473,1181.27,-0.02529,0.041731,0.001661,0.021842103,0.0629736942679611,-0.032954,0.040559,0.0227446650561214,0.0279325,0.032954,0.976176,3125.71926001348,3718.43671346984,-592.717453456366,-0.159399634612384,5.46052575e-05,0.185837358473066,0.00422598160833333
"2005-02-28",0.0210895297175,0.020327,1203.6,0.018903,0.042523,0.001641,0.024988113,0.070045843564261,-0.032954,0.040559,0.0230702859781503,0.0279325,0.032954,1.021152,3191.83447380128,3718.43671346984,-526.60223966856,-0.141619255683705,6.24702825e-05,0.203717252503899,0.00469835908479167
"2005-03-31",-0.0173064984075,-0.012797,1180.59,-0.019118,0.0442905,0.002123,0.026599363,0.0675929305060547,-0.032954,0.040559,0.023264490082755,0.0279325,0.032954,0.98276,3136.80724747295,3718.43671346984,-581.629465996895,-0.156417739715718,6.64984075e-05,0.189457060131416,0.00440589722645833
"2005-04-29",-0.0189873262525,-0.030961,1156.85,-0.020109,0.0433955,0.002072,0.024530501,0.0639685526274434,-0.032954,0.040559,0.0235607327577759,0.0279325,0.032954,0.981074,3077.44003350727,3718.43671346984,-640.996679962567,-0.172383377573858,6.13262525e-05,0.170474692270675,0.00401587003875
"2005-05-31",0.0319455524275,0.048563,1191.5,0.029952,0.040893,0.002395,0.019379029,0.0832456081073114,-0.032954,0.040559,0.024709838776561,0.0279325,0.032954,1.031994,3175.89964993931,3718.43671346984,-542.537063530536,-0.145904611355956,4.84475725e-05,0.218293616444691,0.005392916074375
"2005-06-30",0.00166567759,0.014499,1191.33,-0.000143,0.03947,0.002263,0.020528964,0.0643632301865562,-0.032954,0.040559,0.0244219276674145,0.0279325,0.032954,1.001717,3181.35266963825,3718.43671346984,-537.08404383159,-0.144438129573654,5.132241e-05,0.155419384371132,0.00379524206541667
"2005-07-29",0.03731152353,0.051383,1234.18,0.035968,0.040945,0.002383,0.020990588,0.141757577115511,-0.023824,0.040559,0.0227386877707989,0.0211301,0.023824,1.037364,3300.22073078662,3718.43671346984,-418.215982683226,-0.112470915847044,5.247647e-05,0.418966872432308,0.00952870235958333
"2005-08-31",-0.0092073061225,-0.009789,1220.33,-0.011222,0.0414485,0.00292,0.019322449,0.127009693563315,-0.023824,0.040559,0.0234270276175281,0.0211301,0.023824,0.990841,3269.99400911334,3718.43671346984,-448.442704356501,-0.120599794728801,4.83061225e-05,0.353943934966333,0.00829384351604167
"2005-09-30",0.00798946886,0.008281,1228.81,0.006949,0.0416885,0.002848,0.031012456,0.123943583023722,-0.023824,0.040559,0.0234345693294989,0.0211301,0.023824,1.008067,3296.37305078486,3718.43671346984,-422.063662684984,-0.113505673272878,7.753114e-05,0.338254461934498,0.00792886469708333
"2005-10-31",-0.0157427322775,-0.023467,1207.01,-0.017741,0.044373,0.002728,0.028292911,0.0900084427768766,-0.023824,0.040559,0.0244932825763236,0.0211301,0.023824,0.984328,3244.71229233296,3718.43671346984,-473.724421136884,-0.127398812361346,7.07322775e-05,0.213719909414143,0.005235970340625
"2005-11-30",0.038242449095,0.043744,1249.48,0.035186,0.045173,0.003045,0.018620362,0.0876305678412856,-0.023824,0.038289,0.0242218475886143,0.0211301,0.023824,1.038289,3368.94908129409,3718.43671346984,-349.487632175747,-0.0939877854878495,4.6550905e-05,0.20302219186405,0.00491759109854167
"2005-12-30",-0.000110633375,0.008022,1248.29,-0.000952,0.0443755,0.00316,0.02025335,0.0520746246202748,-0.023824,0.038289,0.0227902188981204,0.0211301,0.023824,0.99994,3368.74694434922,3718.43671346984,-349.689769120625,-0.0940421462207202,5.0633375e-05,0.0869095281915433,0.00198100829395833
"2006-01-31",0.0263674575375,0.041378,1280.08,0.025467,0.0445315,0.003488,0.029816985,0.106248854555412,-0.018926,0.038289,0.0217098174021884,0.0179987,0.018926,1.026442,3457.8233510517,3718.43671346984,-260.613362418143,-0.0700868086510883,7.45424625e-05,0.277067893268223,0.00601593019354167
"2006-02-28",0.0023768458475,0.002951,1280.66,0.000453,0.045331,0.003322,0.019261661,0.0859612555503089,-0.018926,0.038289,0.0214014184341231,0.0179987,0.018926,1.002425,3466.208572678,3718.43671346984,-252.228140791843,-0.0678317691620673,4.81541525e-05,0.201661593431223,0.00431645653770833
"2006-03-31",0.01285102352,0.017915,1294.83,0.011065,0.046991,0.003642,0.023190592,0.119276251982384,-0.018926,0.038289,0.0200081434186335,0.0171363,0.018926,1.012909,3510.9538591427,3718.43671346984,-207.482854327142,-0.0557984094701804,5.797648e-05,0.334976469213543,0.00670300003166667
"2006-04-28",0.0120049362775,0.010538,1310.61,0.012187,0.0494885,0.003559,0.023625489,0.154631761402606,-0.015672,0.038289,0.0178756040677757,0.01208985,0.015672,1.012064,3553.3100064994,3718.43671346984,-165.126706970444,-0.0444075614820285,5.90637225e-05,0.512476289261294,0.00916177190916667
"2006-05-31",-0.0283670522325,-0.028304,1270.09,-0.030917,0.0508455,0.004195,0.019220893,0.0871514219573419,-0.028319,0.038289,0.0201394166798481,0.02136315,0.028319,0.971681,3452.68382042534,3718.43671346984,-265.752893044501,-0.071468983748419,4.80522325e-05,0.197914246649031,0.00398572152083333
"2006-06-30",0.0015368869225,-0.00196,1270.2,8.7e-05,0.051275,0.00397,0.020045231,0.087010334519618,-0.028319,0.038289,0.0201426526259727,0.02136315,0.028319,1.001587,3458.16322964836,3718.43671346984,-260.273483821486,-0.0699954050256277,5.01130775e-05,0.190287515315175,0.00383273896520833
"2006-07-31",0.005498932705,-0.014294,1276.66,0.005086,0.050579,0.003976,0.028826918,0.0536957799704125,-0.028319,0.038289,0.0177587148490793,0.02136315,0.028319,1.005571,3477.42865700073,3718.43671346984,-241.008056469114,-0.0648143494270254,7.2067295e-05,0.0590721029127438,0.00104893972979167
"2006-08-31",0.02409764391,0.03042,1303.82,0.021274,0.048526,0.004283,0.020942436,0.0891177626447612,-0.028319,0.038289,0.0180287367334638,0.02136315,0.028319,1.02415,3561.40855906729,3718.43671346984,-157.028154402547,-0.0422296159656883,5.235609e-05,0.205829311073974,0.00371076889916667
"2006-09-29",0.02643807505,0.026354,1335.85,0.024566,0.046767,0.004047,0.01956998,0.109018770403091,-0.028319,0.038289,0.0188658375720628,0.02136315,0.028319,1.026487,3655.73958757131,3718.43671346984,-62.6971258985322,-0.0168611518037715,4.892495e-05,0.272880243072128,0.00514823608166667
"2006-10-31",0.0324765968,0.036768,1377.94,0.031508,0.0461285,0.004076,0.02016128,0.163323428722938,-0.028319,0.038289,0.0182990846533786,0.01277655,0.028319,1.032527,3774.64982913624,3774.64982913624,0,0,5.04032e-05,0.494814025782888,0.00905418017145833
"2006-11-30",0.018337090705,0.025339,1400.63,0.016467,0.045281,0.004243,0.019163718,0.141022518739975,-0.028319,0.032527,0.0166063412714614,0.01277655,0.028319,1.018385,3844.04676624491,3844.04676624491,0,0,4.7909295e-05,0.439376977829112,0.00729556697229167
"2006-12-29",0.01371887194,0.008267,1418.3,0.012616,0.0458015,0.004036,0.019651224,0.156801524869479,-0.028319,0.032527,0.0162309567185671,0.0118707,0.028319,1.013768,3896.97160212257,3896.97160212257,0,0,4.912806e-05,0.516044640235879,0.00837502574854167
"2007-01-31",0.0152573946175,0.023825,1438.24,0.014059,0.047551,0.004328,0.022242153,0.144259126789244,-0.028319,0.032527,0.0156593823601544,0.0118707,0.028319,1.015313,3956.64592826587,3956.64592826587,0,0,5.56053825e-05,0.471232682483215,0.007379187171875
"2007-02-28",-0.0193333854025,-0.003043,1406.82,-0.021846,0.0468685,0.003837,0.018154161,0.119473932465504,-0.028319,0.032527,0.0178873650980662,0.02335195,0.028319,0.980712,3880.33014160148,3956.64592826587,-76.3157866643924,-0.019288,4.53854025e-05,0.309011456612107,0.00552708456770833
"2007-03-30",0.0108414145275,0.007339,1420.86,0.00998,0.04605,0.004257,0.021034189,0.117246940727926,-0.028319,0.032527,0.0178628799628778,0.02335195,0.028319,1.010894,3922.60245816409,3956.64592826587,-34.0434701017862,-0.00860412347200014,5.25854725e-05,0.297188628563856,0.00530836715166667
"2007-04-30",0.0439443765325,0.043294,1482.37,0.043291,0.0463325,0.004348,0.018649387,0.152492086367551,-0.028319,0.043991,0.0204774806504091,0.02335195,0.028319,1.043991,4095.16166290119,4095.16166290119,0,0,4.66234675e-05,0.385995896572836,0.00790423717291667
"2007-05-31",0.0344171646125,0.03255,1530.62,0.032549,0.0475505,0.004046,0.016734155,0.226951860921115,-0.019288,0.043991,0.0169271369180504,0.00780675,0.019288,1.034459,4236.2768386431,4236.2768386431,0,0,4.18353875e-05,0.776697566445849,0.01314867191
"2007-06-29",-0.016673276965,-0.018468,1503.35,-0.017816,0.0495615,0.003918,0.021310786,0.204648144387463,-0.019288,0.043991,0.0191372827104027,0.0178206,0.019288,0.98338,4165.86991758485,4236.2768386431,-70.4069210582484,-0.01662,5.3276965e-05,0.607937550301593,0.0116354915860417
"2007-07-31",-0.0312639419425,-0.045079,1455.27,-0.031982,0.048816,0.003962,0.026776777,0.160601027900573,-0.031197,0.043991,0.0233943401020547,0.02464705,0.031197,0.968803,4035.90727376595,4236.2768386431,-200.369564877142,-0.0472985058599999,6.69419425e-05,0.366401456956622,0.00857308536541667
"2007-08-31",0.015049632335,0.000895,1473.99,0.012864,0.04634,0.004205,0.017747066,0.150338465865063,-0.031197,0.043991,0.0231374332451602,0.02464705,0.031197,1.015094,4096.82525815618,4236.2768386431,-139.45158048692,-0.0329184295074509,4.4367665e-05,0.338164570737854,0.00782558440083333
"2007-09-28",0.037409348345,0.024308,1526.75,0.035794,0.0455785,0.003347,0.023460662,0.16264438566109,-0.031197,0.043991,0.0239654838067357,0.02464705,0.031197,1.037468,4250.32510692877,4250.32510692877,0,0,5.8651655e-05,0.36707438208825,0.00879819050875
"2007-10-31",0.0172866377975,0.013447,1549.38,0.014822,0.0452865,0.003212,0.029344881,0.145566064806215,-0.031197,0.043991,0.0232247439264025,0.02464705,0.031197,1.01736,4324.11075078506,4324.11075078506,0,0,7.33622025e-05,0.327390123483088,0.007604360591875
"2007-11-30",-0.041447650315,-0.049793,1481.14,-0.044043,0.0420435,0.003395,0.026260126,0.0783350598372956,-0.041382,0.043991,0.0276354696787233,0.03578025,0.041382,0.958618,4145.17039969607,4324.11075078506,-178.940351088987,-0.0413819999999999,6.5650315e-05,0.0974322889064247,0.002692965506875
"2007-12-31",-0.00618337533,-0.016719,1468.36,-0.008628,0.0398055,0.002921,0.026950132,0.0571846444268618,-0.041382,0.043991,0.0277660140721448,0.03578025,0.041382,0.993884,4119.81853753153,4324.11075078506,-204.292213253529,-0.0472449076880001,6.737533e-05,0.0405960946520053,0.00112736156770833
"2008-01-31",-0.061253460565,-0.045038,1378.55,-0.061163,0.0380815,0.00243,0.034984226,-0.0224483598005262,-0.061166,0.043991,0.0333906938535684,0.0502848,0.061166,0.938834,3867.82571686487,4324.11075078506,-456.285033920183,-0.105521125664356,8.7460565e-05,-0.15240975305147,-0.00509037636416667
"2008-02-29",-0.0315021052325,-0.029501,1330.63,-0.034761,0.0355115,0.001325,0.033242093,-0.0345402674627755,-0.061166,0.043991,0.0341571497475827,0.0502848,0.061166,0.968581,3746.3025006667,4324.11075078506,-577.80825011836,-0.133624757417107,8.31052325e-05,-0.17253270418446,-0.00589510301666667
"2008-03-31",-0.00348433519,-0.012729,1322.7,-0.00596,0.034594,0.001869,0.033734076,-0.0481918287707731,-0.061166,0.043991,0.0339001986621514,0.0502848,0.061166,0.9966,3733.56507216443,4324.11075078506,-590.545678620626,-0.136570433241889,8.433519e-05,-0.203177632887891,-0.006889915493125
"2008-04-30",0.0485543106925,0.052409,1385.59,0.047547,0.0356875,0.001025,0.029875723,-0.0439633571669364,-0.061166,0.048629,0.0345127387281153,0.0502848,0.061166,1.048629,3915.12460805871,4324.11075078506,-408.986142726343,-0.0945827168400092,7.46893075e-05,-0.180443839658489,-0.00622883764645833
"2008-05-30",0.0129184988225,0.025677,1400.38,0.010674,0.038937,0.000946,0.027000471,-0.0638084886139579,-0.061166,0.048629,0.0329023021054897,0.0502848,0.061166,1.012986,3965.96641621897,4324.11075078506,-358.144334566092,-0.0828249680008935,6.75011775e-05,-0.235880981695253,-0.007762059795625
"2008-06-30",-0.0829337544025,-0.098363,1280,-0.085962,0.0401425,0.00175,0.036701761,-0.126852758648946,-0.082842,0.048629,0.0398516550908149,0.0709202,0.082842,0.917158,3637.41782636655,4324.11075078506,-686.692924418503,-0.158805582001763,9.17544025e-05,-0.328734145372546,-0.0131030995820833
"2008-07-31",-0.0074197326,-0.003641,1267.38,-0.009859,0.039576,0.00144,0.04549304,-0.10532066105726,-0.082842,0.048629,0.0393167899106576,0.0709202,0.082842,0.992694,3610.84285172712,4324.11075078506,-713.267899057937,-0.164951348419659,0.0001137326,-0.277330231287273,-0.0109059154702083
"2008-08-29",0.0149012443575,0.028359,1282.83,0.012191,0.038789,0.001282,0.021502257,-0.105443172300665,-0.082842,0.048629,0.0393092240608378,0.0709202,0.082842,1.014955,3664.8430065747,4324.11075078506,-659.267744210358,-0.152463195835275,5.37556425e-05,-0.271506336907242,-0.0106746978016667
"2008-09-30",-0.08559272471,-0.103388,1166.36,-0.090791,0.038175,0.00153,0.050289884,-0.211443881347323,-0.085467,0.048629,0.0421512819777007,0.08402325,0.085467,0.914533,3351.61986933178,4324.11075078506,-972.490881453278,-0.224899623876821,0.00012572471,-0.492694209930876,-0.0207734538895833
"2008-10-31",-0.1671213668775,-0.207562,968.75,-0.169425,0.038882,0.000792,0.056546751,-0.35432588468187,-0.16698,0.048629,0.0582902657885257,0.12214785,0.16698,0.83302,2791.96638355076,4324.11075078506,-1532.1443672343,-0.35432588468187,0.0001413668775,-0.616343403707372,-0.0359391209458333
"2008-11-28",-0.0736356111825,-0.103635,896.24,-0.074849,0.034365,0.000228,0.049444473,-0.375966944337719,-0.16698,0.048629,0.0593815909242668,0.12214785,0.16698,0.926488,2586.72335076318,4324.11075078506,-1737.38740002188,-0.401790680247136,0.0001236111825,-0.645713465360935,-0.0383575343514583
"2008-12-31",0.011912167705,0.044007,903.25,0.007822,0.0256615,2.9e-05,0.033132918,-0.364595534121739,-0.16698,0.048629,0.0604529355576541,0.12214785,0.16698,1.011995,2617.75109735558,4324.11075078506,-1706.35965342948,-0.3946151594567,8.2832295e-05,-0.605361618417051,-0.036608572431875
"2009-01-30",-0.082734921475,-0.078402,825.88,-0.085657,0.025263,2.3e-05,0.04796859,-0.379112254211364,-0.16698,0.048629,0.0615937670434766,0.12214785,0.16698,0.917385,2401.48559044755,4324.11075078506,-1922.62516033751,-0.444629028058185,0.000119921475,-0.619935124259777,-0.0381981108410417
"2009-02-27",-0.10369042471,-0.116939,735.09,-0.109931,0.029267,0.000147,0.040969884,-0.425374619182203,-0.16698,0.048629,0.0644478350274057,0.1321144,0.16698,0.896412,2152.72050110427,4324.11075078506,-2171.39024968079,-0.502158796299694,0.00010242471,-0.684285655239985,-0.0441156374641667
"2009-03-31",0.0875459128025,0.109438,797.87,0.085405,0.02838,0.000159,0.035234879,-0.372885709973526,-0.16698,0.087634,0.074169715100051,0.1321144,0.16698,1.087634,2341.37200949804,4324.11075078506,-1982.73874128702,-0.458530980254621,8.80871975e-05,-0.490463019087726,-0.0363872834647917
"2009-04-30",0.0941073222,0.184857,872.81,0.093925,0.028908,0.000125,0.04907112,-0.345614827002048,-0.16698,0.09423,0.0798250093503776,0.1321144,0.16698,1.09423,2561.99949395304,4324.11075078506,-1762.11125683202,-0.407508354524014,0.0001226778,-0.40727769116312,-0.0325161991725
"2009-05-29",0.0545581047675,0.062487,919.14,0.053081,0.0328905,1.7e-05,0.032758093,-0.318706498559151,-0.16698,0.09423,0.0827956333828827,0.1321144,0.16698,1.05464,2701.98714630263,4324.11075078506,-1622.12360448242,-0.375134611015206,8.18952325e-05,-0.349829542147641,-0.02896881534375
"2009-06-30",0.002403792125,-0.004651,919.32,0.000196,0.03496,7.5e-05,0.02888315,-0.255329633334261,-0.16698,0.09423,0.0813306618908641,0.1321144,0.16698,1.002476,2708.67726647688,4324.11075078506,-1615.43348430818,-0.37358744431208,7.2207875e-05,-0.266982434682003,-0.0217177697997917
"2009-07-31",0.074413528635,0.093928,987.48,0.074142,0.035061,0.000119,0.027388546,-0.193976285828526,-0.16698,0.09423,0.0858933028043302,0.1321144,0.16698,1.074482,2910.42496663861,4324.11075078506,-1413.68578414645,-0.326930984339332,6.8471365e-05,-0.172135624630632,-0.0147882480302083
"2009-08-31",0.034688320305,0.057829,1020.62,0.03356,0.0343855,0.000116,0.025071878,-0.17825534702263,-0.16698,0.09423,0.0866928946483802,0.1321144,0.16698,1.034751,3011.56514465427,4324.11075078506,-1312.54560613079,-0.303541162976108,6.2679695e-05,-0.150410604566079,-0.0130421583679167
"2009-09-30",0.0364607744625,0.052527,1057.08,0.035723,0.033514,7.9e-05,0.029290215,-0.0686325456498067,-0.16698,0.09423,0.0845048497085531,0.1321144,0.16698,1.036534,3121.58966564907,4324.11075078506,-1202.52108513599,-0.278096735824278,7.32255375e-05,-0.0325374773860862,-0.00275011677020833
"2009-10-30",-0.0183243591075,-0.034448,1036.19,-0.019762,0.0334405,4e-05,0.026143643,0.0976466543434888,-0.103588,0.09423,0.0673539600284583,0.09205285,0.103588,0.981741,3064.59255994398,4324.11075078506,-1259.51819084108,-0.291277967524862,6.53591075e-05,0.144179292846966,0.00971230054395834
"2009-11-30",0.0602050961325,0.054502,1095.63,0.057364,0.032903,4e-06,0.020761547,0.256128032736813,-0.103588,0.09423,0.063238305139621,0.09205285,0.103588,1.060257,3249.25571382853,4324.11075078506,-1074.85503695653,-0.248572504014008,5.19038675e-05,0.330214217133432,0.020884359486875
"2009-12-31",0.018921742305,0.048224,1115.1,0.017771,0.035173,6.2e-05,0.024503078,0.264801813430161,-0.103588,0.09423,0.0631795414951539,0.09205285,0.103588,1.018983,3310.93633504413,4324.11075078506,-1013.17441574093,-0.234308155857706,6.1257695e-05,0.339722827120902,0.0214657407035417
"2010-01-29",-0.035810458775,-0.030955,1073.87,-0.036974,0.037106,2.8e-05,0.02378351,0.329413369303204,-0.103588,0.09423,0.0573276167518498,0.06627765,0.103588,0.964249,3192.56705012997,4324.11075078506,-1131.54370065509,-0.261682404977637,5.9458775e-05,0.44265596940425,0.0253756959285417
"2010-02-26",0.030375364645,0.043365,1104.49,0.028514,0.0359805,1e-05,0.019454142,0.52815830405091,-0.035751,0.09423,0.0404590211413931,0.0261304,0.035751,1.030424,3289.69771006312,4324.11075078506,-1034.41304072193,-0.239219830466676,4.8635355e-05,0.903859366923065,0.036559261708125
"2010-03-31",0.06092816492,0.071014,1169.43,0.058796,0.037187,6.8e-05,0.034334032,0.490756407775292,-0.035751,0.09423,0.0380718303787244,0.0261304,0.035751,1.061014,3490.41532614491,4324.11075078506,-833.695424640143,-0.19280158920277,8.583508e-05,0.902457874286688,0.0343486993845833
"2010-04-30",0.015915975685,0.028049,1186.69,0.014759,0.0373945,0.000111,0.024409726,0.384146132807835,-0.035751,0.074482,0.0333117301380141,0.0261304,0.035751,1.015977,3546.18169181073,4324.11075078506,-777.929058974326,-0.179904980193463,6.1024315e-05,0.835636207615912,0.0278339205083333
"2010-05-28",-0.0801637059475,-0.073486,1089.41,-0.081976,0.03469,0.000112,0.021082379,0.207294244445941,-0.080111,0.074482,0.0443753931146906,0.055713,0.080111,0.919889,3262.09353029808,4324.11075078506,-1062.01722048698,-0.245603612325185,5.27059475e-05,0.374094119361694,0.0165991862820833
"2010-06-30",-0.05358648034,-0.061839,1030.71,-0.053882,0.0310795,0.000127,0.024592136,0.139851547580163,-0.080111,0.074482,0.0487408128095268,0.0654887,0.080111,0.946475,3087.48997408888,4324.11075078506,-1236.62077669618,-0.285982678975479,6.148034e-05,0.244762507375234,0.01192899691
"2010-07-30",0.0703945021325,0.073614,1101.6,0.068778,0.0291815,0.000142,0.022599147,0.135575308808089,-0.080111,0.070451,0.0482832753899978,0.0654887,0.080111,1.070451,3305.00673025341,4324.11075078506,-1019.10402053165,-0.235679444691981,5.64978675e-05,0.240098676689181,0.011592161368125
"2010-08-31",-0.0454978795225,-0.048287,1049.33,-0.047449,0.0268675,0.000126,0.025551809,0.0475772241125669,-0.080111,0.070451,0.0503133586514345,0.0654887,0.080111,0.954566,3154.84705447108,4324.11075078506,-1169.26369631398,-0.270405584801845,6.38795225e-05,0.0975754688756581,0.00490914471583333
"2010-09-30",0.09032613789,0.104307,1141.2,0.087551,0.0248905,0.000125,0.022744844,0.101999930884595,-0.080111,0.090383,0.0555100067743045,0.0654887,0.080111,1.090383,3439.99159579534,4324.11075078506,-884.119154989718,-0.20446265277299,5.686211e-05,0.169234675341627,0.009394091668125
"2010-10-29",0.0386735758825,0.035946,1183.26,0.036856,0.0255455,0.000112,0.020969647,0.165965341376221,-0.080111,0.090383,0.0553534710841209,0.0654887,0.080111,1.038726,3573.20871033411,4324.11075078506,-750.902040450948,-0.173654673464277,5.24241175e-05,0.255414812887445,0.0141379195839583
"2010-11-30",-0.0001090873375,0.008205,1180.55,-0.00229,0.0269805,0.000114,0.023234935,0.0996445929088989,-0.080111,0.090383,0.0535068570318258,0.0654887,0.080111,0.999949,3573.02647668988,4324.11075078506,-751.084274095176,-0.17369681707593,5.80873375e-05,0.170124095768504,0.00910257096145833
"2010-12-31",0.06699701796,0.072134,1257.64,0.0653,0.0304515,0.00014,0.022792816,0.151520841311202,-0.080111,0.090383,0.0560406791641058,0.0654887,0.080111,1.067054,3812.61219405785,4324.11075078506,-511.498556727212,-0.11828988344814,5.698204e-05,0.233804989855746,0.0131023439327083
"2011-01-31",0.02328943733,0.021935,1286.12,0.022646,0.0333195,6.6e-05,0.023825068,0.222098961404136,-0.080111,0.090383,0.0538975566851484,0.0654887,0.080111,1.023349,3901.6328761769,4324.11075078506,-422.477874608156,-0.0977028339367703,5.956267e-05,0.334422107136079,0.018024168608125
"2011-02-28",0.032460509775,0.041109,1327.22,0.031957,0.033988,0.000122,0.01899609,0.224570617960628,-0.080111,0.090383,0.0539439045492883,0.0654887,0.080111,1.032508,4028.46715771566,4324.11075078506,-295.643593069397,-0.0683709576623867,4.7490225e-05,0.337182560576991,0.0181885973689583
"2011-03-31",0.000574348925,0.009007,1325.83,-0.001047,0.0344875,6.7e-05,0.02026043,0.154872579058196,-0.080111,0.090383,0.0523978386773787,0.0654887,0.080111,1.000625,4030.98494968923,4324.11075078506,-293.125801095824,-0.0677886895109258,5.0651075e-05,0.251135571065461,0.0131591960360417
"2011-04-29",0.0293937505825,0.031626,1363.61,0.028495,0.033783,5.3e-05,0.018899767,0.170177260566183,-0.080111,0.090383,0.0526034370936026,0.0654887,0.080111,1.029441,4149.66117759303,4324.11075078506,-174.449573192023,-0.0403434563188169,4.72494175e-05,0.271595486471619,0.0142871772775
"2011-05-31",-0.01135945795,-0.005579,1345.2,-0.013501,0.031735,1.3e-05,0.01858318,0.25769418399111,-0.053525,0.090383,0.0444825533940504,0.04907495,0.053525,0.988687,4102.71606069092,4324.11075078506,-221.394690094133,-0.051200050797482,4.645795e-05,0.450255185427687,0.020029114610625
"2011-06-30",-0.0165854721575,-0.019098,1320.64,-0.018258,0.0311035,3.5e-05,0.016188863,0.306833919244541,-0.045434,0.090383,0.0399632545626908,0.02954505,0.045434,0.983455,4034.83662346679,4324.11075078506,-289.274127318265,-0.0668979459570378,4.04721575e-05,0.578550119837733,0.0231201986258333
"2011-07-29",-0.01989183245,-0.035333,1292.28,-0.021474,0.0297805,-2.8e-05,0.02553298,0.196619010392592,-0.045434,0.090383,0.0387523443102205,0.0313507,0.045434,0.980172,3954.83388289669,4324.11075078506,-369.276867888364,-0.0853994934846015,6.383245e-05,0.402823533755938,0.0156105040772917
"2011-08-31",-0.0543937543375,-0.063472,1218.89,-0.056791,0.0250975,8.3e-05,0.028301735,0.185475992116873,-0.054323,0.090383,0.0400899206371997,0.03535075,0.054323,0.945677,3739.9954418761,4324.11075078506,-584.115308908961,-0.135083336800038,7.07543375e-05,0.370969942378297,0.014872764509375
"2011-09-30",-0.0703220805625,-0.090694,1131.42,-0.071762,0.020694,-1e-06,0.033632225,0.0108471329638924,-0.070238,0.067054,0.0394426045757592,0.06148475,0.070238,0.929762,3477.3056420296,4324.11075078506,-846.805108755455,-0.195833353389877,8.40805625e-05,0.0379194503586478,0.00149591297166667
"2011-10-31",0.1089416828475,0.13445,1253.3,0.107723,0.0201435,1.4e-05,0.028926861,0.0792486395034089,-0.070238,0.109014,0.0494131334960809,0.06148475,0.070238,1.109014,3856.38063928982,4324.11075078506,-467.73011149524,-0.108167930576321,7.23171525e-05,0.148935710275804,0.00735975521875
"2011-11-30",-0.002777681515,-0.006582,1246.96,-0.005059,0.0209065,4e-06,0.020272606,0.0763604228450483,-0.070238,0.109014,0.0494562025146922,0.06148475,0.070238,0.997273,3845.86428928647,4324.11075078506,-478.246461498583,-0.110599956629639,5.0681515e-05,0.144495427502955,0.00714653903729167
"2011-12-30",0.00936931354,0.001153,1257.6,0.008533,0.019721,0,0.023074584,0.0182308229491748,-0.070238,0.109014,0.0457828079758277,0.06148475,0.070238,1.009427,3882.11925194158,4324.11075078506,-441.991498843479,-0.102215582420787,5.768646e-05,0.0514553087702434,0.00235589700229167
"2012-01-31",0.0451331562425,0.056398,1312.41,0.043583,0.0183665,-2e-06,0.028737503,0.0399775123643957,-0.070238,0.109014,0.0471054636446964,0.06148475,0.070238,1.045205,4057.6104527256,4324.11075078506,-266.50029805946,-0.0616312378241183,7.18437575e-05,0.0887742367990503,0.00418187357833333
"2012-02-29",0.0432862352175,0.041965,1365.68,0.040589,0.018838,3.1e-05,0.021905913,0.0508888819532449,-0.070238,0.109014,0.0477945792193006,0.06148475,0.070238,1.043341,4233.47134735718,4324.11075078506,-90.6394034278801,-0.0209613973026533,5.47647825e-05,0.1065285713575,0.00509160069854167
"2012-03-30",0.032804528895,0.023131,1408.47,0.031332,0.0208965,4.6e-05,0.024588442,0.0847494275552982,-0.070238,0.109014,0.0484178011479249,0.06148475,0.070238,1.032866,4372.60861665942,4372.60861665942,0,0,6.1471105e-05,0.16066466448584,0.007779199029375
"2012-04-30",-0.0060810223275,-0.007804,1397.91,-0.007497,0.0206125,2.9e-05,0.018808931,0.047368474258777,-0.070238,0.109014,0.0480620326947373,0.06148475,0.070238,0.993966,4346.2242962665,4372.60861665942,-26.3843203929227,-0.00603399999999996,4.70223275e-05,0.10039002534234,0.00482496795354167
"2012-05-31",-0.05985788183,-0.070752,1310.33,-0.062651,0.0173575,6.5e-05,0.027152732,-0.00398577792279597,-0.070238,0.109014,0.0514657981770418,0.0644916,0.070238,0.94021,4086.36354559272,4372.60861665942,-286.245071066697,-0.0654632271400001,6.788183e-05,0.0151378113219185,0.000779099296875001
"2012-06-29",0.041421199555,0.038297,1362.16,0.039555,0.0160135,2.2e-05,0.017520178,0.054765039372046,-0.070238,0.109014,0.0523979094947904,0.0644916,0.070238,1.041465,4255.80461001072,4372.60861665942,-116.804006648694,-0.0267126598533599,4.3800445e-05,0.107136444142749,0.00561407193958333
"2012-07-31",0.0143143323375,0.002866,1379.32,0.012598,0.015564,3.2e-05,0.019467065,0.0915580424992211,-0.070238,0.109014,0.051809989874643,0.0644916,0.070238,1.014363,4316.93073162431,4372.60861665942,-55.6778850351111,-0.0127333337868341,4.86676625e-05,0.163270500078916,0.008459585671875
"2012-08-31",0.0226942964875,0.03079,1406.58,0.019763,0.0150815,5e-05,0.019881405,0.180513471954825,-0.070238,0.109014,0.0479402428262772,0.0644916,0.070238,1.022744,4415.11500418437,4415.11500418437,0,0,4.97035125e-05,0.310502695366723,0.0148863399072917
"2012-09-28",0.025078071965,0.024009,1440.67,0.024236,0.0159095,6.7e-05,0.016771214,0.301588976932087,-0.05979,0.109014,0.0397330365927245,0.0302242,0.05979,1.02512,4526.02269308948,4526.02269308948,0,0,4.1928035e-05,0.574634651332721,0.02283068595125
"2012-10-31",-0.0178964166125,-0.007577,1412.16,-0.019789,0.016618,3.7e-05,0.023766645,0.152710907482276,-0.05979,0.045205,0.0305597901353009,0.03671585,0.05979,0.982163,4445.29202631285,4526.02269308948,-80.7306667766379,-0.0178370000000002,5.94166125e-05,0.401116738287836,0.0122589276629167
"2012-11-30",0.0052796699375,0.01364,1416.18,0.002847,0.0165285,8.5e-05,0.018532025,0.162019071784282,-0.05979,0.045205,0.0302859124476691,0.03671585,0.05979,1.005326,4468.96765164499,4526.02269308948,-57.0550414444961,-0.0126059998620003,4.63300625e-05,0.426689376801072,0.0129236236172917
"2012-12-31",0.0084605341175,0.024486,1426.19,0.007068,0.016865,0.000103,0.018986353,0.160961149292641,-0.05979,0.045205,0.030296973740638,0.03671585,0.05979,1.008508,4506.98962842518,4526.02269308948,-19.0330646643006,-0.00420525170882617,4.74658825e-05,0.423752637304709,0.0128393086654167
"2013-01-31",0.0523059997875,0.065471,1498.11,0.050428,0.0187115,2.2e-05,0.022000085,0.168909674208173,-0.05979,0.052361,0.0310508293388242,0.03671585,0.05979,1.052361,4742.98011235916,4742.98011235916,0,0,5.50002125e-05,0.43262942424341,0.0134350456275
"2013-02-28",0.01297267801,0.011986,1514.68,0.011061,0.0193025,5.4e-05,0.016128796,0.13493162427111,-0.05979,0.052361,0.0296049529367362,0.03671585,0.05979,1.013013,4804.70051256128,4804.70051256128,0,0,4.032199e-05,0.368367140022418,0.0109069991935417
"2013-03-28",0.0375398606425,0.042925,1569.19,0.035988,0.018621,4.1e-05,0.017655743,0.140115847009888,-0.05979,0.052361,0.0299509222758539,0.03671585,0.05979,1.037584,4985.28037662539,4985.28037662539,0,0,4.41393575e-05,0.377285184010703,0.0113020268391667
"2013-04-30",0.01957280041,0.015737,1597.57,0.018086,0.0176015,3.7e-05,0.019279836,0.169543083006933,-0.05979,0.052361,0.0295055142545295,0.03671585,0.05979,1.019621,5083.09656289515,5083.09656289515,0,0,4.819959e-05,0.455395256943458,0.0134391787339583
"2013-05-31",0.0230610175225,0.028394,1630.74,0.020763,0.0189995,1.2e-05,0.023592991,0.272676230933571,-0.017837,0.052361,0.0183847892019463,0.00509735,0.017837,1.02312,5200.61775542929,5200.61775542929,0,0,5.89824775e-05,1.10700082349591,0.02035350368
"2013-06-28",-0.013646219805,-0.010495,1606.28,-0.014999,0.0230695,1.3e-05,0.018087922,0.205385261642632,-0.017837,0.052361,0.0195006917398674,0.0155072,0.017837,0.986399,5129.8841533377,5200.61775542929,-70.7336020915927,-0.0136009999999998,4.5219805e-05,0.808438107165595,0.0157653020666667
"2013-07-31",0.0506222968475,0.055144,1685.73,0.049462,0.0253095,9e-06,0.019881261,0.248531880224917,-0.017837,0.052361,0.0219147253045582,0.0155072,0.017837,1.050672,5389.82564315562,5389.82564315562,0,0,4.97031525e-05,0.85754195190543,0.0187928824425
"2013-08-30",-0.02924912765,-0.027829,1632.97,-0.031298,0.0268005,9e-06,0.01685106,0.185111826223559,-0.029207,0.052361,0.0258596596980117,0.0229535,0.029207,0.970793,5232.40500559598,5389.82564315562,-157.420637559646,-0.0292069999999999,4.212765e-05,0.559489167361141,0.0144676804310417
"2013-09-30",0.0316159196275,0.040402,1681.55,0.029749,0.0269695,8e-06,0.017632149,0.192672532622324,-0.029207,0.052361,0.0261695827886754,0.0229535,0.029207,1.03166,5398.06294807315,5398.06294807315,0,0,4.40803725e-05,0.573869777012525,0.01501741773625
"2013-10-31",0.04622034885,0.042828,1756.54,0.044596,0.025821,1.7e-05,0.01906046,0.270517322849358,-0.029207,0.052361,0.0253650583144501,0.0206237,0.029207,1.046268,5647.8205245546,5647.8205245546,0,0,4.765115e-05,0.802838548343062,0.0203621481914583
"2013-11-29",0.03077074921,0.023739,1805.81,0.028049,0.0264935,3.2e-05,0.018500316,0.30273250188258,-0.029207,0.052361,0.0250493271729638,0.0206237,0.029207,1.030817,5821.8694096598,5821.8694096598,0,0,4.625079e-05,0.897943382879087,0.0224908214641667
"2013-12-31",0.025909343745,0.029739,1848.36,0.023563,0.0288635,2.3e-05,0.016262502,0.325263072089099,-0.029207,0.052361,0.0246623730462567,0.0206237,0.029207,1.02595,5972.94692084047,5972.94692084047,0,0,4.0656255e-05,0.971267838017135,0.0239515555997917
"2014-01-31",-0.0347272625425,-0.029735,1782.59,-0.035583,0.028361,1.2e-05,0.024505017,0.215667914747941,-0.034666,0.050672,0.0281239350056948,0.03166355,0.034666,0.965334,5765.88874288261,5972.94692084047,-207.058177957855,-0.0346659999999999,6.12625425e-05,0.593758525097695,0.0166996170722917
"2014-02-28",0.045714381085,0.053918,1859.45,0.043117,0.026458,4.5e-05,0.017047566,0.254962405737205,-0.034666,0.050672,0.0292906216714756,0.03166355,0.034666,1.045757,6029.71851409069,6029.71851409069,0,0,4.2618915e-05,0.663271763116553,0.0194288423285417
"2014-03-31",0.00799940223,0.007246,1872.34,0.006932,0.026828,2.8e-05,0.022639108,0.219248160031211,-0.034666,0.050672,0.0288703971982784,0.03166355,0.034666,1.008056,6078.29392644021,6078.29392644021,0,0,5.659777e-05,0.587699658845597,0.0169682207941667
"2014-04-30",0.00649357432,0.003358,1883.95,0.006201,0.0268195,1.5e-05,0.024570272,0.203624024730969,-0.034666,0.050672,0.0290101444371646,0.03166355,0.034666,1.006555,6118.13714312802,6118.13714312802,0,0,6.142568e-05,0.547356694473571,0.01588011862
"2014-05-30",0.0232708502125,0.023075,1923.57,0.02103,0.025609,8e-06,0.015259915,0.203846369070513,-0.034666,0.050672,0.0290144429327356,0.03166355,0.034666,1.023309,6260.74480179719,6260.74480179719,0,0,3.81497875e-05,0.547880776331753,0.0158979380108333
"2014-06-30",0.0205784687675,0.028313,1960.23,0.019058,0.0250315,2e-05,0.022612493,0.245629546356275,-0.034666,0.050672,0.0274859620065269,0.03166355,0.034666,1.020635,6389.93527078228,6389.93527078228,0,0,5.65312325e-05,0.682068072212325,0.0187494120585417
"2014-07-31",-0.014022112865,-0.022524,1930.67,-0.01508,0.025441,1.3e-05,0.019245146,0.168988151464484,-0.034666,0.046268,0.0270059431337892,0.03166355,0.034666,0.986026,6300.64231530837,6389.93527078228,-89.2929554739121,-0.0139740000000001,4.8112865e-05,0.494723388437497,0.0133620445825
"2014-08-29",0.039741340705,0.04278,2003.37,0.037655,0.0245045,3e-06,0.014263718,0.252055786522241,-0.034666,0.046268,0.0243127636301045,0.0232854,0.034666,1.039777,6551.26296468439,6551.26296468439,0,0,3.5659295e-05,0.785893102887736,0.01911175027875
"2014-09-30",-0.0139722322025,-0.025297,1972.29,-0.015514,0.0241595,4e-06,0.017692881,0.196728722183238,-0.034666,0.046268,0.0257069041180251,0.0232854,0.034666,0.986072,6460.01697411226,6551.26296468439,-91.2459905721244,-0.013928,4.42322025e-05,0.595568577649696,0.0153130709595833
"2014-10-31",0.0239195910325,0.029874,2018.05,0.023201,0.0241205,1.2e-05,0.020963587,0.171226400034614,-0.034666,0.045757,0.024021973275745,0.0232854,0.034666,1.023972,6614.87650101568,6614.87650101568,0,0,5.24089675e-05,0.560002329958102,0.0134550911414583
"2014-11-28",0.0275769355925,0.024246,2067.56,0.024534,0.0224965,-1e-06,0.021625763,0.167606429360371,-0.034666,0.045757,0.0238302825864805,0.0232854,0.034666,1.027631,6797.65215361525,6797.65215361525,0,0,5.40644075e-05,0.553464830850668,0.0131916900066667
"2014-12-31",-0.00251871148,0.003469,2058.9,-0.004189,0.021676,5e-06,0.018284592,0.13525896842981,-0.034666,0.045757,0.0238664029451,0.0232854,0.034666,0.997527,6780.84155983936,6797.65215361525,-16.8105937758901,-0.00247299999999994,4.571148e-05,0.453460694941423,0.0108241854045833
"2015-01-30",-0.02949841492,-0.028079,1994.99,-0.031041,0.0190595,1.3e-05,0.027365968,0.141416646454927,-0.02943,0.045757,0.0229896241713056,0.0209292,0.02943,0.97057,6581.28139273328,6797.65215361525,-216.370760881962,-0.0318302196099999,6.841492e-05,0.489676341366972,0.011259839373125
"2015-02-27",0.0569266526125,0.058577,2104.5,0.054893,0.0181685,-2.1e-05,0.019738955,0.153661894018728,-0.02943,0.056976,0.0246829673876665,0.0209292,0.02943,1.056976,6956.25648136565,6956.25648136565,0,0,4.93473875e-05,0.494181390415734,0.01219969533375
"2015-03-31",-0.01503827116,-0.008459,2067.89,-0.017396,0.0195805,-8e-06,0.018108464,0.127283644203998,-0.02943,0.056976,0.0259062381306768,0.02148965,0.02943,0.985007,6851.96132794054,6956.25648136565,-104.295153425115,-0.014993,4.527116e-05,0.396881379460675,0.0102828892179167
"2015-04-30",0.0090467659675,0.003948,2085.51,0.008521,0.019774,2.9e-05,0.021693613,0.130135017609468,-0.02943,0.056976,0.0258828539143194,0.02148965,0.02943,1.009101,6914.32102798613,6956.25648136565,-41.9354533795276,-0.00602845129299989,5.42340325e-05,0.405416373935443,0.010494488521875
"2015-05-29",0.0124819272975,0.008756,2107.39,0.010491,0.0207655,-5e-06,0.016029081,0.11822193325767,-0.02943,0.056976,0.0255850611182432,0.02148965,0.02943,1.012522,7000.90215589857,7000.90215589857,0,0,4.00727025e-05,0.375046265790543,0.009596494945625
"2015-06-30",-0.0193919275725,-0.021924,2063.11,-0.021012,0.0223725,4e-06,0.019571029,0.0744214791797924,-0.02943,0.056976,0.0266072317607394,0.02388215,0.02943,0.980657,6865.48370549702,7000.90215589857,-135.418450401547,-0.0193430000000001,4.89275725e-05,0.235512717061284,0.00626696191729167
"2015-07-31",0.0212242270075,0.009476,2103.84,0.019742,0.022666,-3.7e-05,0.029109197,0.11285446166925,-0.02943,0.056976,0.0261050294090424,0.02388215,0.02943,1.021297,7011.69791197299,7011.69791197299,0,0,7.27729925e-05,0.352717774103057,0.00920832357333333
"2015-08-31",-0.0601150521525,-0.053687,1972.18,-0.062581,0.02199,2.7e-05,0.016820861,0.00598681793633982,-0.060073,0.056976,0.0309559180687195,0.04321935,0.060073,0.939927,6590.48418330704,7011.69791197299,-421.213728665954,-0.0600730000000001,4.20521525e-05,0.0285893851861049,0.000884957501875002
"2015-09-30",-0.02460217646,-0.033593,1920.03,-0.026443,0.0212735,-6e-06,0.022070584,-0.00484664454881945,-0.060073,0.056976,0.0315653048120684,0.04321935,0.060073,0.975453,6428.7075680594,7011.69791197299,-582.990343913592,-0.0831453880690001,5.517646e-05,-1.19924198780562e-06,-3.78529166643173e-08
"2015-10-30",0.0833951682575,0.073634,2079.36,0.082983,0.0208945,-2.7e-05,0.021532697,0.052956436123474,-0.060073,0.083449,0.0393677243855351,0.04321935,0.060073,1.083449,6965.17678590639,7011.69791197299,-46.5211260666038,-0.00663478755797016,5.38317425e-05,0.125983192249777,0.00495951024916667
"2015-11-30",0.0033287211425,0.002899,2080.41,0.000505,0.0217405,2e-05,0.017711543,0.0281006102214887,-0.060073,0.083449,0.0387179960603828,0.04321935,0.060073,1.003373,6988.67032720525,7011.69791197299,-23.0275847677412,-0.00328416669640316,4.42788575e-05,0.0758605122168201,0.00293707571166667
"2015-12-31",-0.0153146315925,-0.025283,2043.94,-0.01753,0.022377,0.000103,0.027052637,0.0149350947066511,-0.060073,0.083449,0.0390559232805404,0.04321935,0.060073,0.984753,6882.11407072635,7011.69791197299,-129.58384124664,-0.0184810930067832,6.76315925e-05,0.0476907412946514,0.00186258236895834
"2016-01-29",-0.04917889112,-0.055963,1940.24,-0.050735,0.0209515,3.7e-05,0.031556448,-0.00563402788407386,-0.060073,0.083449,0.0408624517496494,0.05403785,0.060073,0.9509,6544.20226985369,7011.69791197299,-467.495642119304,-0.0666736713401501,7.889112e-05,0.00539702069333203,0.000220542685625002
"2016-02-29",-0.001796709785,0.011832,1932.23,-0.004128,0.018278,0.000205,0.021883914,-0.0608738641251076,-0.060073,0.083449,0.0367670961457718,0.05403785,0.060073,0.998258,6532.8022694996,7011.69791197299,-478.895642473389,-0.0682995258046755,5.4709785e-05,-0.127609024553032,-0.00469190418083333
"2016-03-31",0.0672924313525,0.081025,2059.74,0.065991,0.017517,0.00019,0.019027459,0.0176241284221408,-0.060073,0.083449,0.041967392005309,0.05403785,0.060073,1.06734,6972.72117432771,7011.69791197299,-38.9767376452864,-0.0055588158723625,4.75686475e-05,0.0512870791013254,0.00215248769520834
"2016-04-29",0.0036797603475,0.012821,2065.3,0.002699,0.01801,5.1e-05,0.026895861,0.012224907151354,-0.060073,0.083449,0.0419163937452408,0.05403785,0.060073,1.003747,6998.84796056791,7011.69791197299,-12.84995140508,-0.00183264475543616,6.72396525e-05,0.0406362480793041,0.00170340389354167
"2016-05-31",0.01844406906,0.01448,2096.96,0.015329,0.0183955,0.000115,0.017172376,0.0181881569090461,-0.060073,0.083449,0.0420900320059887,0.05403785,0.060073,1.018487,7128.23566281493,7128.23566281493,0,0,4.293094e-05,0.0520347160393442,0.00219024904041667
"2016-06-30",0.00260973931,-0.000108,2098.86,0.000906,0.0165775,0.000188,0.026104276,0.0410488175057921,-0.060073,0.083449,0.0415368949864291,0.05403785,0.060073,1.002675,7147.30369321296,7147.30369321296,0,0,6.526069e-05,0.096496113606678,0.00400838794729167
"2016-07-29",0.03651621742,0.043329,2173.6,0.03561,0.014614,0.000171,0.021913032,0.0566182156716377,-0.060073,0.083449,0.0423368197917998,0.05403785,0.060073,1.036571,7408.68773657745,7408.68773657745,0,0,5.478258e-05,0.124359760839401,0.00526538714833334
"2016-08-31",0.00120017757,0.002249,2170.95,-0.001219,0.0151655,0.000165,0.018728972,0.125551046609556,-0.0491,0.083449,0.0370899381490656,0.03559585,0.0491,1.001247,7417.92637018496,7417.92637018496,0,0,4.682243e-05,0.279371308900458,0.0103634896252083
"2016-09-30",0.00039822515,0.000625,2168.27,-0.001234,0.015872,0.000219,0.01910994,0.154389850024905,-0.0491,0.083449,0.0356140693542552,0.03048085,0.0491,1.000446,7421.23476534606,7421.23476534606,0,0,4.777485e-05,0.348908214533888,0.0124281064260417
"2016-10-31",-0.0179992811325,-0.024156,2126.15,-0.019426,0.0170995,0.000168,0.022112453,0.0463579536794612,-0.0491,0.06734,0.0286188146519616,0.0319642,0.0491,0.982056,7288.0681287167,7421.23476534606,-133.166636629369,-0.0179439999999999,5.52811325e-05,0.138418767482583,0.003962318976875
"2016-11-30",0.03572723592,0.051613,2198.81,0.034174,0.021032,0.000136,0.033905632,0.0801866551288801,-0.0491,0.06734,0.0300352873023271,0.0319642,0.0491,1.035812,7549.0684245423,7549.0684245423,0,0,8.476408e-05,0.221460413997051,0.00665252854166667
"2016-12-30",0.01916559899,0.01078,2238.83,0.018201,0.024126,0.000239,0.015360404,0.117976344985977,-0.0491,0.06734,0.0293694538670192,0.0319642,0.0491,1.019204,7694.04073456721,7694.04073456721,0,0,3.840101e-05,0.323914892547482,0.009514547756875
"2017-01-31",0.019331280155,0.021092,2278.87,0.017884,0.024487,0.000358,0.021087938,0.198493215329882,-0.017944,0.06734,0.0228230340005974,0.0090329,0.017944,1.019384,7843.18202016606,7843.18202016606,0,0,5.2719845e-05,0.665867599972305,0.0151969786964583
"2017-02-28",0.03941384536,0.03162,2363.64,0.037198,0.024215,0.000364,0.018061856,0.247958502825506,-0.017944,0.06734,0.0231013472058941,0.0078295,0.017944,1.039459,8152.66613949979,8152.66613949979,0,0,4.515464e-05,0.805903918433635,0.0186179416252083
"2017-03-31",0.0016264146225,0.000183,2362.72,-0.000389,0.0238865,0.000353,0.015034151,0.171168611477325,-0.017944,0.039459,0.0177290826968777,0.0078295,0.017944,1.001664,8166.23217595592,8166.23217595592,0,0,3.75853775e-05,0.740798869530673,0.0131321902310417
"2017-04-28",0.010549641955,0.006858,2384.2,0.009091,0.023338,0.000537,0.016543218,0.179154167575575,-0.017944,0.039459,0.0174990533995067,0.0078295,0.017944,1.010591,8252.72074093147,8252.72074093147,0,0,4.1358045e-05,0.780986256986781,0.013664180365
"2017-05-31",0.0144989533475,0.004471,2411.8,0.011576,0.022415,0.000614,0.021218661,0.174598418067324,-0.017944,0.039459,0.0174434196890108,0.0078295,0.017944,1.014552,8372.8143331535,8372.8143331535,0,0,5.30466525e-05,0.762252628404798,0.0132938373889583
"2017-06-30",0.0057468354775,0.013051,2423.41,0.004814,0.0225325,0.000617,0.020465809,0.178256902481142,-0.017944,0.039459,0.0172875800469235,0.0078295,0.017944,1.005798,8421.35991065713,8421.35991065713,0,0,5.11645225e-05,0.782220292840524,0.0135195120695833
"2017-07-31",0.0206534084525,0.015782,2470.3,0.019349,0.0229895,0.000722,0.017036619,0.160211994484595,-0.017944,0.039459,0.0159505839227682,0.0078295,0.017944,1.020696,8595.64837536809,8595.64837536809,0,0,4.25915475e-05,0.76200014204611,0.012151694655625
"2017-08-31",0.0021917962525,-0.010591,2471.65,0.000546,0.022056,0.000827,0.018481499,0.161360332593508,-0.017944,0.039459,0.0158890444265185,0.0078295,0.017944,1.002238,8614.88543643216,8614.88543643216,0,0,4.62037475e-05,0.766682842645923,0.0121791628791667
"2017-09-29",0.0199910037475,0.029365,2519.36,0.019303,0.022253,0.000944,0.023598501,0.184117490861083,-0.017944,0.039459,0.0155228520985265,0.0071596,0.017944,1.02005,8787.61388943262,8787.61388943262,0,0,5.89962525e-05,0.88610057530061,0.0137514777622917
"2017-10-31",0.0240686938925,0.010352,2575.26,0.022188,0.0235645,0.00084,0.025322443,0.234850776483768,0.001664,0.039459,0.011911345747444,-0.0019797,-0.001664,1.024132,8999.67658781241,8999.67658781241,0,0,6.33061075e-05,1.44492077212804,0.0172011423477083
"2017-11-30",0.03134418619,0.038786,2647.58,0.028083,0.023945,0.000826,0.017925524,0.229577865005249,0.001664,0.039459,0.011358879275103,-0.0019797,-0.001664,1.031389,9282.16743622726,9282.16743622726,0,0,4.481381e-05,1.47730804161185,0.0167783882035417
"2017-12-29",0.011110657115,0.013102,2673.61,0.009832,0.0240755,0.000884,0.015337154,0.219860232713169,0.001664,0.039459,0.0114818372817087,-0.0019797,-0.001664,1.011149,9385.65432097375,9385.65432097375,0,0,3.8342885e-05,1.39840731367371,0.0160533930472917
"2018-01-31",0.058000508865,0.044707,2823.81,0.056179,0.025552,0.001121,0.023796454,0.266142413285372,0.001664,0.05806,0.0165815515366819,-0.0019797,-0.001664,1.05806,9930.58541084949,9930.58541084949,0,0,5.9491135e-05,1.15892158525746,0.0192122454397917
"2018-02-28",-0.0377201821075,-0.043355,2713.83,-0.038947,0.027828,0.001073,0.023672843,0.172204217634973,-0.037661,0.05806,0.0223038656080197,0.01603225,0.037661,0.962339,9556.58963369149,9930.58541084949,-373.995777157999,-0.0376609999999997,5.91821075e-05,0.570568953520089,0.0127253264841667
"2018-03-29",-0.02550675018,-0.008575,2640.87,-0.026885,0.0279975,0.000261,0.019100072,0.14046333946134,-0.037661,0.05806,0.0248476615781348,0.0309499,0.037661,0.974541,9313.28841820734,9930.58541084949,-617.296992642152,-0.0621611886009998,4.775018e-05,0.4214562182912,0.0104718960839583
"2018-04-30",0.003713744455,0.003884,2648.05,0.002719,0.02846,0.001433,0.022502218,0.132765764044118,-0.037661,0.05806,0.0249430556917637,0.0309499,0.037661,1.00377,9348.39951554398,9930.58541084949,-582.185895305511,-0.0586255362820256,5.6255545e-05,0.39400933121382,0.00982757129229167
"2018-05-31",0.0237426711725,0.015564,2705.27,0.021608,0.0290585,0.001401,0.022931531,0.143091324277483,-0.037661,0.05806,0.0252134114594642,0.0309499,0.037661,1.0238,9570.89142401392,9930.58541084949,-359.693986835564,-0.0362208240455378,5.73288275e-05,0.417739243047963,0.0105322977777083
"2018-06-29",0.0067880058775,0.011219,2718.37,0.004842,0.0285935,0.001408,0.020797649,0.144275559243049,-0.037661,0.05806,0.0251937874857828,0.0309499,0.037661,1.00684,9636.35632135418,9930.58541084949,-294.229089495308,-0.0296285744820092,5.19941225e-05,0.418891867178518,0.0105531453110417
"2018-07-31",0.0370929096075,0.032295,2816.29,0.036022,0.0290995,0.001558,0.020436157,0.162714981361319,-0.037661,0.05806,0.0261633809023686,0.0309499,0.037661,1.037144,9994.28914055456,9994.28914055456,0,0,5.10903925e-05,0.453070393065205,0.0118534370739583
"2018-08-31",0.0328794184725,0.020003,2901.52,0.030263,0.029101,0.001575,0.023432611,0.198330623482046,-0.037661,0.05806,0.0265187991683887,0.0309499,0.037661,1.032938,10323.4810362661,10323.4810362661,0,0,5.85815275e-05,0.541084642605982,0.0143484055922917
"2018-09-28",0.0050877948525,0.001597,2913.98,0.004294,0.029608,0.00149,0.020082059,0.180812358438799,-0.037661,0.05806,0.026635979549201,0.0309499,0.037661,1.005138,10376.5230818305,10376.5230818305,0,0,5.02051475e-05,0.490368262062429,0.0130609715177083
"2018-10-31",-0.068491887495,-0.07138,2711.74,-0.069403,0.0310235,0.00189,0.033154998,0.0741136550858277,-0.068409,0.05806,0.0354569321498247,0.0514976,0.068409,0.931591,9666.67551432554,10376.5230818305,-709.847567504941,-0.068409,8.2887495e-05,0.148328731401016,0.00526008973541667
"2018-11-30",0.01968277619,0.027402,2760.17,0.017859,0.030657,0.001795,0.027689524,0.0619945995168487,-0.068409,0.05806,0.0348703551159017,0.0514976,0.068409,1.019752,9857.6116890845,10376.5230818305,-518.911392745982,-0.0500082145679999,6.922381e-05,0.120647830497141,0.00420755556875
"2018-12-31",-0.090703763185,-0.100313,2506.85,-0.091777,0.0283605,0.00193,0.023105274,-0.0449191592445382,-0.090646,0.05806,0.0444583560536422,0.07841565,0.090646,0.909354,8964.05861991574,10376.5230818305,-1412.46446191474,-0.136121169950269,5.7763185e-05,-0.098155874178907,-0.00436414612291666
"2019-01-31",0.081346173135,0.101019,2704.1,0.078684,0.0265675,0.00192,0.025130746,-0.0238426772389815,-0.090646,0.081409,0.0477571446217657,0.07841565,0.090646,1.081409,9693.81366810447,10376.5230818305,-682.709413726014,-0.0657936582747503,6.2826865e-05,-0.0520370358759136,-0.00248525743375
"2019-02-28",0.031659317245,0.036691,2784.49,0.029729,0.0267215,0.001809,0.019473102,0.0465223992284682,-0.090646,0.081409,0.047103224266128,0.07841565,0.090646,1.031708,10001.1851118927,10376.5230818305,-375.337969937756,-0.036171843591326,4.8682755e-05,0.0686756358243517,0.00323503417895834
"2019-03-29",0.019476511625,0.009131,2834.4,0.017924,0.0256,0.001935,0.02179535,0.0948354437707593,-0.090646,0.081409,0.0462558934940383,0.07841565,0.090646,1.019531,10196.5182583131,10376.5230818305,-180.00482351738,-0.0173473158685082,5.4488375e-05,0.147951109542508,0.006844139329375
"2019-04-30",0.040565837915,0.036678,2945.83,0.039313,0.024534,0.002125,0.025264834,0.135038418179186,-0.090646,0.081409,0.0471230296676753,0.07841565,0.090646,1.040629,10610.7925986301,10610.7925986301,0,0,6.3162085e-05,0.209171506859847,0.00985748045104167
"2019-05-31",-0.0632538766725,-0.068451,2752.06,-0.065778,0.023132,0.001983,0.026750669,0.0386000641235569,-0.090646,0.081409,0.0515657256297213,0.07841565,0.090646,0.936813,9940.32844670046,10610.7925986301,-670.46415192964,-0.063187,6.68766725e-05,0.0496274592060882,0.002559268130625
"2019-06-28",0.06951771809,0.075817,2941.76,0.06893,0.0206485,0.001853,0.017312764,0.103299554233101,-0.090646,0.081409,0.0549056618016647,0.07841565,0.090646,1.069561,10631.7876337814,10631.7876337814,0,0,4.328191e-05,0.141131362830213,0.007749660815
"2019-07-31",0.014553003555,0.008839,2980.38,0.013128,0.0200975,0.001783,0.019998578,0.0793207477684557,-0.090646,0.081409,0.0542606067337404,0.07841565,0.090646,1.014603,10787.0436285975,10787.0436285975,0,0,4.9996445e-05,0.107850556405163,0.005852585310625
"2019-08-30",-0.0161517485025,-0.031248,2926.46,-0.018092,0.0175525,0.001908,0.026699401,0.0280964332230977,-0.090646,0.081409,0.0540369983925155,0.07841565,0.090646,0.983915,10613.5340318315,10787.0436285975,-173.509596765989,-0.0160849999999998,6.67485025e-05,0.0321767081597312,0.001738904729375
"2019-09-30",0.01874132556,0.033528,2976.74,0.017181,0.0158035,0.001787,0.019869776,0.0420612824306641,-0.090646,0.081409,0.0542142274032547,0.07841565,0.090646,1.018791,10812.9729498237,10812.9729498237,0,0,4.967444e-05,0.0525997837416747,0.002851948955
"2019-10-31",0.02156905592,0.013161,3037.56,0.020432,0.016778,0.001531,0.020777632,0.142767254533478,-0.090646,0.081409,0.0491547556029563,0.07554355,0.090646,1.021621,11046.7602379718,11046.7602379718,0,0,5.194408e-05,0.211299080027473,0.0103869442395833
"2019-11-29",0.03615978076,0.034518,3140.98,0.034047,0.017334,0.001197,0.018487696,0.161206142033668,-0.090646,0.081409,0.0496087004419374,0.07554355,0.090646,1.036206,11446.7192391478,11446.7192391478,0,0,4.621924e-05,0.238044220569506,0.0118098612870833
"2019-12-31",0.02974945326,0.028763,3230.78,0.02859,0.0184665,0.001431,0.015018696,0.314993929081991,-0.063187,0.081409,0.0372198403530844,0.0372809,0.063187,1.029787,11787.6826651243,11787.6826651243,0,0,3.754674e-05,0.588042996306799,0.0218892126575
"2020-01-31",3.45702325e-05,-0.017589,3225.52,-0.001628,0.0171215,0.001164,0.029371907,0.216131869095164,-0.063187,0.069561,0.0329134845768786,0.0372809,0.063187,1.000108,11788.9557348521,11788.9557348521,0,0,7.34297675e-05,0.460995501168103,0.0151762457489583
"2020-02-28",-0.081924927265,-0.090756,2954.22,-0.08411,0.013277,0.001208,0.021170906,0.0822487765032398,-0.081872,0.069561,0.0430505225888635,0.07159525,0.081872,0.918128,10823.7703509283,11788.9557348521,-965.185383923812,-0.0818719999999999,5.2927265e-05,0.133803773672509,0.005760975373125
"2020-03-31",-0.1221286318975,-0.188008,2584.59,-0.125119,0.0090905,0.001268,0.052652759,-0.0679855026319218,-0.121997,0.069561,0.0566770177464269,0.09992825,0.121997,0.878003,9503.30283942612,11788.9557348521,-2285.65289542601,-0.193880861616,0.0001316318975,-0.105544482856584,-0.00598386992041666
"2020-04-30",0.128821537305,0.146692,2912.43,0.126844,0.006544,3e-06,0.027385078,0.0110633529661865,-0.121997,0.12889,0.06769609810496,0.09992825,0.121997,1.12889,10728.1835423997,11788.9557348521,-1060.77219245238,-0.0899801658696862,6.8462695e-05,0.0228562994526759,0.00154760502875001
"2020-05-29",0.0477586155825,0.048583,3044.31,0.045282,0.0064595,5.9e-05,0.023753767,0.130866437995975,-0.121997,0.12889,0.0653685975365964,0.09992825,0.121997,1.047818,11241.1838230302,11788.9557348521,-547.771911821912,-0.0464648374412429,5.93844175e-05,0.167612649769672,0.0109589793833333
"2020-06-30",0.0202743812475,0.01352,3100.29,0.018388,0.0065435,0.000111,0.029447501,0.0788326315902668,-0.121997,0.12889,0.0629475426523522,0.09992825,0.121997,1.020348,11469.9194314612,11788.9557348521,-319.036303390892,-0.0270623039534972,7.36187525e-05,0.111189359322694,0.00700053464645834
"2020-07-31",0.05683812436,0.046928,3271.12,0.055101,0.0059215,9.6e-05,0.028750256,0.123817884092664,-0.121997,0.12889,0.0645051911476311,0.09992825,0.121997,1.05691,12122.6725463057,12122.6725463057,0,0,7.187564e-05,0.165302818056485,0.010664878046875
"2020-08-31",0.0719988815325,0.045357,3500.31,0.070065,0.006165,7.9e-05,0.027647387,0.224505360080346,-0.121997,0.12889,0.0660530020851024,0.09992825,0.121997,1.072068,12996.3293113729,12996.3293113729,0,0,6.91184675e-05,0.27493144809826,0.0181631805497917
"2020-09-30",-0.03820902857,-0.025198,3363,-0.039228,0.006944,7.6e-05,0.023211428,0.156065626892975,-0.121997,0.12889,0.0680877897307898,0.09992825,0.121997,0.961849,12500.5063518147,12996.3293113729,-495.822959558187,-0.0381510000000001,5.802857e-05,0.199122671007598,0.0135599010389583
"2020-10-30",-0.0264683044625,-0.006164,3269.96,-0.027666,0.0077885,7.3e-05,0.023721785,0.101714911647625,-0.121997,0.12889,0.0690242990545337,0.09992825,0.121997,0.973591,12170.3804795696,12996.3293113729,-825.94883180326,-0.063552470241,5.93044625e-05,0.14019585332122,0.00967828767375
"2020-11-30",0.10932941753,0.146694,3621.63,0.107546,0.008563,6.6e-05,0.029832988,0.179540486970276,-0.121997,0.12889,0.0745352788188658,0.09992825,0.121997,1.109404,13501.8687855564,13501.8687855564,0,0,7.458247e-05,0.212897554464672,0.0158700074045833
"2020-12-31",0.0415147360475,0.041983,3756.07,0.037121,0.0087605,6e-05,0.022905581,0.193039282972697,-0.121997,0.12889,0.074804730869019,0.09992825,0.121997,1.041572,14063.1684747096,14063.1684747096,0,0,5.72639525e-05,0.226763703633976,0.016964697636875
"2021-01-29",-0.01011264412,-0.006385,3714.24,-0.011137,0.0098935,4.6e-05,0.024257648,0.180919312814471,-0.121997,0.12889,0.0750751346748507,0.09992825,0.121997,0.989948,13921.8055052018,14063.1684747096,-141.36296950778,-0.0100519999999999,6.064412e-05,0.215926782384181,0.0162122631075
"2021-02-26",0.0260109385425,0.063438,3811.15,0.026091,0.012352,4.5e-05,0.037224583,0.319800758234342,-0.121997,0.12889,0.0683793780788256,0.0758817,0.121997,1.026104,14285.2203161096,14285.2203161096,0,0,9.30614575e-05,0.369995667767137,0.025303835258125
"2021-03-31",0.043257084035,0.057146,3972.89,0.042439,0.0157265,2.7e-05,0.022766386,0.568293739630166,-0.038151,0.12889,0.0501850051509413,0.0316929,0.038151,1.043314,14903.9703488816,14903.9703488816,0,0,5.6915965e-05,0.780947393705302,0.0391893949191667
"2021-04-30",0.0538528316075,0.0471,4181.17,0.052425,0.0168315,1.4e-05,0.020467357,0.464120547946381,-0.038151,0.109404,0.0420226295720712,0.0316929,0.038151,1.053904,15707.3539665677,15707.3539665677,0,0,5.11683925e-05,0.783939812198466,0.0329410861110417
"2021-05-28",0.0061590009225,0.019381,4204.11,0.005487,0.016101,5e-06,0.019599631,0.405978717972045,-0.038151,0.109404,0.0424099333054144,0.0316929,0.038151,1.006208,15804.8652199921,15804.8652199921,0,0,4.89990775e-05,0.695156847252157,0.0294789515560417
"2021-06-30",0.02361818812,0.001193,4297.5,0.022214,0.0153115,4e-06,0.025524752,0.410572771222229,-0.038151,0.109404,0.0423546849217201,0.0316929,0.038151,1.023682,16179.156038132,16179.156038132,0,0,6.381188e-05,0.702857133571266,0.0297665187954167
"2021-07-30",0.02425170025,0.012336,4395.26,0.022748,0.0134515,3.1e-05,0.0213199,0.367057500096305,-0.038151,0.109404,0.0415002182917771,0.0316929,0.038151,1.024305,16572.3904256388,16572.3904256388,0,0,5.329975e-05,0.652013982408264,0.0270564001195833
"2021-08-31",0.03055174464,0.023357,4522.68,0.02899,0.0126555,4.9e-05,0.019302144,0.314179193483297,-0.038151,0.109404,0.0390767953467039,0.0316929,0.038151,1.0306,17079.5055726633,17079.5055726633,0,0,4.825536e-05,0.604109183221267,0.0236049720452083
"2021-09-30",-0.04613119064,-0.037591,4307.54,-0.047569,0.0139805,3.3e-05,0.022076256,0.303351225571125,-0.046076,0.109404,0.040266128830193,0.03525915,0.046076,0.953924,16292.5502738973,17079.5055726633,-786.955298766034,-0.0460759999999999,5.519064e-05,0.569962649341148,0.0229483752060417
"2021-10-29",0.070430609015,0.052817,4605.38,0.069144,0.015197,3.7e-05,0.031756394,0.4330971840189,-0.046076,0.109404,0.0391490946358994,0.0262628,0.046076,1.07051,17441.3379937098,17441.3379937098,0,0,7.9390985e-05,0.792615377624551,0.0310262846625
"2021-11-30",-0.0073304719575,-0.025723,4567,-0.008334,0.014982,4.4e-05,0.029788783,0.282399045660245,-0.046076,0.07051,0.0317233084974239,0.0262628,0.046076,0.992744,17314.7836452274,17441.3379937098,-126.554348482361,-0.00725600000000017,7.44719575e-05,0.671672766449408,0.0213064605385417
"2021-12-31",0.04342006455,0.063631,4766.18,0.043613,0.014772,6.7e-05,0.02597418,0.284754359910579,-0.046076,0.07051,0.0318384833133893,0.0262628,0.046076,1.043485,18067.7170120401,18067.7170120401,0,0,6.493545e-05,0.674221295718714,0.0214646545804167
"2022-01-31",-0.0523270815975,-0.04268,4515.55,-0.052585,0.016434,4.4e-05,0.033632639,0.229998886694827,-0.052243,0.07051,0.0374770956673418,0.04885115,0.052243,0.947757,17123.8052721801,18067.7170120401,-943.911739860014,-0.0522430000000001,8.40815975e-05,0.478853854527904,0.0179469514572917
"2022-02-28",-0.02936314359,-0.010156,4373.94,-0.031361,0.0180085,2.8e-05,0.028057436,0.163594069711136,-0.052243,0.07051,0.0397378170314405,0.04885115,0.052243,0.970707,16622.1976443422,18067.7170120401,-1445.51936769798,-0.0800056458009999,7.014359e-05,0.335519251722369,0.0133338612795833
"2022-03-31",0.037858185795,0.027143,4530.41,0.035773,0.020815,6e-05,0.026725682,0.15758379050308,-0.052243,0.07051,0.0393983717040669,0.04885115,0.052243,1.037925,17252.5944900038,18067.7170120401,-815.122522036309,-0.0451148599180029,6.6814205e-05,0.326926502339413,0.0128812030929167
"2022-04-29",-0.087667507375,-0.063196,4131.93,-0.087957,0.026358,3.7e-05,0.03660295,0.00218542909599195,-0.087576,0.07051,0.0465569275796749,0.06814285,0.087576,0.912424,15741.6812749473,18067.7170120401,-2326.03573709289,-0.128739880945824,9.1507375e-05,0.0233217768809606,0.001085924844375
"2022-05-31",0.0003077451475,0.009982,4132.15,5.3e-05,0.0288885,0.000307,0.026501941,-0.003625248013856,-0.087576,0.07051,0.0465302082199556,0.06814285,0.087576,1.000374,15747.5686637441,18067.7170120401,-2320.14834829605,-0.128414029661298,6.62548525e-05,0.0123164026770714,0.000573153529791671
"2022-06-30",-0.0817594481275,-0.092875,3785.38,-0.08392,0.029285,0.000567,0.030579251,-0.106179582018967,-0.087576,0.07051,0.0514781070506206,0.08433485,0.087576,0.918317,14461.2600125835,18067.7170120401,-3606.45699945666,-0.199607786476474,7.64481275e-05,-0.160345654523844,-0.00825523282416666
"2022-07-29",0.093690188695,0.087937,4130.29,0.091116,0.028308,0.000812,0.030324522,-0.0455671081431384,-0.087576,0.093766,0.0588305195864409,0.08433485,0.087576,1.093766,15817.2345189234,18067.7170120401,-2250.48249311676,-0.124558210183227,7.5811305e-05,-0.0430664954526697,-0.00253377545375
"2022-08-31",-0.040344325605,-0.033776,3955,-0.04244,0.0292065,0.001901,0.019730242,-0.111222570852426,-0.087576,0.093766,0.0587871895148986,0.08433485,0.087576,0.959705,15179.8790539834,18067.7170120401,-2887.83795805677,-0.159834137103894,4.9325605e-05,-0.146221646625843,-0.00859611464083333
"2022-09-30",-0.09155857733,-0.092953,3585.62,-0.093396,0.035106,0.001929,0.025430932,-0.153539759700231,-0.091495,0.093766,0.0627745723958138,0.08933955,0.091495,0.908505,13790.9960199392,18067.7170120401,-4276.72099210098,-0.236705112729573,6.357733e-05,-0.199755233289803,-0.0125397301983333
"2022-10-31",0.0801575829975,0.096627,3871.98,0.079863,0.039382,0.002327,0.036166801,-0.145839850479356,-0.091495,0.093766,0.0639890984424478,0.08933955,0.091495,1.080248,14897.6958685472,18067.7170120401,-3170.0211434929,-0.175452224615896,9.04170025e-05,-0.18628333965789,-0.0119199823664583
"2022-11-30",0.054095583935,0.06901,4080.11,0.053753,0.038266,0.002856,0.027766426,-0.0929930233580565,-0.091495,0.093766,0.066728518629707,0.08933955,0.091495,1.054165,15704.6295652671,18067.7170120401,-2363.08744677304,-0.130790594362216,6.9416065e-05,-0.105434890299194,-0.00703547770875
"2022-12-30",-0.05884882971,-0.048775,3839.5,-0.058971,0.037401,0.003379,0.025931884,-0.181886200063227,-0.091495,0.093766,0.0663563737421248,0.08933955,0.091495,0.941216,14781.4486209024,18067.7170120401,-3286.2683911377,-0.181886200063227,6.482971e-05,-0.238623937255582,-0.01583388556375
"2023-01-31",0.0637238797675,0.075629,4076.6,0.061753,0.0369085,0.003506,0.034448093,-0.0817080311612171,-0.091495,0.093766,0.0687800508773945,0.08933955,0.091495,1.06381,15724.6528574022,18067.7170120401,-2343.06415463792,-0.129682358489262,8.61202325e-05,-0.0938031334962794,-0.00645147211666666
"2023-02-28",-0.024325773945,-0.033449,3970.15,-0.026112,0.0371345,0.00345,0.024309578,-0.0769515268614424,-0.091495,0.093766,0.0686331216579514,0.08933955,0.091495,0.975735,15343.0941558174,18067.7170120401,-2724.62285622278,-0.15080061606052,6.0773945e-05,-0.0920428200411566,-0.00631685797958333
"2023-03-31",0.0373979598325,-0.002739,4109.31,0.035052,0.036938,0.003638,0.032416067,-0.0773481640163618,-0.091495,0.093766,0.0686081844022249,0.08933955,0.091495,1.037479,15918.1379816832,18067.7170120401,-2149.5790303569,-0.118973472349852,8.10401675e-05,-0.096982594062045,-0.00665337680979166
"2023-04-28",0.01495948086,0.002116,4169.48,0.014642,0.034448,0.00364,0.022207656,0.0263928319519571,-0.091495,0.093766,0.0635212399659406,0.0860984,0.091495,1.015015,16157.1488234782,18067.7170120401,-1910.56818856193,-0.105744859037185,5.551914e-05,0.0251694560106111,0.00159862220979167
"2023-05-31",0.00520423798,-0.037839,4179.83,0.002482,0.035323,0.003662,0.040704808,0.0314531088555823,-0.091495,0.093766,0.0635114037955652,0.0860984,0.091495,1.005306,16242.8786551356,18067.7170120401,-1824.83835690455,-0.100999941259236,0.00010176202,0.0271961742997232,0.00172707994583334
"2023-06-30",0.06689915243,0.078668,4450.38,0.064728,0.0373965,0.004078,0.021139028,0.198399852556014,-0.091495,0.093766,0.0595594075628899,0.07350395,0.091495,1.066952,17330.3718668542,18067.7170120401,-737.345145185922,-0.0408100893264247,5.284757e-05,0.232107482645069,0.013822713325625
"2023-07-31",0.03164801091,0.035298,4588.96,0.031139,0.0389775,0.004391,0.020795636,0.130396380836522,-0.091495,0.080248,0.0547730079991297,0.07350395,0.091495,1.0317,17879.7446550335,18067.7170120401,-187.972357006642,-0.0104037691580723,5.198909e-05,0.152541113858897,0.00835428184354167
"2023-08-31",-0.01548024909,-0.030844,4507.66,-0.017716,0.0403345,0.004537,0.022499636,0.159690891532814,-0.091495,0.080248,0.0530727874654805,0.07350395,0.091495,0.984576,17603.9674734743,18067.7170120401,-463.749538565877,-0.0256673014225781,5.624909e-05,0.19233030014007,0.010206621553125
"2023-09-29",-0.0476136259725,-0.050317,4288.05,-0.048719,0.043396,0.004267,0.019050389,0.215765498908828,-0.058784,0.080248,0.0462290762563471,0.0526141,0.058784,0.952434,16766.617156631,18067.7170120401,-1301.09985540915,-0.0720124105631118,4.76259725e-05,0.295828492715455,0.0136738674995833
"2023-10-31",-0.0211052786025,-0.040839,4193.8,-0.02198,0.047509,0.004715,0.026111441,0.101770882993337,-0.058784,0.066952,0.0428299577809172,0.0526141,0.058784,0.97896,16413.8475316555,18067.7170120401,-1653.86948038467,-0.0915372694448638,6.52786025e-05,0.117599583832646,0.00503629569958334
"2023-11-30",0.090745319175,0.092772,4567.8,0.089179,0.0462855,0.004424,0.02347233,0.140064492989867,-0.058784,0.090804,0.0474078903299638,0.0526141,0.058784,1.090804,17904.2905429199,18067.7170120401,-163.426469120226,-0.00904521965953532,5.8680825e-05,0.16790815759047,0.00795977363625
"2023-12-29",0.0452422179775,0.070662,4769.83,0.044229,0.0410275,0.004266,0.022312809,0.266135652595496,-0.047566,0.090804,0.0425531124306775,0.03475045,0.047566,1.045298,18715.3190959331,18715.3190959331,0,0,5.57820225e-05,0.389182314202563,0.0165601109435417
