caldt,vwretd,vwretx,ewretd,ewretx,spindx,sprtrn,USGG10YR,t30ret,spTurnover
1989-12-29,0.022657,0.019988,0.015265,0.012744,353.4,0.021417,0.078805,0.005941,0.04963725
1990-01-31,-0.067661,-0.069407,-0.073185,-0.074576,329.08,-0.068817,0.081765,0.005852,0
1990-02-28,0.013381,0.008986,0.014022,0.01031,331.89,0.008539,0.084665,0.005818,0
1990-03-30,0.026588,0.02436,0.031748,0.029479,339.94,0.024255,0.085715,0.00638,0.034741825
1990-04-30,-0.024504,-0.026508,-0.040596,-0.042154,330.8,-0.026887,0.08825,0.006829,0
1990-05-31,0.097419,0.092408,0.096223,0.092115,361.23,0.091989,0.088105,0.006404,0
1990-06-29,-0.006754,-0.008921,-0.014536,-0.016793,358.02,-0.008886,0.085055,0.005898,0.043187663
1990-07-31,-0.004454,-0.006508,-0.024605,-0.02619,356.15,-0.005223,0.083765,0.006704,0
1990-08-31,-0.090801,-0.094897,-0.112374,-0.116285,322.56,-0.094314,0.085935,0.006154,0
1990-09-28,-0.048959,-0.051213,-0.073624,-0.075721,306.05,-0.051184,0.088205,0.005984,0.062219846
1990-10-31,-0.003597,-0.00611,-0.036372,-0.038472,304,-0.006698,0.08706,0.006559,0
1990-11-30,0.064561,0.059897,0.092115,0.087744,322.22,0.059934,0.084345,0.005651,0
1990-12-31,0.027987,0.024954,0.041912,0.038775,330.22,0.024828,0.081595,0.005989,0.044211652
1991-01-31,0.045001,0.043063,0.082065,0.080434,343.93,0.041518,0.08037,0.004637,0
1991-02-28,0.071565,0.067371,0.085194,0.08148,367.07,0.067281,0.0802,0.004767,0
1991-03-28,0.024354,0.022312,0.030853,0.028634,375.22,0.022203,0.08047,0.004391,0.05023505
1991-04-30,0.002268,0.000214,0.005046,0.003352,375.35,0.000346,0.08037,0.005335,0
1991-05-31,0.04293,0.038759,0.054462,0.050928,389.83,0.038577,0.08036,0.004461,0
1991-06-28,-0.045357,-0.047498,-0.049743,-0.051792,371.16,-0.047893,0.08143,0.004171,0.039030275
1991-07-31,0.046526,0.044799,0.041944,0.040443,387.81,0.044859,0.08187,0.00484,0
1991-08-30,0.023885,0.019912,0.022633,0.018944,395.43,0.019649,0.079815,0.00461,0
1991-09-30,-0.016861,-0.019061,-0.019202,-0.021058,387.86,-0.019144,0.076305,0.004558,0.038591696
1991-10-31,0.013458,0.011899,0.01079,0.009445,392.46,0.01186,0.074525,0.004246,0
1991-11-29,-0.040214,-0.043973,-0.050809,-0.05416,375.22,-0.043928,0.07418,0.003915,0
1991-12-31,0.114089,0.111476,0.113619,0.111208,417.09,0.111588,0.070375,0.003792,0.046917113
1992-01-31,-0.018348,-0.019654,0.017853,0.016647,408.79,-0.0199,0.069865,0.003059,0
1992-02-28,0.012865,0.009442,0.030385,0.027321,412.7,0.009565,0.07262,0.002828,0
1992-03-31,-0.01947,-0.021873,-0.020264,-0.022422,403.69,-0.021832,0.07389,0.003376,0.050936514
1992-04-30,0.028614,0.027157,0.016597,0.015297,414.95,0.027893,0.075555,0.003303,0
1992-05-29,0.00485,0.001087,0.00193,-0.001292,415.35,0.000964,0.074505,0.002758,0
1992-06-30,-0.01503,-0.017545,-0.020451,-0.022667,408.14,-0.017359,0.072195,0.003201,0.041272392
1992-07-31,0.040924,0.039465,0.04079,0.039542,424.21,0.039374,0.06915,0.002892,0
1992-08-31,-0.020615,-0.024214,-0.027431,-0.030637,414.03,-0.023998,0.066565,0.002605,0
1992-09-30,0.01134,0.008916,0.018991,0.016985,417.8,0.009106,0.06479,0.002573,0.039212898
1992-10-30,0.004796,0.003455,0.020398,0.019325,418.68,0.002106,0.065715,0.002286,0
1992-11-30,0.033794,0.030069,0.044229,0.040785,431.35,0.030262,0.06863,0.002346,0
1992-12-31,0.01338,0.011197,0.022532,0.02062,435.71,0.010108,0.068115,0.00227,0.042527755
1993-01-29,0.007282,0.005964,0.022706,0.021733,438.78,0.007046,0.065225,0.002335,0
1993-02-26,0.013526,0.010361,0.010886,0.008018,443.38,0.010484,0.061895,0.002209,0
1993-03-31,0.021202,0.018578,0.02745,0.02506,451.67,0.018697,0.06022,0.002538,0.045072548
1993-04-30,-0.024519,-0.02578,-0.021945,-0.022986,440.19,-0.025417,0.060165,0.002372,0
1993-05-28,0.026259,0.022549,0.03163,0.02838,450.19,0.022717,0.06079,0.002168,0
1993-06-30,0.003466,0.001095,0.003477,0.001367,450.53,0.000755,0.059625,0.002756,0.038295403
1993-07-30,-0.004593,-0.005909,-0.000721,-0.001789,448.13,-0.005327,0.057915,0.002402,0
1993-08-31,0.037431,0.033957,0.040022,0.036714,463.56,0.034432,0.056275,0.00253,0
1993-09-30,-0.007582,-0.009842,-0.006236,-0.008034,458.93,-0.009988,0.05415,0.002356,0.038762675
1993-10-29,0.019884,0.01859,0.019667,0.018666,467.83,0.019393,0.054045,0.00221,0
1993-11-30,-0.008655,-0.012084,-0.00857,-0.011803,461.79,-0.012911,0.05623,0.002477,0
1993-12-31,0.012646,0.010617,0.023359,0.02162,466.45,0.010091,0.058065,0.002263,0.044308085
1994-01-31,0.033429,0.031954,0.037019,0.035801,481.61,0.032501,0.05718,0.002503,0
1994-02-28,-0.027161,-0.030121,-0.017379,-0.020103,467.14,-0.030045,0.058855,0.00212,0
1994-03-31,-0.043456,-0.045728,-0.043719,-0.045656,445.77,-0.045746,0.064335,0.002469,0.038570208
1994-04-29,0.012817,0.011477,0.004462,0.00341,450.91,0.011531,0.0689,0.002711,0
1994-05-31,0.016309,0.012559,0.012087,0.008621,456.51,0.012419,0.070945,0.00315,0
1994-06-30,-0.024762,-0.027113,-0.021933,-0.023789,444.27,-0.026812,0.072335,0.003118,0.038775489
1994-07-29,0.032714,0.031381,0.03375,0.032604,458.25,0.031467,0.072155,0.002751,0
1994-08-31,0.041341,0.03799,0.052232,0.048938,475.5,0.037643,0.07142,0.003687,0
1994-09-30,-0.02394,-0.026238,-0.026,-0.027803,462.71,-0.026898,0.07388,0.003659,0.038410259
1994-10-31,0.022622,0.021043,0.012006,0.010581,472.35,0.020834,0.07705,0.00384,0
1994-11-30,-0.036248,-0.039423,-0.043415,-0.046398,453.69,-0.039505,0.078565,0.003691,0
1994-12-30,0.014955,0.012419,0.016548,0.014254,459.27,0.012299,0.07864,0.00443,0.037004148
1995-01-31,0.026,0.024348,0.021154,0.019698,470.42,0.024278,0.077015,0.004156,0
1995-02-28,0.039228,0.036328,0.044549,0.041677,487.39,0.036074,0.07391,0.003983,0
1995-03-31,0.029334,0.027179,0.029457,0.02759,500.71,0.027329,0.071985,0.004134,0.028056549
1995-04-28,0.029395,0.027914,0.0238,0.022491,514.71,0.02796,0.071255,0.00445,0
1995-05-31,0.039809,0.036454,0.035709,0.03254,533.4,0.036312,0.066695,0.005355,0
1995-06-30,0.024155,0.022198,0.025803,0.02414,544.75,0.021279,0.062435,0.004714,0.036533158
1995-07-31,0.033405,0.032023,0.033271,0.032047,562.06,0.031776,0.063145,0.004522,0
1995-08-31,0.003502,0.000642,0.00772,0.004788,561.88,-0.00032,0.06355,0.004637,0
1995-09-29,0.042102,0.040182,0.024752,0.023133,584.41,0.040098,0.06233,0.004309,0.037988035
1995-10-31,-0.003442,-0.004864,-0.024119,-0.025353,581.5,-0.004979,0.06101,0.004714,0
1995-11-30,0.044179,0.041338,0.050988,0.04808,605.37,0.041049,0.058805,0.004108,0
1995-12-29,0.017643,0.015809,0.014641,0.012755,615.93,0.017444,0.056565,0.004882,0.044187906
1996-01-31,0.034861,0.033415,0.030677,0.029272,636.02,0.032617,0.05576,0.004278,0
1996-02-29,0.010088,0.007689,0.012873,0.010448,640.43,0.006934,0.05839,0.003908,0
1996-03-29,0.009585,0.00786,0.019612,0.017959,645.5,0.007917,0.062125,0.003943,0.041160592
1996-04-30,0.015133,0.013857,0.02841,0.027322,654.17,0.013431,0.064985,0.004579,0
1996-05-31,0.025257,0.02253,0.013102,0.010467,669.12,0.022853,0.06761,0.003982,0
1996-06-28,0.004128,0.002562,-0.009331,-0.010898,670.63,0.002257,0.067815,0.004,0.037688455
1996-07-31,-0.044444,-0.046048,-0.055912,-0.057147,639.95,-0.045748,0.067525,0.004497,0
1996-08-30,0.021928,0.019589,0.032975,0.030535,651.99,0.018814,0.068685,0.004122,0
1996-09-30,0.056035,0.054112,0.049854,0.048156,687.31,0.054173,0.06823,0.004375,0.039786266
1996-10-31,0.026798,0.025348,0.013655,0.012347,705.27,0.026131,0.06521,0.004246,0
1996-11-29,0.076441,0.074218,0.070014,0.067803,757.02,0.073376,0.061915,0.003941,0
1996-12-31,-0.019798,-0.021518,-0.016802,-0.018512,740.74,-0.021505,0.06231,0.004404,0.040107635
1997-01-31,0.062827,0.061689,0.039148,0.038108,786.16,0.061317,0.06456,0.004014,0
1997-02-28,0.007752,0.0058,0.013457,0.011391,790.82,0.005928,0.06523,0.003788,0
1997-03-31,-0.041688,-0.04331,-0.035143,-0.036683,757.12,-0.042614,0.067275,0.00431,0.036065052
1997-04-30,0.060274,0.059016,0.032138,0.03087,801.34,0.058406,0.068105,0.004313,0
1997-05-30,0.061401,0.059272,0.073897,0.071723,848.28,0.058577,0.066885,0.004263,0
1997-06-30,0.044103,0.042762,0.03882,0.037303,885.14,0.043453,0.065795,0.003744,0.048267403
1997-07-31,0.080388,0.078977,0.079766,0.078636,954.29,0.078123,0.062555,0.004294,0
1997-08-29,-0.054975,-0.056458,-0.028008,-0.029745,899.47,-0.057446,0.06175,0.004058,0
1997-09-30,0.053886,0.052408,0.051665,0.050189,947.28,0.053154,0.06221,0.004576,0.050504083
1997-10-31,-0.032605,-0.03373,-0.043194,-0.044241,914.62,-0.034478,0.05967,0.003911,0
1997-11-28,0.046321,0.044625,0.031342,0.029479,955.4,0.044587,0.058525,0.003773,0
1997-12-31,0.017147,0.0157,0.015319,0.013788,970.43,0.015732,0.05808,0.004629,0.059222066
1998-01-30,0.011994,0.01108,-0.002326,-0.003152,980.28,0.01015,0.056235,0.004204,0
1998-02-27,0.071956,0.070303,0.078865,0.077036,1049.34,0.070449,0.055635,0.003847,0
1998-03-31,0.051336,0.050104,0.050179,0.048835,1101.75,0.049946,0.05638,0.004485,0.04369629
1998-04-30,0.011275,0.010232,0.004209,0.003227,1111.75,0.009076,0.056625,0.004308,0
1998-05-29,-0.017674,-0.019206,-0.024932,-0.026546,1090.82,-0.018826,0.056115,0.003805,0
1998-06-30,0.04097,0.0398,0.010836,0.009456,1133.84,0.039438,0.05499,0.004021,0.049760716
1998-07-31,-0.010109,-0.011112,-0.04445,-0.045311,1120.67,-0.011615,0.0547,0.003873,0
1998-08-31,-0.143124,-0.144504,-0.148456,-0.15028,957.28,-0.145797,0.05235,0.004012,0
1998-09-30,0.063176,0.061612,0.060341,0.058597,1017.01,0.062396,0.04698,0.003875,0.080342948
1998-10-30,0.080111,0.079144,0.08884,0.08786,1098.67,0.080294,0.045125,0.003353,0
1998-11-30,0.062164,0.060685,0.05071,0.048847,1163.63,0.059126,0.046595,0.003233,0
1998-12-31,0.059673,0.058454,0.029082,0.027529,1229.23,0.056375,0.04681,0.003779,0.068093455
1999-01-29,0.0428,0.042,0.010847,0.010044,1279.64,0.041009,0.046495,0.003494,0
1999-02-26,-0.031935,-0.033156,-0.019371,-0.021184,1238.33,-0.032283,0.04969,0.003372,0
1999-03-31,0.038979,0.037774,0.021855,0.020209,1286.37,0.038794,0.052645,0.004076,0.065768701
1999-04-30,0.037559,0.036771,0.096934,0.09596,1335.18,0.037944,0.05295,0.003784,0
1999-05-28,-0.023159,-0.024833,-0.001112,-0.003032,1301.84,-0.02497,0.05485,0.003463,0
1999-06-30,0.054431,0.053398,0.041249,0.039867,1372.71,0.054438,0.05701,0.004098,0.058698613
1999-07-30,-0.03022,-0.031084,-0.034555,-0.035454,1328.72,-0.032046,0.058415,0.003658,0
1999-08-31,-0.005004,-0.006251,-0.022233,-0.023947,1320.41,-0.006254,0.059365,0.003876,0
1999-09-30,-0.028079,-0.029257,-0.039403,-0.040891,1282.71,-0.028552,0.059235,0.003705,0.056483076
1999-10-29,0.064238,0.063512,0.03097,0.029995,1362.93,0.062539,0.059505,0.003581,0
1999-11-30,0.020822,0.019547,-0.001732,-0.003641,1388.91,0.019062,0.061075,0.003811,0
1999-12-31,0.062579,0.061549,0.044205,0.042538,1469.25,0.057844,0.063165,0.003764,0.089924255
2000-01-31,-0.04963,-0.050296,-0.057249,-0.058164,1394.46,-0.050904,0.065535,0.004343,0
2000-02-29,-0.017458,-0.018666,-0.045099,-0.047119,1366.42,-0.020108,0.06537,0.004295,0
2000-03-31,0.098488,0.097431,0.109941,0.107996,1498.58,0.09672,0.062065,0.004377,0.085189087
2000-04-28,-0.031583,-0.032308,0.008074,0.007029,1452.43,-0.030796,0.06108,0.004595,0
2000-05-31,-0.022304,-0.023617,0.016657,0.014376,1420.6,-0.021915,0.06242,0.004782,0
2000-06-30,0.026219,0.025497,-0.019605,-0.021009,1454.6,0.023934,0.061515,0.003744,0.074999259
2000-07-31,-0.012795,-0.013559,0.003866,0.002818,1430.83,-0.016341,0.06031,0.004772,0
2000-08-31,0.062594,0.061275,0.074144,0.071748,1517.68,0.060699,0.05878,0.005002,0
2000-09-29,-0.052088,-0.052795,-0.013813,-0.015103,1436.51,-0.053483,0.057635,0.005093,0.088444698
2000-10-31,-0.00412,-0.004829,0.021097,0.020159,1429.4,-0.004949,0.057765,0.005217,0
2000-11-30,-0.078268,-0.079557,-0.045453,-0.047623,1314.95,-0.080069,0.056095,0.004966,0
2000-12-29,0.00572,0.004861,0.066751,0.065496,1320.28,0.004053,0.0529,0.004909,0.111343057
2001-01-31,0.032372,0.031555,0.053413,0.052623,1366.01,0.034637,0.05113,0.005243,0
2001-02-28,-0.090952,-0.092131,-0.044749,-0.046467,1239.94,-0.092291,0.05005,0.003653,0
2001-03-30,-0.063706,-0.064587,-0.049836,-0.051024,1160.33,-0.064205,0.049065,0.00432,0.085764395
2001-04-30,0.077824,0.076981,0.084714,0.084,1249.46,0.076814,0.051275,0.003864,0
2001-05-31,0.006859,0.00533,0.017676,0.015861,1255.82,0.00509,0.053595,0.003183,0
2001-06-29,-0.024505,-0.025183,-0.015803,-0.016825,1224.42,-0.025004,0.053965,0.002778,0.053971441
2001-07-31,-0.009317,-0.010248,-0.00918,-0.009915,1211.23,-0.010772,0.05233,0.002999,0
2001-08-31,-0.063435,-0.064933,-0.043659,-0.045377,1133.58,-0.064108,0.04943,0.002996,0
2001-09-28,-0.080361,-0.081352,-0.124472,-0.125526,1040.94,-0.081723,0.0471,0.00273,0.086724093
2001-10-31,0.01954,0.018546,0.042117,0.041315,1059.78,0.018099,0.0441,0.002154,0
2001-11-30,0.078787,0.077259,0.102273,0.100571,1139.45,0.075176,0.04492,0.001749,0
2001-12-31,0.009051,0.007849,0.030572,0.029262,1148.08,0.007574,0.049015,0.001484,0.066090848
2002-01-31,-0.014324,-0.01532,-0.002527,-0.003289,1130.2,-0.015574,0.05042,0.00139,0
2002-02-28,-0.019481,-0.020973,-0.011293,-0.012721,1106.73,-0.020766,0.04955,0.001285,0
2002-03-28,0.037572,0.03669,0.067365,0.066228,1147.39,0.036739,0.051365,0.001341,0.050941908
2002-04-30,-0.061001,-0.061826,-0.036342,-0.036988,1076.92,-0.061418,0.0524035,0.001546,0
2002-05-31,-0.0078,-0.009438,-0.012256,-0.013828,1067.14,-0.009081,0.050637,0.001442,0
2002-06-28,-0.071349,-0.072611,-0.080675,-0.081861,989.81,-0.072465,0.049196,0.001312,0.067879727
2002-07-31,-0.073987,-0.075074,-0.105229,-0.106106,911.62,-0.078995,0.0462765,0.001507,0
2002-08-30,0.007061,0.005401,0.012241,0.010652,916.07,0.004881,0.0429985,0.001402,0
2002-09-30,-0.108965,-0.110421,-0.115309,-0.116645,815.29,-0.110013,0.0386755,0.001414,0.059093548
2002-10-31,0.088599,0.087103,0.073063,0.071851,885.76,0.086436,0.0374335,0.001334,0
2002-11-29,0.059019,0.057288,0.110251,0.108353,936.31,0.05707,0.0404885,0.001166,0
2002-12-31,-0.058834,-0.060464,-0.051344,-0.052995,879.82,-0.060333,0.040106,0.001079,0.051521993
2003-01-31,-0.026579,-0.02786,-0.025525,-0.026377,855.7,-0.027415,0.0388925,0.000934,0
2003-02-28,-0.015246,-0.017225,-0.022303,-0.024039,841.15,-0.017004,0.038261,0.000871,0
2003-03-31,0.010308,0.008967,0.005085,0.003585,848.18,0.008358,0.0374285,0.00102,0.041154375
2003-04-30,0.082774,0.081462,0.103509,0.102385,916.92,0.081044,0.0381595,0.000939,0
2003-05-30,0.053251,0.051508,0.096073,0.094441,963.59,0.050899,0.036029,0.000903,0
2003-06-30,0.012816,0.011351,0.007649,0.006213,974.5,0.011322,0.034416,0.000984,0.047272692
2003-07-31,0.017932,0.016505,0.02837,0.027302,990.31,0.016224,0.039594,0.000674,0
2003-08-29,0.019597,0.018014,0.044604,0.043044,1008.01,0.017873,0.0443455,0.000689,0
2003-09-30,-0.010737,-0.012107,-0.016561,-0.017897,995.97,-0.011944,0.042006,0.000865,0.038304028
2003-10-31,0.05556,0.05397,0.070988,0.069986,1050.71,0.054962,0.0411515,0.0007,0
2003-11-28,0.009259,0.007606,0.021267,0.01961,1058.2,0.007129,0.0431215,0.000725,0
2003-12-31,0.05178,0.050107,0.053166,0.051498,1111.92,0.050765,0.0428855,0.000831,0.041370681
2004-01-30,0.019078,0.017991,0.024211,0.023439,1131.13,0.017276,0.041887,0.000696,0
2004-02-27,0.014403,0.012716,0.020902,0.019433,1144.94,0.012209,0.040515,0.000623,0
2004-03-31,-0.014982,-0.016267,-0.00581,-0.007174,1126.21,-0.016359,0.0390295,0.000844,0.037582443
2004-04-30,-0.015584,-0.016719,-0.024546,-0.025387,1107.3,-0.016791,0.0417005,0.000795,0
2004-05-28,0.013629,0.012024,0.019374,0.017895,1120.68,0.012083,0.0457605,0.000603,0
2004-06-30,0.019488,0.018019,0.03032,0.028934,1140.84,0.017989,0.046137,0.000817,0.038493721
2004-07-30,-0.032954,-0.034111,-0.043144,-0.044004,1101.72,-0.034291,0.0452765,0.000919,0
2004-08-31,0.003807,0.002019,-0.002948,-0.004771,1104.24,0.002287,0.042957,0.001116,0
2004-09-30,0.010817,0.009347,0.02757,0.026265,1114.58,0.009364,0.0411805,0.001185,0.044314125
2004-10-29,0.014973,0.013699,0.024507,0.023589,1130.2,0.014014,0.0407145,0.001129,0
2004-11-30,0.040559,0.035572,0.058717,0.05686,1173.82,0.038595,0.0418635,0.001541,0
2004-12-31,0.033734,0.032086,0.037578,0.035933,1211.92,0.032458,0.042837,0.001672,0.037455888
2005-01-31,-0.023824,-0.024749,-0.029473,-0.030169,1181.27,-0.02529,0.041731,0.001661,0.021842103
2005-02-28,0.021152,0.019015,0.020327,0.018756,1203.6,0.018903,0.042523,0.001641,0.024988113
2005-03-31,-0.01724,-0.018729,-0.012797,-0.014308,1180.59,-0.019118,0.0442905,0.002123,0.026599363
2005-04-29,-0.018926,-0.020076,-0.030961,-0.031763,1156.85,-0.020109,0.0433955,0.002072,0.024530501
2005-05-31,0.031994,0.030156,0.048563,0.047029,1191.5,0.029952,0.040893,0.002395,0.019379029
2005-06-30,0.001717,0.000139,0.014499,0.013112,1191.33,-0.000143,0.03947,0.002263,0.020528964
2005-07-29,0.037364,0.036163,0.051383,0.050538,1234.18,0.035968,0.040945,0.002383,0.020990588
2005-08-31,-0.009159,-0.011265,-0.009789,-0.011389,1220.33,-0.011222,0.0414485,0.00292,0.019322449
2005-09-30,0.008067,0.006916,0.008281,0.007062,1228.81,0.006949,0.0416885,0.002848,0.031012456
2005-10-31,-0.015672,-0.016697,-0.023467,-0.024333,1207.01,-0.017741,0.044373,0.002728,0.028292911
2005-11-30,0.038289,0.035675,0.043744,0.041691,1249.48,0.035186,0.045173,0.003045,0.018620362
2005-12-30,-0.00006,-0.001396,0.008022,0.00657,1248.29,-0.000952,0.0443755,0.00316,0.02025335
2006-01-31,0.026442,0.025424,0.041378,0.040514,1280.08,0.025467,0.0445315,0.003488,0.029816985
2006-02-28,0.002425,0.000167,0.002951,0.001373,1280.66,0.000453,0.045331,0.003322,0.019261661
2006-03-31,0.012909,0.011511,0.017915,0.016503,1294.83,0.011065,0.046991,0.003642,0.023190592
2006-04-28,0.012064,0.01085,0.010538,0.009691,1310.61,0.012187,0.0494885,0.003559,0.023625489
2006-05-31,-0.028319,-0.030519,-0.028304,-0.029964,1270.09,-0.030917,0.0508455,0.004195,0.019220893
2006-06-30,0.001587,0.000348,-0.00196,-0.00327,1270.2,0.000087,0.051275,0.00397,0.020045231
2006-07-31,0.005571,0.00451,-0.014294,-0.015115,1276.66,0.005086,0.050579,0.003976,0.028826918
2006-08-31,0.02415,0.021679,0.03042,0.028695,1303.82,0.021274,0.048526,0.004283,0.020942436
2006-09-29,0.026487,0.025296,0.026354,0.025107,1335.85,0.024566,0.046767,0.004047,0.01956998
2006-10-31,0.032527,0.03142,0.036768,0.035605,1377.94,0.031508,0.0461285,0.004076,0.02016128
2006-11-30,0.018385,0.015887,0.025339,0.023503,1400.63,0.016467,0.045281,0.004243,0.019163718
2006-12-29,0.013768,0.012294,0.008267,0.006709,1418.3,0.012616,0.0458015,0.004036,0.019651224
2007-01-31,0.015313,0.014345,0.023825,0.023078,1438.24,0.014059,0.047551,0.004328,0.022242153
2007-02-28,-0.019288,-0.021598,-0.003043,-0.004504,1406.82,-0.021846,0.0468685,0.003837,0.018154161
2007-03-30,0.010894,0.009679,0.007339,0.005983,1420.86,0.00998,0.04605,0.004257,0.021034189
2007-04-30,0.043991,0.042857,0.043294,0.041862,1482.37,0.043291,0.0463325,0.004348,0.018649387
2007-05-31,0.034459,0.032154,0.03255,0.030965,1530.62,0.032549,0.0475505,0.004046,0.016734155
2007-06-29,-0.01662,-0.017829,-0.018468,-0.019701,1503.35,-0.017816,0.0495615,0.003918,0.021310786
2007-07-31,-0.031197,-0.032283,-0.045079,-0.045903,1455.27,-0.031982,0.048816,0.003962,0.026776777
2007-08-31,0.015094,0.012859,0.000895,-0.000985,1473.99,0.012864,0.04634,0.004205,0.017747066
2007-09-28,0.037468,0.035923,0.024308,0.022877,1526.75,0.035794,0.0455785,0.003347,0.023460662
2007-10-31,0.01736,0.016292,0.013447,0.012615,1549.38,0.014822,0.0452865,0.003212,0.029344881
2007-11-30,-0.041382,-0.043581,-0.049793,-0.051698,1481.14,-0.044043,0.0420435,0.003395,0.026260126
2007-12-31,-0.006116,-0.007903,-0.016719,-0.018747,1468.36,-0.008628,0.0398055,0.002921,0.026950132
2008-01-31,-0.061166,-0.062332,-0.045038,-0.045904,1378.55,-0.061163,0.0380815,0.00243,0.034984226
2008-02-29,-0.031419,-0.033693,-0.029501,-0.031274,1330.63,-0.034761,0.0355115,0.001325,0.033242093
2008-03-31,-0.0034,-0.005054,-0.012729,-0.014528,1322.7,-0.00596,0.034594,0.001869,0.033734076
2008-04-30,0.048629,0.04749,0.052409,0.051516,1385.59,0.047547,0.0356875,0.001025,0.029875723
2008-05-30,0.012986,0.010708,0.025677,0.023675,1400.38,0.010674,0.038937,0.000946,0.027000471
2008-06-30,-0.082842,-0.084569,-0.098363,-0.100078,1280,-0.085962,0.0401425,0.00175,0.036701761
2008-07-31,-0.007306,-0.008738,-0.003641,-0.004894,1267.38,-0.009859,0.039576,0.00144,0.04549304
2008-08-29,0.014955,0.012682,0.028359,0.026312,1282.83,0.012191,0.038789,0.001282,0.021502257
2008-09-30,-0.085467,-0.087287,-0.103388,-0.105272,1166.36,-0.090791,0.038175,0.00153,0.050289884
2008-10-31,-0.16698,-0.168455,-0.207562,-0.208677,968.75,-0.169425,0.038882,0.000792,0.056546751
2008-11-28,-0.073512,-0.076514,-0.103635,-0.106579,896.24,-0.074849,0.034365,0.000228,0.049444473
2008-12-31,0.011995,0.009229,0.044007,0.040642,903.25,0.007822,0.0256615,0.000029,0.033132918
2009-01-30,-0.082615,-0.084039,-0.078402,-0.07927,825.88,-0.085657,0.025263,0.000023,0.04796859
2009-02-27,-0.103588,-0.107402,-0.116939,-0.119918,735.09,-0.109931,0.029267,0.000147,0.040969884
2009-03-31,0.087634,0.084154,0.109438,0.105672,797.87,0.085405,0.02838,0.000159,0.035234879
2009-04-30,0.09423,0.09255,0.184857,0.183568,872.81,0.093925,0.028908,0.000125,0.04907112
2009-05-29,0.05464,0.051848,0.062487,0.060109,919.14,0.053081,0.0328905,0.000017,0.032758093
2009-06-30,0.002476,0.00068,-0.004651,-0.006631,919.32,0.000196,0.03496,0.000075,0.02888315
2009-07-31,0.074482,0.073101,0.093928,0.093046,987.48,0.074142,0.035061,0.000119,0.027388546
2009-08-31,0.034751,0.032255,0.057829,0.055677,1020.62,0.03356,0.0343855,0.000116,0.025071878
2009-09-30,0.036534,0.034978,0.052527,0.050787,1057.08,0.035723,0.033514,0.000079,0.029290215
2009-10-30,-0.018259,-0.019458,-0.034448,-0.035198,1036.19,-0.019762,0.0334405,0.00004,0.026143643
2009-11-30,0.060257,0.057607,0.054502,0.051918,1095.63,0.057364,0.032903,0.000004,0.020761547
2009-12-31,0.018983,0.017346,0.048224,0.046469,1115.1,0.017771,0.035173,0.000062,0.024503078
2010-01-29,-0.035751,-0.036781,-0.030955,-0.031612,1073.87,-0.036974,0.037106,0.000028,0.02378351
2010-02-26,0.030424,0.028014,0.043365,0.041277,1104.49,0.028514,0.0359805,0.00001,0.019454142
2010-03-31,0.061014,0.05943,0.071014,0.069189,1169.43,0.058796,0.037187,0.000068,0.034334032
2010-04-30,0.015977,0.014957,0.028049,0.027344,1186.69,0.014759,0.0373945,0.000111,0.024409726
2010-05-28,-0.080111,-0.082337,-0.073486,-0.075298,1089.41,-0.081976,0.03469,0.000112,0.021082379
2010-06-30,-0.053525,-0.055115,-0.061839,-0.06351,1030.71,-0.053882,0.0310795,0.000127,0.024592136
2010-07-30,0.070451,0.06862,0.073614,0.071307,1101.6,0.068778,0.0291815,0.000142,0.022599147
2010-08-31,-0.045434,-0.04784,-0.048287,-0.05024,1049.33,-0.047449,0.0268675,0.000126,0.025551809
2010-09-30,0.090383,0.088751,0.104307,0.102651,1141.2,0.087551,0.0248905,0.000125,0.022744844
2010-10-29,0.038726,0.037081,0.035946,0.034516,1183.26,0.036856,0.0255455,0.000112,0.020969647
2010-11-30,-0.000051,-0.002571,0.008205,0.005952,1180.55,-0.00229,0.0269805,0.000114,0.023234935
2010-12-31,0.067054,0.065249,0.072134,0.069927,1257.64,0.0653,0.0304515,0.00014,0.022792816
2011-01-31,0.023349,0.022319,0.021935,0.021193,1286.12,0.022646,0.0333195,0.000066,0.023825068
2011-02-28,0.032508,0.030251,0.041109,0.039253,1327.22,0.031957,0.033988,0.000122,0.01899609
2011-03-31,0.000625,-0.000867,0.009007,0.00743,1325.83,-0.001047,0.0344875,0.000067,0.02026043
2011-04-29,0.029441,0.028358,0.031626,0.030817,1363.61,0.028495,0.033783,0.000053,0.018899767
2011-05-31,-0.011313,-0.013572,-0.005579,-0.007504,1345.2,-0.013501,0.031735,0.000013,0.01858318
2011-06-30,-0.016545,-0.018106,-0.019098,-0.020726,1320.64,-0.018258,0.0311035,0.000035,0.016188863
2011-07-29,-0.019828,-0.020982,-0.035333,-0.036115,1292.28,-0.021474,0.0297805,-0.000028,0.02553298
2011-08-31,-0.054323,-0.056735,-0.063472,-0.065472,1218.89,-0.056791,0.0250975,0.000083,0.028301735
2011-09-30,-0.070238,-0.071739,-0.090694,-0.092357,1131.42,-0.071762,0.020694,-0.000001,0.033632225
2011-10-31,0.109014,0.107554,0.13445,0.133462,1253.3,0.107723,0.0201435,0.000014,0.028926861
2011-11-30,-0.002727,-0.005552,-0.006582,-0.00909,1246.96,-0.005059,0.0209065,0.000004,0.020272606
2011-12-30,0.009427,0.007613,0.001153,-0.000869,1257.6,0.008533,0.019721,0,0.023074584
2012-01-31,0.045205,0.044003,0.056398,0.055587,1312.41,0.043583,0.0183665,-0.000002,0.028737503
2012-02-29,0.043341,0.040744,0.041965,0.039871,1365.68,0.040589,0.018838,0.000031,0.021905913
2012-03-30,0.032866,0.031282,0.023131,0.02127,1408.47,0.031332,0.0208965,0.000046,0.024588442
2012-04-30,-0.006034,-0.007237,-0.007804,-0.008686,1397.91,-0.007497,0.0206125,0.000029,0.018808931
2012-05-31,-0.05979,-0.062433,-0.070752,-0.072967,1310.33,-0.062651,0.0173575,0.000065,0.027152732
2012-06-29,0.041465,0.039888,0.038297,0.036476,1362.16,0.039555,0.0160135,0.000022,0.017520178
2012-07-31,0.014363,0.013096,0.002866,0.001957,1379.32,0.012598,0.015564,0.000032,0.019467065
2012-08-31,0.022744,0.019938,0.03079,0.028391,1406.58,0.019763,0.0150815,0.00005,0.019881405
2012-09-28,0.02512,0.023547,0.024009,0.022222,1440.67,0.024236,0.0159095,0.000067,0.016771214
2012-10-31,-0.017837,-0.019227,-0.007577,-0.008821,1412.16,-0.019789,0.016618,0.000037,0.023766645
2012-11-30,0.005326,0.002154,0.01364,0.010684,1416.18,0.002847,0.0165285,0.000085,0.018532025
2012-12-31,0.008508,0.005902,0.024486,0.021415,1426.19,0.007068,0.016865,0.000103,0.018986353
2013-01-31,0.052361,0.051024,0.065471,0.06466,1498.11,0.050428,0.0187115,0.000022,0.022000085
2013-02-28,0.013013,0.010511,0.011986,0.010007,1514.68,0.011061,0.0193025,0.000054,0.016128796
2013-03-28,0.037584,0.036025,0.042925,0.040986,1569.19,0.035988,0.018621,0.000041,0.017655743
2013-04-30,0.019621,0.018482,0.015737,0.01496,1597.57,0.018086,0.0176015,0.000037,0.019279836
2013-05-31,0.02312,0.020441,0.028394,0.026278,1630.74,0.020763,0.0189995,0.000012,0.023592991
2013-06-28,-0.013601,-0.015262,-0.010495,-0.012486,1606.28,-0.014999,0.0230695,0.000013,0.018087922
2013-07-31,0.050672,0.049287,0.055144,0.054234,1685.73,0.049462,0.0253095,0.000009,0.019881261
2013-08-30,-0.029207,-0.031638,-0.027829,-0.029855,1632.97,-0.031298,0.0268005,0.000009,0.01685106
2013-09-30,0.03166,0.030064,0.040402,0.038552,1681.55,0.029749,0.0269695,0.000008,0.017632149
2013-10-31,0.046268,0.044953,0.042828,0.041839,1756.54,0.044596,0.025821,0.000017,0.01906046
2013-11-29,0.030817,0.028398,0.023739,0.021743,1805.81,0.028049,0.0264935,0.000032,0.018500316
2013-12-31,0.02595,0.024196,0.029739,0.02771,1848.36,0.023563,0.0288635,0.000023,0.016262502
2014-01-31,-0.034666,-0.035731,-0.029735,-0.03057,1782.59,-0.035583,0.028361,0.000012,0.024505017
2014-02-28,0.045757,0.043194,0.053918,0.051783,1859.45,0.043117,0.026458,0.000045,0.017047566
2014-03-31,0.008056,0.006537,0.007246,0.005368,1872.34,0.006932,0.026828,0.000028,0.022639108
2014-04-30,0.006555,0.005388,0.003358,0.002494,1883.95,0.006201,0.0268195,0.000015,0.024570272
2014-05-30,0.023309,0.020895,0.023075,0.021072,1923.57,0.02103,0.025609,0.000008,0.015259915
2014-06-30,0.020635,0.019048,0.028313,0.026465,1960.23,0.019058,0.0250315,0.00002,0.022612493
2014-07-31,-0.013974,-0.015278,-0.022524,-0.023461,1930.67,-0.01508,0.025441,0.000013,0.019245146
2014-08-29,0.039777,0.037446,0.04278,0.040768,2003.37,0.037655,0.0245045,0.000003,0.014263718
2014-09-30,-0.013928,-0.015467,-0.025297,-0.027212,1972.29,-0.015514,0.0241595,0.000004,0.017692881
2014-10-31,0.023972,0.0228,0.029874,0.028922,2018.05,0.023201,0.0241205,0.000012,0.020963587
2014-11-28,0.027631,0.025159,0.024246,0.021776,2067.56,0.024534,0.0224965,-0.000001,0.021625763
2014-12-31,-0.002473,-0.004249,0.003469,0.001453,2058.9,-0.004189,0.021676,0.000005,0.018284592
2015-01-30,-0.02943,-0.030468,-0.028079,-0.028807,1994.99,-0.031041,0.0190595,0.000013,0.027365968
2015-02-27,0.056976,0.054305,0.058577,0.056319,2104.5,0.054893,0.0181685,-0.000021,0.019738955
2015-03-31,-0.014993,-0.016628,-0.008459,-0.01039,2067.89,-0.017396,0.0195805,-0.000008,0.018108464
2015-04-30,0.009101,0.008004,0.003948,0.003039,2085.51,0.008521,0.019774,0.000029,0.021693613
2015-05-29,0.012522,0.010141,0.008756,0.006719,2107.39,0.010491,0.0207655,-0.000005,0.016029081
2015-06-30,-0.019343,-0.02102,-0.021924,-0.023766,2063.11,-0.021012,0.0223725,0.000004,0.019571029
2015-07-31,0.021297,0.020101,0.009476,0.008606,2103.84,0.019742,0.022666,-0.000037,0.029109197
2015-08-31,-0.060073,-0.062419,-0.053687,-0.05565,1972.18,-0.062581,0.02199,0.000027,0.016820861
2015-09-30,-0.024547,-0.026258,-0.033593,-0.035655,1920.03,-0.026443,0.0212735,-0.000006,0.022070584
2015-10-30,0.083449,0.082049,0.073634,0.072417,2079.36,0.082983,0.0208945,-0.000027,0.021532697
2015-11-30,0.003373,0.000817,0.002899,0.000376,2080.41,0.000505,0.0217405,0.00002,0.017711543
2015-12-31,-0.015247,-0.017076,-0.025283,-0.027383,2043.94,-0.01753,0.022377,0.000103,0.027052637
2016-01-29,-0.0491,-0.05025,-0.055963,-0.056826,1940.24,-0.050735,0.0209515,0.000037,0.031556448
2016-02-29,-0.001742,-0.004457,0.011832,0.009526,1932.23,-0.004128,0.018278,0.000205,0.021883914
2016-03-31,0.06734,0.065146,0.081025,0.078068,2059.74,0.065991,0.017517,0.00019,0.019027459
2016-04-29,0.003747,0.002576,0.012821,0.011978,2065.3,0.002699,0.01801,0.000051,0.026895861
2016-05-31,0.018487,0.015886,0.01448,0.012276,2096.96,0.015329,0.0183955,0.000115,0.017172376
2016-06-30,0.002675,0.001002,-0.000108,-0.002048,2098.86,0.000906,0.0165775,0.000188,0.026104276
2016-07-29,0.036571,0.035324,0.043329,0.042516,2173.6,0.03561,0.014614,0.000171,0.021913032
2016-08-31,0.001247,-0.001396,0.002249,0.000066,2170.95,-0.001219,0.0151655,0.000165,0.018728972
2016-09-30,0.000446,-0.001033,0.000625,-0.001234,2168.27,-0.001234,0.015872,0.000219,0.01910994
2016-10-31,-0.017944,-0.019193,-0.024156,-0.025196,2126.15,-0.019426,0.0170995,0.000168,0.022112453
2016-11-30,0.035812,0.033029,0.051613,0.049337,2198.81,0.034174,0.021032,0.000136,0.033905632
2016-12-30,0.019204,0.017577,0.01078,0.008847,2238.83,0.018201,0.024126,0.000239,0.015360404
2017-01-31,0.019384,0.018311,0.021092,0.020318,2278.87,0.017884,0.024487,0.000358,0.021087938
2017-02-28,0.039459,0.037052,0.03162,0.029694,2363.64,0.037198,0.024215,0.000364,0.018061856
2017-03-31,0.001664,0.000055,0.000183,-0.001775,2362.72,-0.000389,0.0238865,0.000353,0.015034151
2017-04-28,0.010591,0.009439,0.006858,0.005999,2384.2,0.009091,0.023338,0.000537,0.016543218
2017-05-31,0.014552,0.01192,0.004471,0.002333,2411.8,0.011576,0.022415,0.000614,0.021218661
2017-06-30,0.005798,0.004364,0.013051,0.011269,2423.41,0.004814,0.0225325,0.000617,0.020465809
2017-07-31,0.020696,0.019162,0.015782,0.014288,2470.3,0.019349,0.0229895,0.000722,0.017036619
2017-08-31,0.002238,-0.000324,-0.010591,-0.012856,2471.65,0.000546,0.022056,0.000827,0.018481499
2017-09-29,0.02005,0.018742,0.029365,0.027648,2519.36,0.019303,0.022253,0.000944,0.023598501
2017-10-31,0.024132,0.023006,0.010352,0.009473,2575.26,0.022188,0.0235645,0.00084,0.025322443
2017-11-30,0.031389,0.02886,0.038786,0.036577,2647.58,0.028083,0.023945,0.000826,0.017925524
2017-12-29,0.011149,0.009851,0.013102,0.011375,2673.61,0.009832,0.0240755,0.000884,0.015337154
2018-01-31,0.05806,0.057018,0.044707,0.043892,2823.81,0.056179,0.025552,0.001121,0.023796454
2018-02-28,-0.037661,-0.039702,-0.043355,-0.045061,2713.83,-0.038947,0.027828,0.001073,0.023672843
2018-03-29,-0.025459,-0.027092,-0.008575,-0.010879,2640.87,-0.026885,0.0279975,0.000261,0.019100072
2018-04-30,0.00377,0.002656,0.003884,0.002994,2648.05,0.002719,0.02846,0.001433,0.022502218
2018-05-31,0.0238,0.021317,0.015564,0.013451,2705.27,0.021608,0.0290585,0.001401,0.022931531
2018-06-29,0.00684,0.005507,0.011219,0.009407,2718.37,0.004842,0.0285935,0.001408,0.020797649
2018-07-31,0.037144,0.03597,0.032295,0.031396,2816.29,0.036022,0.0290995,0.001558,0.020436157
2018-08-31,0.032938,0.030647,0.020003,0.017913,2901.52,0.030263,0.029101,0.001575,0.023432611
2018-09-28,0.005138,0.003758,0.001597,-0.00023,2913.98,0.004294,0.029608,0.00149,0.020082059
2018-10-31,-0.068409,-0.069492,-0.07138,-0.072247,2711.74,-0.069403,0.0310235,0.00189,0.033154998
2018-11-30,0.019752,0.017259,0.027402,0.025045,2760.17,0.017859,0.030657,0.001795,0.027689524
2018-12-31,-0.090646,-0.092188,-0.100313,-0.102271,2506.85,-0.091777,0.0283605,0.00193,0.023105274
2019-01-31,0.081409,0.080024,0.101019,0.100002,2704.1,0.078684,0.0265675,0.00192,0.025130746
2019-02-28,0.031708,0.029398,0.036691,0.034541,2784.49,0.029729,0.0267215,0.001809,0.019473102
2019-03-29,0.019531,0.018007,0.009131,0.006997,2834.4,0.017924,0.0256,0.001935,0.02179535
2019-04-30,0.040629,0.039469,0.036678,0.035736,2945.83,0.039313,0.024534,0.002125,0.025264834
2019-05-31,-0.063187,-0.065503,-0.068451,-0.070743,2752.06,-0.065778,0.023132,0.001983,0.026750669
2019-06-28,0.069561,0.068056,0.075817,0.073828,2941.76,0.06893,0.0206485,0.001853,0.017312764
2019-07-31,0.014603,0.013367,0.008839,0.007845,2980.38,0.013128,0.0200975,0.001783,0.019998578
2019-08-30,-0.016085,-0.018377,-0.031248,-0.033591,2926.46,-0.018092,0.0175525,0.001908,0.026699401
2019-09-30,0.018791,0.017272,0.033528,0.031375,2976.74,0.017181,0.0158035,0.001787,0.019869776
2019-10-31,0.021621,0.020441,0.013161,0.012198,3037.56,0.020432,0.016778,0.001531,0.020777632
2019-11-29,0.036206,0.033979,0.034518,0.032059,3140.98,0.034047,0.017334,0.001197,0.018487696
2019-12-31,0.029787,0.028136,0.028763,0.026519,3230.78,0.02859,0.0184665,0.001431,0.015018696
2020-01-31,0.000108,-0.001129,-0.017589,-0.018584,3225.52,-0.001628,0.0171215,0.001164,0.029371907
2020-02-28,-0.081872,-0.08408,-0.090756,-0.093623,2954.22,-0.08411,0.013277,0.001208,0.021170906
2020-03-31,-0.121997,-0.123686,-0.188008,-0.190475,2584.59,-0.125119,0.0090905,0.001268,0.052652759
2020-04-30,0.12889,0.127654,0.146692,0.145556,2912.43,0.126844,0.006544,0.000003,0.027385078
2020-05-29,0.047818,0.045587,0.048583,0.046155,3044.31,0.045282,0.0064595,0.000059,0.023753767
2020-06-30,0.020348,0.018885,0.01352,0.011534,3100.29,0.018388,0.0065435,0.000111,0.029447501
2020-07-31,0.05691,0.055682,0.046928,0.045811,3271.12,0.055101,0.0059215,0.000096,0.028750256
2020-08-31,0.072068,0.070308,0.045357,0.043174,3500.31,0.070065,0.006165,0.000079,0.027647387
2020-09-30,-0.038151,-0.039366,-0.025198,-0.027038,3363,-0.039228,0.006944,0.000076,0.023211428
2020-10-30,-0.026409,-0.027507,-0.006164,-0.007288,3269.96,-0.027666,0.0077885,0.000073,0.023721785
2020-11-30,0.109404,0.107624,0.146694,0.144448,3621.63,0.107546,0.008563,0.000066,0.029832988
2020-12-31,0.041572,0.040137,0.041983,0.040013,3756.07,0.037121,0.0087605,0.00006,0.022905581
2021-01-29,-0.010052,-0.01109,-0.006385,-0.007324,3714.24,-0.011137,0.0098935,0.000046,0.024257648
2021-02-26,0.026104,0.024631,0.063438,0.061739,3811.15,0.026091,0.012352,0.000045,0.037224583
2021-03-31,0.043314,0.04197,0.057146,0.055186,3972.89,0.042439,0.0157265,0.000027,0.022766386
2021-04-30,0.053904,0.052991,0.0471,0.046282,4181.17,0.052425,0.0168315,0.000014,0.020467357
2021-05-28,0.006208,0.004737,0.019381,0.017757,4204.11,0.005487,0.016101,0.000005,0.019599631
2021-06-30,0.023682,0.022564,0.001193,-0.000344,4297.5,0.022214,0.0153115,0.000004,0.025524752
2021-07-30,0.024305,0.023309,0.012336,0.011412,4395.26,0.022748,0.0134515,0.000031,0.0213199
2021-08-31,0.0306,0.029205,0.023357,0.021633,4522.68,0.02899,0.0126555,0.000049,0.019302144
2021-09-30,-0.046076,-0.047152,-0.037591,-0.039176,4307.54,-0.047569,0.0139805,0.000033,0.022076256
2021-10-29,0.07051,0.069627,0.052817,0.051969,4605.38,0.069144,0.015197,0.000037,0.031756394
2021-11-30,-0.007256,-0.008666,-0.025723,-0.027548,4567,-0.008334,0.014982,0.000044,0.029788783
2021-12-31,0.043485,0.042285,0.063631,0.061863,4766.18,0.043613,0.014772,0.000067,0.02597418
2022-01-31,-0.052243,-0.053087,-0.04268,-0.043469,4515.55,-0.052585,0.016434,0.000044,0.033632639
2022-02-28,-0.029293,-0.0307,-0.010156,-0.011785,4373.94,-0.031361,0.0180085,0.000028,0.028057436
2022-03-31,0.037925,0.036605,0.027143,0.025244,4530.41,0.035773,0.020815,0.00006,0.026725682
2022-04-29,-0.087576,-0.088393,-0.063196,-0.063963,4131.93,-0.087957,0.026358,0.000037,0.03660295
2022-05-31,0.000374,-0.001355,0.009982,0.00805,4132.15,0.000053,0.0288885,0.000307,0.026501941
2022-06-30,-0.081683,-0.083126,-0.092875,-0.094766,3785.38,-0.08392,0.029285,0.000567,0.030579251
2022-07-29,0.093766,0.092675,0.087937,0.086981,4130.29,0.091116,0.028308,0.000812,0.030324522
2022-08-31,-0.040295,-0.042052,-0.033776,-0.03582,3955,-0.04244,0.0292065,0.001901,0.019730242
2022-09-30,-0.091495,-0.092876,-0.092953,-0.094956,3585.62,-0.093396,0.035106,0.001929,0.025430932
2022-10-31,0.080248,0.079197,0.096627,0.095682,3871.98,0.079863,0.039382,0.002327,0.036166801
2022-11-30,0.054165,0.052157,0.06901,0.066817,4080.11,0.053753,0.038266,0.002856,0.027766426
2022-12-30,-0.058784,-0.06017,-0.048775,-0.050741,3839.5,-0.058971,0.037401,0.003379,0.025931884
2023-01-31,0.06381,0.062777,0.075629,0.074764,4076.6,0.061753,0.0369085,0.003506,0.034448093
2023-02-28,-0.024265,-0.025993,-0.033449,-0.035322,3970.15,-0.026112,0.0371345,0.00345,0.024309578
2023-03-31,0.037479,0.035871,-0.002739,-0.005038,4109.31,0.035052,0.036938,0.003638,0.032416067
2023-04-28,0.015015,0.014065,0.002116,0.001183,4169.48,0.014642,0.034448,0.00364,0.022207656
2023-05-31,0.005306,0.003474,-0.037839,-0.039924,4179.83,0.002482,0.035323,0.003662,0.040704808
2023-06-30,0.066952,0.065652,0.078668,0.076573,4450.38,0.064728,0.0373965,0.004078,0.021139028
2023-07-31,0.0317,0.030745,0.035298,0.034302,4588.96,0.031139,0.0389775,0.004391,0.020795636
2023-08-31,-0.015424,-0.017192,-0.030844,-0.032977,4507.66,-0.017716,0.0403345,0.004537,0.022499636
2023-09-29,-0.047566,-0.048621,-0.050317,-0.052213,4288.05,-0.048719,0.043396,0.004267,0.019050389
2023-10-31,-0.02104,-0.022005,-0.040839,-0.041857,4193.8,-0.02198,0.047509,0.004715,0.026111441
2023-11-30,0.090804,0.088667,0.092772,0.090096,4567.8,0.089179,0.0462855,0.004424,0.02347233
2023-12-29,0.045298,0.043955,0.070662,0.068595,4769.83,0.044229,0.0410275,0.004266,0.022312809
