,portRet,turnover,CompoundAnnualReturn,Min_monthly,Max_monthly,portStdDev_monthly,portVaR,portCVaR,growth_multiplier,wealth_index,peak_wealth_index,drawdown,drawdown_pct
12/30/1994,0.008447975,0,NA,NA,NA,NA,NA,NA,1,1000,1000,0,0
1/31/1995,0.01872117,0.350551341,NA,NA,NA,NA,NA,NA,1.01872117,1018.72117,1018.72117,0,0
2/28/1995,0.045652785,0.35130624,NA,NA,NA,NA,NA,NA,1.045652785,1065.228629,1065.228629,0,0
3/31/1995,0.027617532,0.340151905,NA,NA,NA,NA,NA,NA,1.027617532,1094.647614,1094.647614,0,0
4/28/1995,0.023958798,0.344073794,NA,NA,NA,NA,NA,NA,1.023958798,1120.874056,1120.874056,0,0
5/31/1995,0.033059484,0.32549833,NA,NA,NA,NA,NA,NA,1.033059484,1157.929574,1157.929574,0,0
6/30/1995,0.025387965,0.31030834,NA,NA,NA,NA,NA,NA,1.025387965,1187.32705,1187.32705,0,0
7/31/1995,0.034027094,0.316078075,NA,NA,NA,NA,NA,NA,1.034027094,1227.728339,1227.728339,0,0
8/31/1995,0.007571937,0.341062956,NA,NA,NA,NA,NA,NA,1.007571937,1237.024621,1237.024621,0,0
9/29/1995,0.022452719,0.320443245,NA,NA,NA,NA,NA,NA,1.022452719,1264.799188,1264.799188,0,0
10/31/1995,-0.024366706,0.333474553,NA,NA,NA,NA,NA,NA,0.975633294,1233.980198,1264.799188,-30.81898981,-0.024366706
11/30/1995,0.049575915,0.336726191,0.30609734,-0.024366706,0.049575915,0.019495681,0.006800452,0.024366706,1.049575915,1295.155895,1295.155895,0,0
12/29/1995,0.013060608,0.347682868,0.312071419,-0.024366706,0.049575915,0.019233369,0.006800452,0.024366706,1.013060608,1312.071419,1312.071419,0,0
1/31/1996,0.029580206,0.345913909,0.326057415,-0.024366706,0.049575915,0.019266103,0.006800452,0.024366706,1.029580206,1350.882762,1350.882762,0,0
2/29/1996,0.012451027,0.341283761,0.283952198,-0.024366706,0.049575915,0.018224232,0.006800452,0.024366706,1.012451027,1367.702639,1367.702639,0,0
3/29/1996,0.020460001,0.331463755,0.275009252,-0.024366706,0.049575915,0.018111812,0.006800452,0.024366706,1.020460001,1395.685836,1395.685836,0,0
4/30/1996,0.024310311,0.323728852,0.275446947,-0.024366706,0.049575915,0.018118018,0.006800452,0.024366706,1.024310311,1429.615393,1429.615393,0,0
5/31/1996,0.016542073,0.333386301,0.255054045,-0.024366706,0.049575915,0.017710811,0.006800452,0.024366706,1.016542073,1453.264196,1453.264196,0,0
6/28/1996,-0.016775352,0.316775005,0.203447001,-0.024366706,0.049575915,0.020366596,0.020191461,0.024366706,0.983224648,1428.885178,1453.264196,-24.37901808,-0.016775352
7/31/1996,-0.057173673,0.349591122,0.097303468,-0.057173673,0.049575915,0.02836737,0.039129841,0.057173673,0.942826327,1347.190564,1453.264196,-106.0736316,-0.072989916
8/30/1996,0.035261028,0.320120414,0.127458472,-0.057173673,0.049575915,0.029423366,0.039129841,0.057173673,1.035261028,1394.693889,1453.264196,-58.57030701,-0.040302587
9/30/1996,0.040297145,0.328785914,0.147135518,-0.057173673,0.049575915,0.030515861,0.039129841,0.057173673,1.040297145,1450.896071,1453.264196,-2.36812477,-0.001629521
10/31/1996,0.018761157,0.355370195,0.197844635,-0.057173673,0.049575915,0.028311833,0.034954596,0.057173673,1.018761157,1478.116559,1478.116559,0,0
11/29/1996,0.069496109,0.329312613,0.220578862,-0.057173673,0.069496109,0.030950605,0.034954596,0.057173673,1.069496109,1580.839908,1580.839908,0,0
12/31/1996,-0.013498724,0.331594714,0.188579039,-0.057173673,0.069496109,0.032197206,0.034954596,0.057173673,0.986501276,1559.500587,1580.839908,-21.33932144,-0.013498724
1/31/1997,0.043985564,0.342649086,0.205209028,-0.057173673,0.069496109,0.033048506,0.034954596,0.057173673,1.043985564,1628.0961,1628.0961,0,0
2/28/1997,0.012322845,0.361359228,0.205056441,-0.057173673,0.069496109,0.03304984,0.034954596,0.057173673,1.012322845,1648.158875,1648.158875,0,0
3/31/1997,-0.033948506,0.336354976,0.14080569,-0.057173673,0.069496109,0.036006962,0.044399831,0.057173673,0.966051494,1592.206343,1648.158875,-55.95253206,-0.033948506
4/30/1997,0.030040355,0.340046344,0.147187415,-0.057173673,0.069496109,0.036227702,0.044399831,0.057173673,1.030040355,1640.036788,1648.158875,-8.122087737,-0.004927976
5/30/1997,0.077693656,0.356484541,0.216198161,-0.057173673,0.077693656,0.040906721,0.044399831,0.057173673,1.077693656,1767.457242,1767.457242,0,0
6/30/1997,0.033031958,0.362001747,0.277807233,-0.057173673,0.077693656,0.039653089,0.044399831,0.057173673,1.033031958,1825.839815,1825.839815,0,0
7/31/1997,0.081923516,0.329870574,0.466324873,-0.033948506,0.081923516,0.034621713,0.022701126,0.033948506,1.081923516,1975.419033,1975.419033,0,0
8/29/1997,-0.024242248,0.344122135,0.382045516,-0.033948506,0.081923516,0.038323403,0.028610064,0.033948506,0.975757752,1927.530435,1975.419033,-47.88859785,-0.024242248
9/30/1997,0.043642825,0.321131759,0.386490286,-0.033948506,0.081923516,0.038433103,0.028610064,0.033948506,1.043642825,2011.653308,2011.653308,0,0
10/31/1997,-0.047263956,0.326498575,0.296632936,-0.047263956,0.081923516,0.044209702,0.039940459,0.047263956,0.952736044,1916.574614,2011.653308,-95.0786942,-0.047263956
11/28/1997,0.029349746,0.307880605,0.247960393,-0.047263956,0.081923516,0.041805556,0.039940459,0.047263956,1.029349746,1972.825593,2011.653308,-38.8277154,-0.019301395
12/31/1997,0.009593704,0.326332359,0.277173163,-0.047263956,0.081923516,0.040668545,0.039940459,0.047263956,1.009593704,1991.752297,2011.653308,-19.90101134,-0.009892863
1/30/1998,-0.005270914,0.342770431,0.216914616,-0.047263956,0.081923516,0.040661326,0.039940459,0.047263956,0.994729086,1981.253941,2011.653308,-30.39936678,-0.015111633
2/27/1998,0.077757741,0.334856291,0.295573991,-0.047263956,0.081923516,0.044177599,0.039940459,0.047263956,1.077757741,2135.311771,2135.311771,0,0
3/31/1998,0.048602288,0.356083636,0.40628306,-0.047263956,0.081923516,0.040858424,0.034602017,0.047263956,1.048602288,2239.092809,2239.092809,0,0
4/30/1998,0.005894047,0.337395608,0.373316833,-0.047263956,0.081923516,0.041423903,0.034602017,0.047263956,1.005894047,2252.290127,2252.290127,0,0
5/29/1998,-0.017004087,0.327558354,0.25264246,-0.047263956,0.081923516,0.040000552,0.034602017,0.047263956,0.982995913,2213.991989,2252.290127,-38.29813834,-0.017004087
6/30/1998,0.007126897,0.347997174,0.221230287,-0.047263956,0.081923516,0.039912678,0.034602017,0.047263956,1.007126897,2229.770882,2252.290127,-22.51924489,-0.009998377
7/31/1998,-0.038691936,0.328653712,0.08508458,-0.047263956,0.077757741,0.037319562,0.042549345,0.047263956,0.961308064,2143.496731,2252.290127,-108.7933961,-0.048303456
8/31/1998,-0.148900229,0.345094,-0.053540456,-0.148900229,0.077757741,0.058362682,0.093000279,0.148900229,0.851099771,1824.329577,2252.290127,-427.9605498,-0.190011289
9/30/1998,0.067813798,0.344869709,-0.031620266,-0.148900229,0.077757741,0.060494339,0.093000279,0.148900229,1.067813798,1948.044295,2252.290127,-304.2458321,-0.135082878
10/30/1998,0.090639372,0.299611027,0.108547401,-0.148900229,0.090639372,0.063892461,0.088285668,0.148900229,1.090639372,2124.613807,2252.290127,-127.6763201,-0.056687333
11/30/1998,0.042999182,0.320824811,0.123247017,-0.148900229,0.090639372,0.064376732,0.088285668,0.148900229,1.042999182,2215.970462,2252.290127,-36.31966509,-0.01612566
12/31/1998,0.028271728,0.32965129,0.144027689,-0.148900229,0.090639372,0.0645464,0.088285668,0.148900229,1.028271728,2278.619777,2278.619777,0,0
1/29/1999,0.009243694,0.333946359,0.16072079,-0.148900229,0.090639372,0.064302912,0.088285668,0.148900229,1.009243694,2299.682641,2299.682641,0,0
2/26/1999,-0.023422024,0.341894614,0.051752465,-0.148900229,0.090639372,0.061837589,0.088285668,0.148900229,0.976577976,2245.819419,2299.682641,-53.86322204,-0.023422024
3/31/1999,0.004841389,0.34553271,0.007860101,-0.148900229,0.090639372,0.060372888,0.088285668,0.148900229,1.004841389,2256.692305,2299.682641,-42.99033586,-0.01869403
4/30/1999,0.102877873,0.307889682,0.105033485,-0.148900229,0.102877873,0.067009717,0.088285668,0.148900229,1.102877873,2488.856008,2488.856008,0,0
5/28/1999,-0.002794139,0.32943417,0.121007579,-0.148900229,0.102877873,0.066604149,0.088285668,0.148900229,0.997205861,2481.901799,2488.856008,-6.954209783,-0.002794139
6/30/1999,0.039142271,0.348812012,0.156643084,-0.148900229,0.102877873,0.067045503,0.088285668,0.148900229,1.039142271,2579.04907,2579.04907,0,0
7/30/1999,-0.028642839,0.337281681,0.168734128,-0.148900229,0.102877873,0.066382443,0.082758664,0.148900229,0.971357161,2505.177783,2579.04907,-73.87128715,-0.028642839
8/31/1999,-0.019205381,0.340937881,0.346831691,-0.028642839,0.102877873,0.044038375,0.025771391,0.028642839,0.980794619,2457.06489,2579.04907,-121.9841803,-0.047298123
9/30/1999,-0.043054558,0.334844652,0.206993626,-0.043054558,0.102877873,0.046048039,0.035128113,0.043054558,0.956945442,2351.277047,2579.04907,-227.7720232,-0.088316281
10/29/1999,0.022074468,0.322495565,0.131113913,-0.043054558,0.102877873,0.039886667,0.035128113,0.043054558,1.022074468,2403.180238,2579.04907,-175.8688327,-0.068191348
11/30/1999,-0.008101223,0.315687597,0.07569644,-0.043054558,0.102877873,0.038878058,0.035128113,0.043054558,0.991898777,2383.711537,2579.04907,-195.3375329,-0.075740138
12/31/1999,0.032006805,0.328662715,0.079603781,-0.043054558,0.102877873,0.039080281,0.035128113,0.043054558,1.032006805,2460.006527,2579.04907,-119.0425431,-0.046157533
1/31/2000,-0.053124793,0.31166559,0.012887234,-0.053124793,0.102877873,0.042742146,0.047586164,0.053124793,0.946875207,2329.319188,2579.04907,-249.7298818,-0.096830217
2/29/2000,-0.048735301,0.322593841,-0.013367193,-0.053124793,0.102877873,0.04468504,0.050710572,0.053124793,0.951264699,2215.799118,2579.04907,-363.2499528,-0.140846468
3/31/2000,0.107804114,0.310158212,0.08772976,-0.053124793,0.107804114,0.054544163,0.050710572,0.053124793,1.107804114,2454.671379,2579.04907,-124.3776912,-0.048226183
4/28/2000,0.014820703,0.318395074,0.000882062,-0.053124793,0.107804114,0.045911571,0.050710572,0.053124793,1.014820703,2491.051334,2579.04907,-87.99773614,-0.034120226
5/31/2000,0.012596874,0.337634312,0.016329815,-0.053124793,0.107804114,0.046010335,0.050710572,0.053124793,1.012596874,2522.430795,2579.04907,-56.61827567,-0.02195316
6/30/2000,-0.024693284,0.324337681,-0.046104347,-0.053124793,0.107804114,0.045043376,0.050710572,0.053124793,0.975306716,2460.143696,2579.04907,-118.9053744,-0.046104347
7/31/2000,0.004687605,0.332372683,-0.013373065,-0.053124793,0.107804114,0.044342001,0.050710572,0.053124793,1.004687605,2471.675877,2579.04907,-107.3731933,-0.041632862
8/31/2000,0.068241584,0.312059576,0.074593905,-0.053124793,0.107804114,0.047978952,0.050710572,0.053124793,1.068241584,2640.346955,2640.346955,0,0
9/29/2000,-0.012915225,0.327700964,0.108438618,-0.053124793,0.107804114,0.045860074,0.050710572,0.053124793,0.987084775,2606.24628,2640.346955,-34.10067537,-0.012915225
10/31/2000,0.014571923,0.353810919,0.100302115,-0.053124793,0.107804114,0.045724824,0.050710572,0.053124793,1.014571923,2644.224299,2644.224299,0,0
11/30/2000,-0.040941019,0.337524471,0.063873301,-0.053124793,0.107804114,0.047773651,0.050710572,0.053124793,0.959058981,2535.967062,2644.224299,-108.2572365,-0.040941019
12/29/2000,0.086222538,0.339135794,0.119763117,-0.053124793,0.107804114,0.052742024,0.050710572,0.053124793,1.086222538,2754.624578,2754.624578,0,0
1/31/2001,0.058923278,0.313305662,0.252269805,-0.048735301,0.107804114,0.050273838,0.044448446,0.048735301,1.058923278,2916.936086,2916.936086,0,0
2/28/2001,-0.043533246,0.331202884,0.259117926,-0.043533246,0.107804114,0.049645303,0.042107521,0.043533246,0.956466754,2789.952389,2916.936086,-126.9836975,-0.043533246
3/30/2001,-0.045039364,0.31325462,0.085397715,-0.045039364,0.086222538,0.044550687,0.044210999,0.045039364,0.954960636,2664.294707,2916.936086,-252.6413794,-0.086611901
4/30/2001,0.08148554,0.327091897,0.156698845,-0.045039364,0.086222538,0.049405213,0.044210999,0.045039364,1.08148554,2881.396201,2916.936086,-35.53988533,-0.012183978
5/31/2001,0.020542418,0.32632792,0.165775113,-0.045039364,0.086222538,0.049448149,0.044210999,0.045039364,1.020542418,2940.587046,2940.587046,0,0
6/29/2001,-0.007551504,0.320298508,0.186264524,-0.045039364,0.086222538,0.048467798,0.044210999,0.045039364,0.992448496,2918.38119,2940.587046,-22.20585624,-0.007551504
7/31/2001,-0.00820961,0.335607311,0.171036399,-0.045039364,0.086222538,0.048868071,0.044210999,0.045039364,0.99179039,2894.422418,2940.587046,-46.16462738,-0.015699119
8/31/2001,-0.03007809,0.312936901,0.063255613,-0.045039364,0.086222538,0.047219374,0.044210999,0.045039364,0.96992191,2807.36372,2940.587046,-133.2233256,-0.04530501
9/28/2001,-0.12303881,0.321360239,-0.055365931,-0.12303881,0.086222538,0.060178607,0.080139115,0.12303881,0.87696119,2461.949028,2940.587046,-478.6380181,-0.162769546
10/31/2001,0.047773543,0.337862027,-0.02445301,-0.12303881,0.086222538,0.061803945,0.080139115,0.12303881,1.047773543,2579.565055,2940.587046,-361.0219903,-0.122772081
11/30/2001,0.09356237,0.306194119,0.112362743,-0.12303881,0.09356237,0.065826473,0.080139115,0.12303881,1.09356237,2820.915277,2940.587046,-119.6717691,-0.040696557
12/31/2001,0.030279784,0.308774854,0.055073713,-0.12303881,0.09356237,0.06187089,0.080139115,0.12303881,1.030279784,2906.331982,2940.587046,-34.25506376,-0.011649056
1/31/2002,0.004623151,0.356990458,0.000970987,-0.12303881,0.09356237,0.059613599,0.080139115,0.12303881,1.004623151,2919.768394,2940.587046,-20.81865169,-0.00707976
2/28/2002,-0.012459136,0.325591535,0.033490971,-0.12303881,0.09356237,0.058124792,0.080139115,0.12303881,0.987540864,2883.390603,2940.587046,-57.19644312,-0.019450689
3/28/2002,0.070002127,0.327529029,0.157992796,-0.12303881,0.09356237,0.058726916,0.071910414,0.12303881,1.070002127,3085.234078,3085.234078,0,0
4/30/2002,-0.035956082,0.355343683,0.032243032,-0.12303881,0.09356237,0.056172124,0.07514331,0.12303881,0.964043918,2974.301149,3085.234078,-110.9329286,-0.035956082
5/31/2002,-0.00982077,0.322163485,0.001531727,-0.12303881,0.09356237,0.056049052,0.07514331,0.12303881,0.99017923,2945.091222,3085.234078,-140.1428559,-0.045423735
6/28/2002,-0.07761693,0.342626891,-0.069174961,-0.12303881,0.09356237,0.060556571,0.098056776,0.12303881,0.92238307,2716.502284,3085.234078,-368.7317937,-0.119515014
7/31/2002,-0.097258681,0.342387427,-0.152750186,-0.12303881,0.09356237,0.066272934,0.108859739,0.12303881,0.902741319,2452.298856,3085.234078,-632.9352221,-0.205149822
8/30/2002,0.010265315,0.317637481,-0.117509264,-0.12303881,0.09356237,0.066277265,0.108859739,0.12303881,1.010265315,2477.472476,3085.234078,-607.7616017,-0.196990435
9/30/2002,-0.114455368,0.329203554,-0.1088717,-0.114455368,0.09356237,0.064959656,0.10499719,0.114455368,0.885544632,2193.912452,3085.234078,-891.3216263,-0.28889919
10/31/2002,0.0758129,0.311497449,-0.08502431,-0.114455368,0.09356237,0.067583376,0.10499719,0.114455368,1.0758129,2360.239317,3085.234078,-724.9947611,-0.234988576
11/29/2002,0.113660074,0.347257838,-0.068208707,-0.114455368,0.113660074,0.070443254,0.10499719,0.114455368,1.113660074,2628.504292,3085.234078,-456.7297862,-0.148037321
12/31/2002,-0.055295401,0.357308034,-0.145603424,-0.114455368,0.113660074,0.071033302,0.10499719,0.114455368,0.944704599,2483.160094,3085.234078,-602.0739841,-0.195146938
1/31/2003,-0.024906184,0.340891153,-0.170717083,-0.114455368,0.113660074,0.070965353,0.10499719,0.114455368,0.975093816,2421.314051,3085.234078,-663.920027,-0.215192757
2/28/2003,-0.016969379,0.310554322,-0.174504539,-0.114455368,0.113660074,0.070973195,0.10499719,0.114455368,0.983030621,2380.225855,3085.234078,-705.0082233,-0.228510449
3/31/2003,0.004078706,0.331641169,-0.22536377,-0.114455368,0.113660074,0.066317056,0.10499719,0.114455368,1.004078706,2389.934096,3085.234078,-695.299982,-0.22536377
4/30/2003,0.09798621,0.322476602,-0.117737395,-0.114455368,0.113660074,0.074033776,0.10499719,0.114455368,1.09798621,2624.114681,3085.234078,-461.1193971,-0.149460101
5/30/2003,0.092398742,0.315762364,-0.026658476,-0.114455368,0.113660074,0.079470769,0.10499719,0.114455368,1.092398742,2866.579578,3085.234078,-218.6545005,-0.070871284
6/30/2003,0.008645554,0.329450423,0.064369709,-0.114455368,0.113660074,0.075553224,0.10499719,0.114455368,1.008645554,2891.362747,3085.234078,-193.8713311,-0.062838451
7/31/2003,0.028858683,0.326066011,0.213067347,-0.114455368,0.113660074,0.068000163,0.081917386,0.114455368,1.028858683,2974.803668,3085.234078,-110.4304099,-0.035793203
8/29/2003,0.049072406,0.315853195,0.259664627,-0.114455368,0.113660074,0.068502174,0.081917386,0.114455368,1.049072406,3120.784442,3120.784442,0,0
9/30/2003,-0.008461036,0.324525065,0.410438857,-0.055295401,0.113660074,0.054838544,0.038581332,0.055295401,0.991538964,3094.379371,3120.784442,-26.40507098,-0.008461036
10/31/2003,0.067933955,0.321683122,0.400109208,-0.055295401,0.113660074,0.0542899,0.038581332,0.055295401,1.067933955,3304.592801,3304.592801,0,0
11/28/2003,0.021415465,0.355816621,0.28413798,-0.055295401,0.09798621,0.047425383,0.038581332,0.055295401,1.021415465,3375.362193,3375.362193,0,0
12/31/2003,0.042979129,0.32038333,0.417722654,-0.024906184,0.09798621,0.040886925,0.020540941,0.024906184,1.042979129,3520.432319,3520.432319,0,0
1/30/2004,0.022880404,0.328468272,0.487201229,-0.016969379,0.09798621,0.037185896,0.012289791,0.016969379,1.022880404,3600.981232,3600.981232,0,0
2/27/2004,0.015505339,0.332084946,0.536331378,-0.008461036,0.09798621,0.034180981,0.001564178,0.008461036,1.015505339,3656.815667,3656.815667,0,0
3/31/2004,-0.009376013,0.309638611,0.515744439,-0.009376013,0.09798621,0.035550204,0.008872776,0.009376013,0.990623987,3622.529316,3656.815667,-34.28635122,-0.009376013
4/30/2004,-0.022353433,0.311181888,0.34961836,-0.022353433,0.092398742,0.033323035,0.015215852,0.022353433,0.977646567,3541.553351,3656.815667,-115.2623159,-0.031519859
5/28/2004,0.019219821,0.338306041,0.259208501,-0.022353433,0.067933955,0.025893287,0.015215852,0.022353433,1.019219821,3609.621371,3656.815667,-47.19429554,-0.012905845
6/30/2004,0.028168621,0.322214753,0.283581394,-0.022353433,0.067933955,0.025748961,0.015215852,0.022353433,1.028168621,3711.299426,3711.299426,0,0
7/30/2004,-0.047753306,0.310057216,0.188001967,-0.047753306,0.067933955,0.032359227,0.033783376,0.047753306,0.952246694,3534.072608,3711.299426,-177.2268184,-0.047753306
8/31/2004,-0.006963753,0.331581708,0.124544891,-0.047753306,0.067933955,0.030999917,0.033783376,0.047753306,0.993036247,3509.462199,3711.299426,-201.8372273,-0.054384517
9/30/2004,0.027066731,0.336049364,0.164838385,-0.047753306,0.067933955,0.030744256,0.033783376,0.047753306,1.027066731,3604.451868,3711.299426,-106.8475585,-0.028789797
10/29/2004,0.027246759,0.331865314,0.120459229,-0.047753306,0.042979129,0.026047236,0.033783376,0.047753306,1.027246759,3702.6615,3711.299426,-8.637926072,-0.002327467
11/30/2004,0.057033915,0.346869849,0.159531498,-0.047753306,0.057033915,0.029311582,0.033783376,0.047753306,1.057033915,3913.838781,3913.838781,0,0
12/31/2004,0.036910485,0.316817015,0.152784687,-0.047753306,0.057033915,0.02879138,0.033783376,0.047753306,1.036910485,4058.300468,4058.300468,0,0
1/31/2005,-0.022106892,0.310081183,0.102084072,-0.047753306,0.057033915,0.030183537,0.033783376,0.047753306,0.977893108,3968.584059,4058.300468,-89.71640932,-0.022106892
2/28/2005,0.022245841,0.317109591,0.109399247,-0.047753306,0.057033915,0.03038678,0.033783376,0.047753306,1.022245841,4056.868549,4058.300468,-1.431919149,-0.000352837
3/31/2005,-0.012220704,0.320103384,0.10621348,-0.047753306,0.057033915,0.030554751,0.033783376,0.047753306,0.987779296,4007.290761,4058.300468,-51.00970683,-0.012569229
4/29/2005,-0.028408674,0.319196148,0.099361935,-0.047753306,0.057033915,0.031161335,0.037113758,0.047753306,0.971591326,3893.448946,4058.300468,-164.8515226,-0.040620827
5/31/2005,0.048069076,0.328115818,0.130479632,-0.047753306,0.057033915,0.033125469,0.037113758,0.047753306,1.048069076,4080.603441,4080.603441,0,0
6/30/2005,0.010518911,0.344165971,0.111073635,-0.047753306,0.057033915,0.032671641,0.037113758,0.047753306,1.010518911,4123.526944,4123.526944,0,0
7/29/2005,0.049446606,0.338522225,0.224485696,-0.028408674,0.057033915,0.029093153,0.024942694,0.028408674,1.049446606,4327.421355,4327.421355,0,0
8/31/2005,-0.015837829,0.35409963,0.213543317,-0.028408674,0.057033915,0.029871211,0.024942694,0.028408674,0.984162171,4258.884397,4327.421355,-68.53695776,-0.015837829
9/30/2005,0.009767903,0.350979315,0.193103675,-0.028408674,0.057033915,0.029740656,0.024942694,0.028408674,1.009767903,4300.484769,4327.421355,-26.93658632,-0.006224628
10/31/2005,-0.02759461,0.328367495,0.129407743,-0.028408674,0.057033915,0.031862805,0.027960939,0.028408674,0.97240539,4181.814569,4327.421355,-145.606786,-0.033647471
11/30/2005,0.046584727,0.347349451,0.118243112,-0.028408674,0.049446606,0.030597685,0.027960939,0.028408674,1.046584727,4376.623258,4376.623258,0,0
12/30/2005,0.007513182,0.327383743,0.086539959,-0.028408674,0.049446606,0.02938078,0.027960939,0.028408674,1.007513182,4409.505623,4409.505623,0,0
1/31/2006,0.040887791,0.335757132,0.15653354,-0.028408674,0.049446606,0.029270291,0.027960939,0.028408674,1.040887791,4589.800569,4589.800569,0,0
2/28/2006,0.00291511,0.34297111,0.13466342,-0.028408674,0.049446606,0.029221926,0.027960939,0.028408674,1.00291511,4603.180343,4603.180343,0,0
3/31/2006,0.017473556,0.342287398,0.168773256,-0.028408674,0.049446606,0.028323026,0.027960939,0.028408674,1.017473556,4683.614273,4683.614273,0,0
4/28/2006,0.009649296,0.34958646,0.214554993,-0.02759461,0.049446606,0.025165155,0.02112838,0.02759461,1.009649296,4728.807856,4728.807856,0,0
5/31/2006,-0.025597055,0.341035081,0.129186986,-0.02759461,0.049446606,0.025772743,0.026495955,0.02759461,0.974402945,4607.764299,4728.807856,-121.0435562,-0.025597055
6/30/2006,-0.003189793,0.313364202,0.113868431,-0.02759461,0.049446606,0.026072808,0.026495955,0.02759461,0.996810207,4593.066487,4728.807856,-135.7413689,-0.028705199
7/31/2006,-0.02002981,0.3264848,0.040127103,-0.02759461,0.046584727,0.02398635,0.026495955,0.02759461,0.97997019,4501.068236,4728.807856,-227.7396192,-0.048160049
8/31/2006,0.035839152,0.297642558,0.094742724,-0.02759461,0.046584727,0.024814675,0.026495955,0.02759461,1.035839152,4662.382704,4728.807856,-66.42515105,-0.014046913
9/29/2006,0.021969019,0.330960279,0.107970597,-0.02759461,0.046584727,0.025148057,0.026495955,0.02759461,1.021969019,4764.810677,4764.810677,0,0
10/31/2006,0.033515826,0.334050849,0.177600576,-0.025597055,0.046584727,0.023205431,0.022535071,0.025597055,1.033515826,4924.507244,4924.507244,0,0
11/30/2006,0.023626759,0.33042952,0.151768634,-0.025597055,0.040887791,0.021124319,0.022535071,0.025597055,1.023626759,5040.857392,5040.857392,0,0
12/29/2006,0.010682576,0.337976187,0.155391822,-0.025597055,0.040887791,0.021082241,0.022535071,0.025597055,1.010682576,5094.706735,5094.706735,0,0
1/31/2007,0.019100952,0.323329571,0.131208296,-0.025597055,0.035839152,0.019256693,0.022535071,0.025597055,1.019100952,5192.020483,5192.020483,0,0
2/28/2007,0.001872327,0.319335413,0.130032121,-0.025597055,0.035839152,0.019296326,0.022535071,0.025597055,1.001872327,5201.741645,5201.741645,0,0
3/30/2007,0.006904585,0.325088234,0.118293951,-0.025597055,0.035839152,0.019185466,0.022535071,0.025597055,1.006904585,5237.65751,5237.65751,0,0
4/30/2007,0.042326424,0.29494268,0.154487345,-0.025597055,0.042326424,0.021395836,0.022535071,0.025597055,1.042326424,5459.348824,5459.348824,0,0
5/31/2007,0.031921292,0.331964182,0.222635953,-0.02002981,0.042326424,0.018375532,0.010767801,0.02002981,1.031921292,5633.618294,5633.618294,0,0
6/29/2007,-0.016501345,0.34983179,0.20630869,-0.02002981,0.042326424,0.02003498,0.018089154,0.02002981,0.983498655,5540.656015,5633.618294,-92.96227833,-0.016501345
7/31/2007,-0.038451705,0.326423133,0.183631988,-0.038451705,0.042326424,0.023455168,0.026379007,0.038451705,0.961548295,5327.608345,5633.618294,-306.0099491,-0.054318545
8/31/2007,0.001828421,0.328881147,0.144768628,-0.038451705,0.042326424,0.022670847,0.026379007,0.038451705,1.001828421,5337.349453,5633.618294,-296.2688406,-0.052589442
9/28/2007,0.024008914,0.344593857,0.147053637,-0.038451705,0.042326424,0.022763399,0.026379007,0.038451705,1.024008914,5465.493417,5633.618294,-168.1248766,-0.029843143
10/31/2007,0.012266189,0.323075861,0.123469602,-0.038451705,0.042326424,0.021717605,0.026379007,0.038451705,1.012266189,5532.534192,5633.618294,-101.0841021,-0.017943016
11/30/2007,-0.050700971,0.325545507,0.041892068,-0.050700971,0.042326424,0.027338945,0.043963875,0.050700971,0.949299029,5252.029334,5633.618294,-381.5889596,-0.067734259
12/31/2007,-0.013342802,0.323405865,0.017124795,-0.050700971,0.042326424,0.027664599,0.043963875,0.050700971,0.986657198,5181.952544,5633.618294,-451.6657497,-0.080173296
1/31/2008,-0.041391974,0.349721493,-0.043250827,-0.050700971,0.042326424,0.029658966,0.045581023,0.050700971,0.958608026,4967.461301,5633.618294,-666.1569924,-0.118246739
2/29/2008,-0.024797056,0.333682759,-0.068719053,-0.050700971,0.042326424,0.030232139,0.045581023,0.050700971,0.975202944,4844.282884,5633.618294,-789.3354092,-0.140111624
3/31/2008,-0.014815526,0.321320467,-0.088807873,-0.050700971,0.042326424,0.030072109,0.045581023,0.050700971,0.985184474,4772.512286,5633.618294,-861.1060078,-0.152851323
4/30/2008,0.051222401,0.32839889,-0.081031093,-0.050700971,0.051222401,0.031483355,0.045581023,0.050700971,1.051222401,5016.971822,5633.618294,-616.6464712,-0.109458334
5/30/2008,0.024240249,0.344238156,-0.087871382,-0.050700971,0.051222401,0.030698095,0.045581023,0.050700971,1.024240249,5138.584471,5633.618294,-495.0338228,-0.087871382
6/30/2008,-0.101336621,0.350639473,-0.166550374,-0.101336621,0.051222401,0.041055442,0.073487014,0.101336621,0.898663379,4617.857686,5633.618294,-1015.760608,-0.180303413
7/31/2008,0.00340764,0.322507046,-0.130267583,-0.101336621,0.051222401,0.040589947,0.073487014,0.101336621,1.00340764,4633.593681,5633.618294,-1000.024612,-0.177510183
8/29/2008,0.029881846,0.33194759,-0.10591314,-0.101336621,0.051222401,0.042159924,0.073487014,0.101336621,1.029881846,4772.054014,5633.618294,-861.5642793,-0.152932669
9/30/2008,-0.096018808,0.330711279,-0.210712236,-0.101336621,0.051222401,0.04764171,0.098411824,0.101336621,0.903981192,4313.847076,5633.618294,-1319.771218,-0.234267064
10/31/2008,-0.199189379,0.346158304,-0.375589118,-0.199189379,0.051222401,0.069389997,0.145370362,0.199189379,0.800810621,3454.574557,5633.618294,-2179.043737,-0.386792932
11/28/2008,-0.104571646,0.31633484,-0.41102309,-0.199189379,0.051222401,0.072111815,0.147149626,0.199189379,0.895428354,3093.324008,5633.618294,-2540.294285,-0.450917004
12/31/2008,0.032000181,0.330254771,-0.383955969,-0.199189379,0.051222401,0.074805239,0.147149626,0.199189379,1.032000181,3192.310935,5633.618294,-2441.307358,-0.433346249
1/30/2009,-0.081508292,0.326340641,-0.409736494,-0.199189379,0.051222401,0.075918164,0.147149626,0.199189379,0.918491708,2932.111125,5633.618294,-2701.507169,-0.479533229
2/27/2009,-0.119868254,0.32805519,-0.467280473,-0.199189379,0.051222401,0.079068618,0.15556276,0.199189379,0.880131746,2580.644085,5633.618294,-3052.974209,-0.541920672
3/31/2009,0.116552593,0.345093787,-0.396245694,-0.199189379,0.116552593,0.092107004,0.15556276,0.199189379,1.116552593,2881.424844,5633.618294,-2752.193449,-0.488530338
4/30/2009,0.172078574,0.322270433,-0.326833708,-0.199189379,0.172078574,0.10789646,0.15556276,0.199189379,1.172078574,3377.256321,5633.618294,-2256.361972,-0.400517368
5/29/2009,0.055076603,0.316968273,-0.306566984,-0.199189379,0.172078574,0.109582505,0.15556276,0.199189379,1.055076603,3563.264128,5633.618294,-2070.354166,-0.367499901
6/30/2009,-0.003336228,0.325985936,-0.230947226,-0.199189379,0.172078574,0.106952427,0.15556276,0.199189379,0.996663772,3551.376265,5633.618294,-2082.242029,-0.369610066
7/31/2009,0.093312949,0.315598381,-0.162040109,-0.199189379,0.172078574,0.11150968,0.15556276,0.199189379,1.093312949,3882.765657,5633.618294,-1750.852636,-0.310786522
8/31/2009,0.052094949,0.310011709,-0.143966492,-0.199189379,0.172078574,0.112391058,0.15556276,0.199189379,1.052094949,4085.038137,5633.618294,-1548.580157,-0.274881981
9/30/2009,0.042553699,0.335180171,-0.012743951,-0.199189379,0.172078574,0.109488846,0.15556276,0.199189379,1.042553699,4258.871622,5633.618294,-1374.746672,-0.244025527
10/30/2009,-0.035574585,0.355451588,0.188963783,-0.119868254,0.172078574,0.090312119,0.11145512,0.119868254,0.964425415,4107.364033,5633.618294,-1526.254261,-0.270919005
11/30/2009,0.05327088,0.339715873,0.398549559,-0.119868254,0.172078574,0.081903029,0.098770275,0.119868254,1.05327088,4326.166928,5633.618294,-1307.451366,-0.232080219
12/31/2009,0.041813732,0.298286234,0.411848721,-0.119868254,0.172078574,0.081958674,0.098770275,0.119868254,1.041813732,4507.060111,5633.618294,-1126.558183,-0.199970627
1/29/2010,-0.029155302,0.313682377,0.492322502,-0.119868254,0.172078574,0.076571643,0.073506736,0.119868254,0.970844698,4375.655411,5633.618294,-1257.962882,-0.223295725
2/26/2010,0.042147716,0.331211954,0.767031464,-0.035574585,0.172078574,0.058672189,0.032043979,0.035574585,1.042147716,4560.079295,5633.618294,-1073.538999,-0.190559414
3/31/2010,0.06896686,0.330297546,0.691723334,-0.035574585,0.172078574,0.055280364,0.032043979,0.035574585,1.06896686,4874.573645,5633.618294,-759.0446484,-0.134734838
4/30/2010,0.026819727,0.331340173,0.482063516,-0.035574585,0.093312949,0.038564109,0.032043979,0.035574585,1.026819727,5005.308379,5633.618294,-628.3099143,-0.111528663
5/28/2010,-0.069893196,0.317659198,0.306518745,-0.069893196,0.093312949,0.048059647,0.05101796,0.069893196,0.930106804,4655.471378,5633.618294,-978.1469158,-0.173626764
6/30/2010,-0.063613787,0.340651734,0.227501365,-0.069893196,0.093312949,0.053921772,0.066439521,0.069893196,0.936386213,4359.319211,5633.618294,-1274.299082,-0.226195496
7/30/2010,0.073255002,0.329015325,0.204981594,-0.069893196,0.073255002,0.051657284,0.066439521,0.069893196,1.073255002,4678.661151,5633.618294,-954.957143,-0.169510445
8/31/2010,-0.049272596,0.32442447,0.088883683,-0.069893196,0.073255002,0.053627622,0.066439521,0.069893196,0.950727404,4448.131372,5633.618294,-1185.486922,-0.210430821
9/30/2010,0.105954539,0.314199409,0.155101989,-0.069893196,0.105954539,0.060034161,0.066439521,0.069893196,1.105954539,4919.43108,5633.618294,-714.1872134,-0.126772383
10/29/2010,0.033095394,0.338394437,0.237348711,-0.069893196,0.105954539,0.058150813,0.066439521,0.069893196,1.033095394,5082.241592,5633.618294,-551.3767021,-0.09787257
11/30/2010,0.008674449,0.321762933,0.18495826,-0.069893196,0.105954539,0.057210242,0.066439521,0.069893196,1.008674449,5126.327236,5633.618294,-507.2910579,-0.090047112
12/31/2010,0.073144444,0.323363111,0.220593792,-0.069893196,0.105954539,0.059189384,0.066439521,0.069893196,1.073144444,5501.28959,5633.618294,-132.3287041,-0.023489114
1/31/2011,0.021676897,0.333530584,0.284502537,-0.069893196,0.105954539,0.057268787,0.066439521,0.069893196,1.021676897,5620.540476,5633.618294,-13.07781768,-0.002321389
2/28/2011,0.035735422,0.32245349,0.276599043,-0.069893196,0.105954539,0.05709927,0.066439521,0.069893196,1.035735422,5821.392862,5821.392862,0,0
3/31/2011,0.006704191,0.344611251,0.202242703,-0.069893196,0.105954539,0.055246762,0.066439521,0.069893196,1.006704191,5860.420593,5860.420593,0,0
4/29/2011,0.027923136,0.328803039,0.203534619,-0.069893196,0.105954539,0.055265766,0.066439521,0.069893196,1.027923136,6024.061911,6024.061911,0,0
5/31/2011,-0.010256761,0.329397447,0.280702653,-0.063613787,0.105954539,0.049082126,0.055726132,0.063613787,0.989743239,5962.274545,6024.061911,-61.78736623,-0.010256761
6/30/2011,-0.019064851,0.33142257,0.341632578,-0.049272596,0.105954539,0.043377934,0.032658336,0.049272596,0.980935149,5848.604671,6024.061911,-175.4572399,-0.029126069
7/29/2011,-0.037703799,0.322157343,0.202927477,-0.049272596,0.105954539,0.044123082,0.042909758,0.049272596,0.962296201,5628.090054,6024.061911,-395.9718574,-0.065731704
8/31/2011,-0.063412857,0.30837593,0.185036219,-0.063412857,0.105954539,0.046176936,0.049272875,0.063412857,0.936587143,5271.196784,6024.061911,-752.8651276,-0.124976326
9/30/2011,-0.091372225,0.326590701,-0.026400466,-0.091372225,0.073144444,0.046057418,0.075994573,0.091372225,0.908627775,4789.555805,6024.061911,-1234.506106,-0.204929186
10/31/2011,0.132650738,0.332177916,0.067421495,-0.091372225,0.132650738,0.059738541,0.075994573,0.091372225,1.132650738,5424.893917,6024.061911,-599.1679948,-0.099462456
11/30/2011,-0.003865263,0.328743133,0.054151447,-0.091372225,0.132650738,0.059817323,0.075994573,0.091372225,0.996134737,5403.925272,6024.061911,-620.1366391,-0.102943271
12/30/2011,-0.000865337,0.314813007,-0.018548475,-0.091372225,0.132650738,0.055957368,0.075994573,0.091372225,0.999134663,5399.249056,6024.061911,-624.8128556,-0.103719528
1/31/2012,0.052774699,0.343043422,0.011324947,-0.091372225,0.132650738,0.057751648,0.075994573,0.091372225,1.052774699,5684.1928,6024.061911,-339.8691116,-0.056418595
2/29/2012,0.038301986,0.341547472,0.013831022,-0.091372225,0.132650738,0.057890762,0.075994573,0.091372225,1.038301986,5901.908673,6024.061911,-122.1532387,-0.020277554
3/30/2012,0.020243763,0.335851867,0.027466445,-0.091372225,0.132650738,0.058108472,0.075994573,0.091372225,1.020243763,6021.385514,6024.061911,-2.67639705,-0.000444284
4/30/2012,-0.009343155,0.324917166,-0.009783289,-0.091372225,0.132650738,0.057695197,0.075994573,0.091372225,0.990656845,5965.126774,6024.061911,-58.93513754,-0.009783289
5/31/2012,-0.070756899,0.325955481,-0.070312368,-0.091372225,0.132650738,0.061269859,0.080033796,0.091372225,0.929243101,5543.052902,6024.061911,-481.0090097,-0.079847953
6/29/2012,0.03579413,0.331955863,-0.018319415,-0.091372225,0.132650738,0.062114362,0.080033796,0.091372225,1.03579413,5741.461658,6024.061911,-282.6002538,-0.046911911
7/31/2012,0.001645654,0.332357434,0.021822689,-0.091372225,0.132650738,0.060959147,0.080033796,0.091372225,1.001645654,5750.910115,6024.061911,-273.1517966,-0.045343458
8/31/2012,0.028822617,0.326300688,0.122452194,-0.091372225,0.132650738,0.057472758,0.080033796,0.091372225,1.028822617,5916.666396,6024.061911,-107.3955156,-0.017827758
9/28/2012,0.021252326,0.33172199,0.261580314,-0.070756899,0.132650738,0.047543466,0.03697934,0.070756899,1.021252326,6042.409317,6042.409317,0,0
10/31/2012,-0.009840827,0.312905837,0.102868942,-0.070756899,0.052774699,0.032376401,0.037253059,0.070756899,0.990159173,5982.947015,6042.409317,-59.46230229,-0.009840827
11/30/2012,0.012859754,0.348731625,0.121386018,-0.070756899,0.052774699,0.032146413,0.037253059,0.070756899,1.012859754,6059.886244,6059.886244,0,0
12/31/2012,0.025179204,0.332052586,0.150617297,-0.070756899,0.052774699,0.032219812,0.037253059,0.070756899,1.025179204,6212.469356,6212.469356,0,0
1/31/2013,0.065396985,0.324914099,0.164412671,-0.070756899,0.065396985,0.033829107,0.037253059,0.070756899,1.065396985,6618.746119,6618.746119,0,0
2/28/2013,0.010257398,0.349022713,0.132961827,-0.070756899,0.065396985,0.032900542,0.037253059,0.070756899,1.010257398,6686.637233,6686.637233,0,0
3/28/2013,0.040313746,0.318177508,0.155249171,-0.070756899,0.065396985,0.033910068,0.037253059,0.070756899,1.040313746,6956.200624,6956.200624,0,0
4/30/2013,0.016024359,0.329676336,0.184831362,-0.070756899,0.065396985,0.03319886,0.037253059,0.070756899,1.016024359,7067.669282,7067.669282,0,0
5/31/2013,0.027849311,0.347278104,0.310559204,-0.009840827,0.065396985,0.01948088,0.003523262,0.009840827,1.027849311,7264.499,7264.499,0,0
6/28/2013,-0.012053246,0.327035268,0.250019357,-0.012053246,0.065396985,0.021416347,0.010836415,0.012053246,0.987946754,7176.938207,7264.499,-87.56079304,-0.012053246
7/31/2013,0.059664521,0.346279756,0.322424909,-0.012053246,0.065396985,0.023587369,0.010836415,0.012053246,1.059664521,7605.146784,7605.146784,0,0
8/30/2013,-0.028211457,0.333466153,0.249114622,-0.028211457,0.065396985,0.027847138,0.019324441,0.028211457,0.971788543,7390.594511,7605.146784,-214.5522726,-0.028211457
9/30/2013,0.042475713,0.34241328,0.275073382,-0.028211457,0.065396985,0.02866126,0.019324441,0.028211457,1.042475713,7704.515283,7704.515283,0,0
10/31/2013,0.044376338,0.333718253,0.344891311,-0.028211457,0.065396985,0.027642722,0.019324441,0.028211457,1.044376338,8046.413456,8046.413456,0,0
11/29/2013,0.024608024,0.346185099,0.360490851,-0.028211457,0.065396985,0.027367026,0.019324441,0.028211457,1.024608024,8244.419793,8244.419793,0,0
12/31/2013,0.02818566,0.344722572,0.364480647,-0.028211457,0.065396985,0.02736936,0.019324441,0.028211457,1.02818566,8476.794204,8476.794204,0,0
1/31/2014,-0.031161704,0.336567009,0.240815512,-0.031161704,0.059664521,0.029059676,0.029539068,0.031161704,0.968838296,8212.642855,8476.794204,-264.1513494,-0.031161704
2/28/2014,0.052320522,0.338276502,0.292478165,-0.031161704,0.059664521,0.030473914,0.029539068,0.031161704,1.052320522,8642.332618,8642.332618,0,0
3/31/2014,0.009512028,0.348454535,0.254210337,-0.031161704,0.059664521,0.030088897,0.029539068,0.031161704,1.009512028,8724.538729,8724.538729,0,0
4/30/2014,0.003386348,0.32826787,0.238609604,-0.031161704,0.059664521,0.030439441,0.029539068,0.031161704,1.003386348,8754.083051,8754.083051,0,0
5/30/2014,0.022380311,0.314929057,0.232019188,-0.031161704,0.059664521,0.030326039,0.029539068,0.031161704,1.022380311,8950.002156,8950.002156,0,0
6/30/2014,0.028378473,0.338370608,0.282439571,-0.031161704,0.059664521,0.028901284,0.029539068,0.031161704,1.028378473,9203.989554,9203.989554,0,0
7/31/2014,-0.020141297,0.336179177,0.185856042,-0.031161704,0.052320522,0.028455884,0.029539068,0.031161704,0.979858703,9018.609265,9203.989554,-185.3802884,-0.020141297
8/29/2014,0.04256941,0.344340315,0.272228659,-0.031161704,0.052320522,0.025986641,0.02510048,0.031161704,1.04256941,9402.526145,9402.526145,0,0
9/30/2014,-0.022280469,0.335419791,0.193200755,-0.031161704,0.052320522,0.027692719,0.026277024,0.031161704,0.977719531,9193.033455,9402.526145,-209.4926898,-0.022280469
10/31/2014,0.029830688,0.32671587,0.176582339,-0.031161704,0.052320522,0.02659507,0.026277024,0.031161704,1.029830688,9467.267967,9467.267967,0,0
11/28/2014,0.020409828,0.32711146,0.171761449,-0.031161704,0.052320522,0.026469663,0.026277024,0.031161704,1.020409828,9660.49328,9660.49328,0,0
12/31/2014,0.001793316,0.325146787,0.141683679,-0.031161704,0.052320522,0.026244512,0.026277024,0.031161704,1.001793316,9677.817593,9677.817593,0,0
1/30/2015,-0.031604317,0.322058657,0.141162102,-0.031604317,0.052320522,0.026310021,0.0264762,0.031604317,0.968395683,9371.956779,9677.817593,-305.8608145,-0.031604317
2/27/2015,0.056068769,0.316162279,0.145226792,-0.031604317,0.056068769,0.026856829,0.0264762,0.031604317,1.056068769,9897.430861,9897.430861,0,0
3/31/2015,-0.014524254,0.344213193,0.117959168,-0.031604317,0.056068769,0.027909875,0.0264762,0.031604317,0.985475746,9753.678063,9897.430861,-143.7527978,-0.014524254
4/30/2015,0.00710685,0.319687426,0.1221045,-0.031604317,0.056068769,0.027854106,0.0264762,0.031604317,1.00710685,9822.99599,9897.430861,-74.43487113,-0.007520626
5/29/2015,0.009688956,0.348357531,0.108175215,-0.031604317,0.056068769,0.027580855,0.0264762,0.031604317,1.009688956,9918.170565,9918.170565,0,0
6/30/2015,-0.021164007,0.326310604,0.0547885,-0.031604317,0.056068769,0.028109736,0.0264762,0.031604317,0.978835993,9708.262337,9918.170565,-209.9082275,-0.021164007
7/31/2015,0.008235799,0.326773724,0.085335593,-0.031604317,0.056068769,0.026990967,0.0264762,0.031604317,1.008235799,9788.217631,9918.170565,-129.9529341,-0.013102511
8/31/2015,-0.051195384,0.330878678,-0.012275432,-0.051195384,0.056068769,0.029288219,0.040420297,0.051195384,0.948804616,9287.106071,9918.170565,-631.064494,-0.063627106
9/30/2015,-0.031347182,0.31885989,-0.021434925,-0.051195384,0.056068769,0.03000551,0.040420297,0.051195384,0.968652818,8995.981469,9918.170565,-922.1890953,-0.092979758
10/30/2015,0.067239253,0.330493229,0.014111418,-0.051195384,0.067239253,0.035061497,0.040420297,0.051195384,1.067239253,9600.864548,9918.170565,-317.3060169,-0.031992394
11/30/2015,0.00201031,0.30859899,-0.00417453,-0.051195384,0.067239253,0.034568988,0.040420297,0.051195384,1.00201031,9620.165257,9918.170565,-298.0053075,-0.030046399
12/31/2015,-0.025197922,0.324351504,-0.031004976,-0.051195384,0.067239253,0.035325185,0.040420297,0.051195384,0.974802078,9377.757087,9918.170565,-540.4134779,-0.054487214
1/29/2016,-0.056118607,0.328650667,-0.055534439,-0.056118607,0.067239253,0.037810645,0.053410835,0.056118607,0.943881393,8851.490418,9918.170565,-1066.680146,-0.107548074
2/29/2016,0.01308253,0.297037386,-0.09397798,-0.056118607,0.067239253,0.033367221,0.053410835,0.056118607,1.01308253,8967.290305,9918.170565,-950.8802602,-0.095872546
3/31/2016,0.081036546,0.328502172,-0.006121745,-0.056118607,0.081036546,0.041898422,0.053410835,0.056118607,1.081036546,9693.968536,9918.170565,-224.2020285,-0.02260518
4/29/2016,0.021994085,0.325641118,0.008569943,-0.056118607,0.081036546,0.042337003,0.053410835,0.056118607,1.021994085,9907.178509,9918.170565,-10.99205604,-0.001108275
5/31/2016,0.011082344,0.319853263,0.009961788,-0.056118607,0.081036546,0.04236334,0.053410835,0.056118607,1.011082344,10016.97327,10016.97327,0,0
6/30/2016,0.000304778,0.318426129,0.032113254,-0.056118607,0.081036546,0.041761889,0.053410835,0.056118607,1.000304778,10020.02623,10020.02623,0,0
7/29/2016,0.039628972,0.344671334,0.064249893,-0.056118607,0.081036546,0.0430538,0.053410835,0.056118607,1.039628972,10417.10957,10417.10957,0,0
8/31/2016,-0.003095539,0.359204634,0.11820226,-0.056118607,0.081036546,0.039317331,0.042494323,0.056118607,0.996904461,10384.863,10417.10957,-32.24656866,-0.003095539
9/30/2016,0.001102178,0.341119262,0.155661448,-0.056118607,0.081036546,0.037274,0.03911223,0.056118607,1.001102178,10396.30897,10417.10957,-20.8006,-0.001996773
10/31/2016,-0.023513118,0.312278004,0.057390121,-0.056118607,0.081036546,0.034302805,0.03911223,0.056118607,0.976486882,10151.85932,10417.10957,-265.2502447,-0.025462941
11/30/2016,0.048483162,0.339057149,0.106431468,-0.056118607,0.081036546,0.036465966,0.03911223,0.056118607,1.048483162,10644.05357,10644.05357,0,0
12/30/2016,0.011250216,0.334958477,0.147801267,-0.056118607,0.081036546,0.03483402,0.038185589,0.056118607,1.011250216,10763.80147,10763.80147,0,0
1/31/2017,0.023659949,0.330575364,0.244815499,-0.023513118,0.081036546,0.027463146,0.01228345,0.023513118,1.023659949,11018.47246,11018.47246,0,0
2/28/2017,0.030892427,0.324454278,0.26669924,-0.023513118,0.081036546,0.027609791,0.01228345,0.023513118,1.030892427,11358.85982,11358.85982,0,0
3/31/2017,-0.004230592,0.331226189,0.166787892,-0.023513118,0.048483162,0.020629315,0.012907729,0.023513118,0.995769408,11310.80512,11358.85982,-48.05470167,-0.004230592
4/28/2017,0.005960867,0.34364467,0.148483124,-0.023513118,0.048483162,0.020521949,0.012907729,0.023513118,1.005960867,11378.22732,11378.22732,0,0
5/31/2017,0.005593471,0.33368457,0.142248342,-0.023513118,0.048483162,0.020600268,0.012907729,0.023513118,1.005593471,11441.87111,11441.87111,0,0
6/30/2017,0.012658937,0.311407818,0.15635556,-0.023513118,0.048483162,0.02030543,0.012907729,0.023513118,1.012658937,11586.71304,11586.71304,0,0
7/31/2017,0.016125386,0.330351025,0.130213058,-0.023513118,0.048483162,0.018488915,0.012907729,0.023513118,1.016125386,11773.55326,11773.55326,0,0
8/31/2017,-0.010974145,0.324862957,0.121280904,-0.023513118,0.048483162,0.019140405,0.016616683,0.023513118,0.989025855,11644.34857,11773.55326,-129.2046842,-0.010974145
9/29/2017,0.029098641,0.316067375,0.152638242,-0.023513118,0.048483162,0.019688792,0.016616683,0.023513118,1.029098641,11983.1833,11983.1833,0,0
10/31/2017,0.010562414,0.321948765,0.192860761,-0.010974145,0.048483162,0.016244015,0.007265191,0.010974145,1.010562414,12109.75464,12109.75464,0,0
11/30/2017,0.038000468,0.325851401,0.180934584,-0.010974145,0.038000468,0.014458983,0.007265191,0.010974145,1.038000468,12569.93098,12569.93098,0,0
12/29/2017,0.014927986,0.330496039,0.185229472,-0.010974145,0.038000468,0.014433201,0.007265191,0.010974145,1.014927986,12757.57473,12757.57473,0,0
1/31/2018,0.045371762,0.345009592,0.210368173,-0.010974145,0.045371762,0.016862026,0.007265191,0.010974145,1.045371762,13336.40838,13336.40838,0,0
2/28/2018,-0.046377187,0.349143105,0.119646116,-0.046377187,0.045371762,0.023978748,0.026905514,0.046377187,0.953622813,12717.90328,13336.40838,-618.505099,-0.046377187
3/29/2018,-0.009843755,0.343012753,0.113334659,-0.046377187,0.045371762,0.024327972,0.026905514,0.046377187,0.990156245,12592.71136,13336.40838,-743.6970216,-0.055764416
4/30/2018,0.006035107,0.334262776,0.113416823,-0.046377187,0.045371762,0.024327067,0.026905514,0.046377187,1.006035107,12668.70972,13336.40838,-667.6986642,-0.050065853
5/31/2018,0.019563172,0.355503496,0.128884406,-0.046377187,0.045371762,0.024469238,0.026905514,0.046377187,1.019563172,12916.54987,13336.40838,-419.8585141,-0.031482128
6/29/2018,0.010645299,0.343766268,0.126639657,-0.046377187,0.045371762,0.024459458,0.026905514,0.046377187,1.010645299,13054.05041,13336.40838,-282.3579744,-0.021171965
7/31/2018,0.031560352,0.297837621,0.143753337,-0.046377187,0.045371762,0.025190774,0.026905514,0.046377187,1.031560352,13466.04083,13466.04083,0,0
8/31/2018,0.020398297,0.31399311,0.18003382,-0.046377187,0.045371762,0.02425137,0.026283799,0.046377187,1.020398297,13740.72513,13740.72513,0,0
9/28/2018,0.003610586,0.332385197,0.150807499,-0.046377187,0.045371762,0.023938377,0.026283799,0.046377187,1.003610586,13790.3372,13790.3372,0,0
10/31/2018,-0.075272171,0.343563814,0.053060856,-0.075272171,0.045371762,0.034785586,0.059379929,0.075272171,0.924727829,12752.30858,13790.3372,-1038.028617,-0.075272171
11/30/2018,0.027042065,0.331392287,0.041943458,-0.075272171,0.045371762,0.033971514,0.059379929,0.075272171,1.027042065,13097.15734,13790.3372,-693.1798569,-0.050265621
12/31/2018,-0.095778587,0.34067556,-0.071709916,-0.095778587,0.045371762,0.044213812,0.084500058,0.095778587,0.904221413,11842.73012,13790.3372,-1947.607082,-0.141229837
1/31/2019,0.094157956,0.298664785,-0.028387778,-0.095778587,0.094157956,0.051012366,0.084500058,0.095778587,1.094157956,12957.81738,13790.3372,-832.5198167,-0.060369794
2/28/2019,0.037183305,0.322192433,0.056749022,-0.095778587,0.094157956,0.049975765,0.084500058,0.095778587,1.037183305,13439.63185,13790.3372,-350.7053469,-0.025431238
3/29/2019,0.009773468,0.349556497,0.077685598,-0.095778587,0.094157956,0.049738695,0.084500058,0.095778587,1.009773468,13570.98367,13790.3372,-219.3535346,-0.015906321
4/30/2019,0.037695706,0.32674843,0.111601086,-0.095778587,0.094157956,0.050493134,0.084500058,0.095778587,1.037695706,14082.55148,14082.55148,0,0
5/31/2019,-0.068903577,0.333775149,0.015148275,-0.095778587,0.094157956,0.055215107,0.084500058,0.095778587,0.931096423,13112.21332,14082.55148,-970.3381651,-0.068903577
6/28/2019,0.074979732,0.330668976,0.079769352,-0.095778587,0.094157956,0.059049433,0.084500058,0.095778587,1.074979732,14095.36355,14095.36355,0,0
7/31/2019,0.006507943,0.308052619,0.053546143,-0.095778587,0.094157956,0.058583191,0.084500058,0.095778587,1.006507943,14187.09538,14187.09538,0,0
8/30/2019,-0.033868533,0.322244033,-0.002483556,-0.095778587,0.094157956,0.05945449,0.084500058,0.095778587,0.966131467,13706.59928,14187.09538,-480.4961012,-0.033868533
9/30/2019,0.033819955,0.322627883,0.027542375,-0.095778587,0.094157956,0.060190353,0.084500058,0.095778587,1.033819955,14170.15584,14187.09538,-16.93953399,-0.00119401
10/31/2019,0.014266062,0.323189743,0.127035789,-0.095778587,0.094157956,0.054784519,0.080997331,0.095778587,1.014266062,14372.30817,14372.30817,0,0
11/29/2019,0.033158871,0.334877587,0.133748133,-0.095778587,0.094157956,0.054971363,0.080997331,0.095778587,1.033158871,14848.87768,14848.87768,0,0
12/31/2019,0.027597115,0.319579661,0.288441408,-0.068903577,0.094157956,0.043295666,0.049634302,0.068903577,1.027597115,15258.66387,15258.66387,0,0
1/31/2020,-0.023396361,0.319393344,0.150013635,-0.068903577,0.074979732,0.038575228,0.049634302,0.068903577,0.976603639,14901.66667,15258.66387,-356.9972045,-0.023396361
2/28/2020,-0.086231208,0.342418467,0.013173434,-0.086231208,0.074979732,0.046917193,0.076701011,0.086231208,0.913768792,13616.67795,15258.66387,-1641.985919,-0.107610072
3/31/2020,-0.183604347,0.336748617,-0.180855495,-0.183604347,0.074979732,0.0710511,0.13004912,0.183604347,0.816395653,11116.59669,15258.66387,-4142.067177,-0.271456742
4/30/2020,0.137997925,0.349370197,-0.101678131,-0.183604347,0.137997925,0.082639983,0.13004912,0.183604347,1.137997925,12650.66397,15258.66387,-2607.999903,-0.170919284
5/29/2020,0.047855883,0.333750967,0.010971401,-0.183604347,0.137997925,0.081378147,0.13004912,0.183604347,1.047855883,13256.07267,15258.66387,-2002.591202,-0.131242894
6/30/2020,0.014203778,0.329735461,-0.046185723,-0.183604347,0.137997925,0.078401986,0.13004912,0.183604347,1.014203778,13444.35899,15258.66387,-1814.304883,-0.11890326
7/31/2020,0.0453178,0.319310877,-0.009407677,-0.183604347,0.137997925,0.079531041,0.13004912,0.183604347,1.0453178,14053.62776,15258.66387,-1205.036109,-0.078973894
8/31/2020,0.047306544,0.329890124,0.073822619,-0.183604347,0.137997925,0.079630908,0.13004912,0.183604347,1.047306544,14718.45633,15258.66387,-540.2075435,-0.035403332
9/30/2020,-0.027369358,0.330822186,0.010265645,-0.183604347,0.137997925,0.07985758,0.13004912,0.183604347,0.972630642,14315.62163,15258.66387,-943.0422423,-0.061803723
10/30/2020,-0.00876749,0.314545965,-0.01267706,-0.183604347,0.137997925,0.079863249,0.13004912,0.183604347,0.99123251,14190.10955,15258.66387,-1068.554318,-0.07002935
11/30/2020,0.144668173,0.325407483,0.093885149,-0.183604347,0.144668173,0.089699183,0.13004912,0.183604347,1.144668173,16242.96677,16242.96677,0,0
12/31/2020,0.045736119,0.327898015,0.113194259,-0.183604347,0.144668173,0.090150518,0.13004912,0.183604347,1.045736119,16985.85703,16985.85703,0,0
1/29/2021,-0.005338226,0.343401356,0.133778057,-0.183604347,0.144668173,0.089640476,0.13004912,0.183604347,0.994661774,16895.18268,16985.85703,-90.67434658,-0.005338226
2/26/2021,0.061750652,0.344296482,0.317389695,-0.183604347,0.144668173,0.084587442,0.097675103,0.183604347,1.061750652,17938.47122,17938.47122,0,0
3/31/2021,0.057252656,0.338911144,0.706052388,-0.027369358,0.144668173,0.052745002,0.017138331,0.027369358,1.057252656,18965.49634,18965.49634,0,0
4/30/2021,0.044322748,0.327674794,0.56561737,-0.027369358,0.144668173,0.044256302,0.017138331,0.027369358,1.044322748,19806.09925,19806.09925,0,0
5/28/2021,0.019888253,0.335009145,0.523830509,-0.027369358,0.144668173,0.044478318,0.017138331,0.027369358,1.019888253,20200.00796,20200.00796,0,0
6/30/2021,0.003998733,0.330008829,0.508497536,-0.027369358,0.144668173,0.045039088,0.017138331,0.027369358,1.003998733,20280.78241,20280.78241,0,0
7/30/2021,0.010885071,0.348480628,0.458807684,-0.027369358,0.144668173,0.045467566,0.017138331,0.027369358,1.010885071,20501.54017,20501.54017,0,0
8/31/2021,0.020755482,0.336264519,0.421824344,-0.027369358,0.144668173,0.045346571,0.017138331,0.027369358,1.020755482,20927.05951,20927.05951,0,0
9/30/2021,-0.037864046,0.339195079,0.406482853,-0.037864046,0.144668173,0.046649707,0.021860941,0.037864046,0.962135954,20134.67636,20927.05951,-792.3831519,-0.037864046
10/29/2021,0.055988924,0.32725673,0.498367236,-0.037864046,0.144668173,0.045517701,0.019974845,0.037864046,1.055988924,21261.99523,21261.99523,0,0
11/30/2021,-0.025335917,0.305632684,0.275832388,-0.037864046,0.061750652,0.033102139,0.030973575,0.037864046,0.974664083,20723.30308,21261.99523,-538.6921501,-0.025335917
12/31/2021,0.068435651,0.326525123,0.303526562,-0.037864046,0.068435651,0.035224528,0.030973575,0.037864046,1.068435651,22141.51581,22141.51581,0,0
1/31/2022,-0.045431621,0.326975503,0.250983269,-0.045431621,0.068435651,0.039755956,0.041269455,0.045431621,0.954568379,21135.59085,22141.51581,-1005.924957,-0.045431621
2/28/2022,-0.007441796,0.350571576,0.169458859,-0.045431621,0.068435651,0.03806111,0.041269455,0.045431621,0.992558204,20978.30409,22141.51581,-1163.211717,-0.052535324
3/31/2022,0.027736319,0.340257885,0.136809955,-0.045431621,0.068435651,0.035888588,0.041269455,0.045431621,1.027736319,21560.16503,22141.51581,-581.3507824,-0.026256142
4/29/2022,-0.066536967,0.34155056,0.016132293,-0.066536967,0.068435651,0.040584451,0.054929027,0.066536967,0.933463033,20125.61704,22141.51581,-2015.898773,-0.091046105
5/31/2022,0.006363824,0.3308503,0.002657671,-0.066536967,0.068435651,0.040231507,0.054929027,0.066536967,1.006363824,20253.69293,22141.51581,-1887.822879,-0.085261682
6/30/2022,-0.091579015,0.300827928,-0.092792413,-0.091579015,0.068435651,0.048239769,0.077805889,0.091579015,0.908420985,18398.87968,22141.51581,-3742.636131,-0.169032516
7/29/2022,0.090694608,0.320221603,-0.021168229,-0.091579015,0.090694608,0.055833936,0.077805889,0.091579015,1.090694608,20067.55886,22141.51581,-2073.956947,-0.093668246
8/31/2022,-0.029637486,0.315281994,-0.069491494,-0.091579015,0.090694608,0.055996984,0.077805889,0.091579015,0.970362514,19472.80688,22141.51581,-2668.708932,-0.12052964
9/30/2022,-0.0921808,0.321750619,-0.122022741,-0.0921808,0.090694608,0.060914015,0.091849818,0.0921808,0.9078192,17677.78796,22141.51581,-4463.727849,-0.201599922
10/31/2022,0.099064472,0.338267594,-0.086208586,-0.0921808,0.099064472,0.066141769,0.091849818,0.0921808,1.099064472,19429.02868,22141.51581,-2712.487127,-0.12250684
11/30/2022,0.069602642,0.353461747,0.002800583,-0.0921808,0.099064472,0.069160885,0.091849818,0.0921808,1.069602642,20781.34041,22141.51581,-1360.175397,-0.061430997
12/30/2022,-0.047100215,0.340276572,-0.105637799,-0.0921808,0.099064472,0.067148597,0.091849818,0.0921808,0.952899785,19802.5348,22141.51581,-2338.981008,-0.105637799
1/31/2023,0.07163091,0.326022228,0.004041408,-0.0921808,0.099064472,0.069550413,0.091849818,0.0921808,1.07163091,21221.0084,22141.51581,-920.5074122,-0.041573821
2/28/2023,-0.034298883,0.339032345,-0.023126397,-0.0921808,0.099064472,0.070328986,0.091849818,0.0921808,0.965701117,20493.15151,22141.51581,-1648.364304,-0.074446769
3/31/2023,0.004130576,0.343163787,-0.045563891,-0.0921808,0.099064472,0.069820511,0.091849818,0.0921808,1.004130576,20577.80002,22141.51581,-1563.715787,-0.070623701
4/28/2023,0.004296819,0.338983147,0.026861391,-0.0921808,0.099064472,0.066763773,0.091849818,0.0921808,1.004296819,20666.21911,22141.51581,-1475.296697,-0.066630339
5/31/2023,-0.03248672,0.322714413,-0.012780459,-0.0921808,0.099064472,0.067588778,0.091849818,0.0921808,0.96751328,19994.84145,22141.51581,-2146.674365,-0.096952457
6/30/2023,0.077290988,0.308412648,0.170737723,-0.0921808,0.099064472,0.064045323,0.067386479,0.0921808,1.077290988,21540.2625,22141.51581,-601.2533111,-0.02715502
7/31/2023,0.035250576,0.354465936,0.111224803,-0.0921808,0.099064472,0.059964674,0.067386479,0.0921808,1.035250576,22299.56915,22299.56915,0,0
8/31/2023,-0.03396801,0.335469836,0.106265641,-0.0921808,0.099064472,0.060240345,0.067386479,0.0921808,0.96603199,21542.09718,22299.56915,-757.471977,-0.03396801
9/29/2023,-0.051789416,0.343361112,0.155486455,-0.051789416,0.099064472,0.05489714,0.049210356,0.051789416,0.948210584,20426.44455,22299.56915,-1873.124609,-0.083998242
10/31/2023,-0.042358995,0.333261213,0.006802821,-0.051789416,0.077290988,0.049794139,0.049210356,0.051789416,0.957641005,19561.20088,22299.56915,-2738.368273,-0.122799156
11/30/2023,0.093403288,0.329270994,0.029206054,-0.051789416,0.093403288,0.05310909,0.049210356,0.051789416,1.093403288,21388.28135,22299.56915,-911.2877992,-0.040865713
12/29/2023,0.069302588,0.323672068,0.154930156,-0.051789416,0.093403288,0.053621549,0.046602684,0.051789416,1.069302588,22870.54461,22870.54461,0,0
