"","portRet","turnover","portTransactionCost","CompoundAnnualReturn","Min_monthly","Max_monthly","portStdDev_monthly","portVaR","portCVaR","growth_multiplier","wealth_index","peak_wealth_index","drawdown","drawdown_pct","monthly_Rf","portSR","monthly_Rm","Rp_minus_Rm","portIR","portBeta","portTR"
"1",0.109091,0,0,NA,NA,NA,NA,NA,NA,1,1000,1000,0,0,0.004156,NA,0.026,0.083091,NA,NA,NA
"2",-0.060109,0,0,NA,NA,NA,NA,NA,NA,0.939891,939.891,1000,-60.1089999999999,-0.0601089999999999,0.003983,NA,0.039228,-0.099337,NA,NA,NA
"3",0.12838,0.5,0.00125,NA,NA,NA,NA,NA,NA,1.12838,1060.55420658,1060.55420658,0,0,0.004134,NA,0.0292638586275,0.0991161413725,NA,NA,NA
"4",0.045902,0,0,NA,NA,NA,NA,NA,NA,1.045902,1109.23576577044,1109.23576577044,0,0,0.00445,NA,0.029395,0.016507,NA,NA,NA
"5",0.097179,0,0,NA,NA,NA,NA,NA,NA,1.097179,1217.03018825224,1217.03018825224,0,0,0.005355,NA,0.039809,0.05737,NA,NA,NA
"6",0.155714,0,0,NA,NA,NA,NA,NA,NA,1.155714,1406.53882698575,1406.53882698575,0,0,0.004714,NA,0.024063667105,0.131650332895,NA,NA,NA
"7",0.102596,0,0,NA,NA,NA,NA,NA,NA,1.102596,1550.84408447918,1550.84408447918,0,0,0.004522,NA,0.033405,0.069191,NA,NA,NA
"8",0.17713,0,0,NA,NA,NA,NA,NA,NA,1.17713,1825.54509716298,1825.54509716298,0,0,0.004637,NA,0.003502,0.173628,NA,NA,NA
"9",0.051429,0,0,NA,NA,NA,NA,NA,NA,1.051429,1919.43105596497,1919.43105596497,0,0,0.004309,NA,0.0420070299125,0.0094219700875,NA,NA,NA
"10",0.123188,0,0,NA,NA,NA,NA,NA,NA,1.123188,2155.88192888718,2155.88192888718,0,0,0.004714,NA,-0.003442,0.12663,NA,NA,NA
"11",-0.231037,0.5,0.00125,NA,NA,NA,NA,NA,NA,0.768963,1657.79343568288,2155.88192888718,-498.088493204308,-0.231037,0.004108,NA,0.044179,-0.275216,NA,NA,NA
"12",-0.115427,1,0.0025,0.626414643853043,-0.231037,0.17713,0.122767635563608,0.1674515,0.231037,0.884573,1466.43931278231,2155.88192888718,-689.442616104875,-0.319796092201,0.004882,0.35980709788762,0.017532530235,-0.132959530235,0.165872279488103,NA,NA
"13",0.115578,0,0,0.635927435675062,-0.231037,0.17713,0.123071781177509,0.1674515,0.231037,1.115578,1635.92743567506,2155.88192888718,-519.954493212122,-0.241179484945407,0.004278,0.363227726986882,0.034861,0.080717,0.164479051078387,NA,NA
"14",0.141141,0,0,0.986213156497589,-0.231037,0.17713,0.120506028031387,0.1674515,0.231037,1.141141,1866.82386987368,2155.88192888718,-289.058059013508,-0.134078798630087,0.003908,0.510183330004482,0.010088,0.131053,0.318106749311691,NA,NA
"15",-0.023684,0,0,0.718544890993371,-0.231037,0.17713,0.12134023467878,0.1674515,0.231037,0.976316,1822.61001333959,2155.88192888718,-333.271915547596,-0.154587276363332,0.003943,0.402373404523104,0.00948209852,-0.03316609852,0.231360259081943,NA,NA
"16",0.118598,0,0,0.837993309101047,-0.231037,0.17713,0.122743399548117,0.1674515,0.231037,1.118598,2038.76791570164,2155.88192888718,-117.114013185548,-0.0543230181654703,0.004579,0.447041010232268,0.015133,0.103465,0.284395801913506,NA,NA
"17",0.055422,0,0,0.768042018921293,-0.231037,0.17713,0.12216452474901,0.1674515,0.231037,1.055422,2151.76051112565,2155.88192888718,-4.12141776153157,-0.001911708478237,0.003982,0.421611757634389,0.025257,0.030165,0.267201821995447,NA,NA
"18",0.034322,1,0.0025,0.582333308322569,-0.231037,0.17713,0.118105338548674,0.1674515,0.231037,1.034322,2225.61323538851,2225.61323538851,0,0,0.004,0.35095365297918,0.0040337788625,0.0302882211375,0.207755473980933,NA,NA
"19",-0.106542,0,0,0.282199783952841,-0.231037,0.17713,0.124229625283793,0.1674515,0.231037,0.893458,1988.49195006374,2225.61323538851,-237.121285324762,-0.106542,0.004497,0.193379128463014,-0.044444,-0.062098,0.119142864239765,NA,NA
"20",0.060669,0,0,0.155343558184292,-0.231037,0.141141,0.115813396852993,0.1674515,0.231037,1.060669,2109.13176818216,2225.61323538851,-116.481467206344,-0.0523367965979998,0.004122,0.1240033570402,0.021928,0.038741,0.0333439003009874,NA,NA
"21",0.114398,0,0,0.224535894057952,-0.231037,0.141141,0.118821663406284,0.1674515,0.231037,1.114398,2350.41222419866,2350.41222419866,0,0,0.004375,0.164979736057372,0.055935534335,0.058462465665,0.0674982676088743,NA,NA
"22",0.123411,1,0.0025,0.224779015872265,-0.231037,0.141141,0.118838622104599,0.1674515,0.231037,1.123411,2640.47894719925,2640.47894719925,0,0,0.004246,0.165440743521034,0.026798,0.096613,0.0473847596021097,NA,NA
"23",-0.068579,1,0.0025,0.483536783619968,-0.115427,0.141141,0.0937635228512521,0.11054025,0.115427,0.931421,2459.39754147927,2640.47894719925,-181.081405719977,-0.0685790000000001,0.003941,0.354219128328003,0.076441,-0.14502,0.179884738951403,NA,NA
"24",-0.025795,1,0.0025,0.633860577121945,-0.106542,0.141141,0.0834854539855551,0.08566235,0.106542,0.974205,2395.95738189681,2640.47894719925,-244.521565302435,-0.0926050046950001,0.004404,0.487773594751558,-0.0198982690875,-0.0058967309125,0.34322955819837,NA,NA
"25",-0.085179,0,0,0.339834567393114,-0.106542,0.141141,0.0880285254932465,0.09479235,0.106542,0.914821,2191.87212806422,2640.47894719925,-448.606819135023,-0.169896003000085,0.004014,0.272800775265086,0.062827,-0.148006,0.086606714485105,NA,NA
"26",-0.50675,0,0,-0.420866132785823,-0.50675,0.123411,0.171530887304701,0.2866356,0.50675,0.49325,1081.14092716768,2640.47894719925,-1559.33802003157,-0.590551203479792,0.003788,-0.174701286383688,0.007752,-0.514502,-0.27169178344911,NA,NA
"27",-0.096544,1,0.0025,-0.464085432239304,-0.50675,0.123411,0.17273411757492,0.2866356,0.50675,0.903456,976.763257495202,2640.47894719925,-1663.71568970404,-0.630081028091039,0.00431,-0.208811769053224,-0.04177816263,-0.05476583737,-0.28239853919184,NA,NA
"28",0.103806,0,0,-0.471172203614111,-0.50675,0.123411,0.171611780544163,0.2866356,0.50675,1.103806,1078.15714420275,2640.47894719925,-1562.3218029965,-0.591681219293057,0.004313,-0.217231104697228,0.060274,0.043532,-0.319596543101446,NA,NA
"29",0.260188,0,0,-0.368572530161451,-0.50675,0.260188,0.190370391021607,0.2866356,0.50675,1.260188,1358.68069523857,2640.47894719925,-1281.79825196067,-0.485441572378479,0.004263,-0.106313801696729,0.061401,0.198787,-0.215726039586006,NA,NA
"30",-0.074665,1,0.0025,-0.435106342315977,-0.50675,0.260188,0.190348571892741,0.2866356,0.50675,0.925335,1257.23480112858,2640.47894719925,-1383.24414607066,-0.52386107737684,0.003744,-0.15392769367966,0.0439823314925,-0.1186473314925,-0.285072276644143,NA,NA
"31",-0.014802,1,0.0025,-0.37710323063537,-0.50675,0.260188,0.188616037339369,0.2811367,0.50675,0.985198,1238.62521160228,2640.47894719925,-1401.85373559697,-0.530908885709508,0.004294,-0.11471983138458,0.080388,-0.09519,-0.29973128206768,NA,NA
"32",-0.042705,1,0.0025,-0.43781145406445,-0.50675,0.260188,0.187076360510565,0.2811367,0.50675,0.957295,1185.7297219408,2640.47894719925,-1454.74922525844,-0.550941421745283,0.004058,-0.16168353170928,-0.054975,0.01227,-0.313905190308198,NA,NA
"33",-0.139673,1,0.0025,-0.565984517955799,-0.50675,0.260188,0.184083067381627,0.30485765,0.50675,0.860327,1020.11529448817,2640.47894719925,-1620.36365271108,-0.613662780545854,0.004576,-0.279420050587084,0.0537597397925,-0.1934327397925,-0.431209892670885,NA,NA
"34",-0.175403,1,0.0025,-0.68142748784977,-0.50675,0.260188,0.179036623136394,0.32450915,0.50675,0.824597,841.184011489059,2640.47894719925,-1799.29493571019,-0.68142748784977,0.003911,-0.426224247660577,-0.032605,-0.142798,-0.568243746182069,NA,NA
"35",-0.039537,1,0.0025,-0.671494296631334,-0.50675,0.260188,0.179285770578937,0.32450915,0.50675,0.960463,807.926119226816,2640.47894719925,-1832.55282797243,-0.694022889262654,0.003773,-0.412054917101226,0.046321,-0.085858,-0.541450862525481,NA,NA
"36",-0.01116,1,0.0025,-0.666559317885792,-0.50675,0.260188,0.179661374468918,0.32450915,0.50675,0.98884,798.909663736245,2640.47894719925,-1841.569283463,-0.697437593818482,0.004629,-0.404509595982041,0.016998944835,-0.028158944835,-0.555325705451958,0.814859361064704,-0.0891868627551169
"37",-0.034415,1,0.0025,-0.648056482044851,-0.50675,0.260188,0.179831421337267,0.32450915,0.50675,0.965585,771.415187658762,2640.47894719925,-1869.06375954048,-0.707850279027219,0.004204,-0.38069125790651,0.011994,-0.046409,-0.506489635628883,0.817176277251404,-0.0837765998668831
"38",0.179487,0,0,-0.158412966726072,-0.175403,0.260188,0.127979496698394,0.1557515,0.175403,1.179487,909.87418544607,2640.47894719925,-1730.60476175318,-0.655413202058978,0.003847,-0.0881293511145801,0.071956,0.107531,-0.304558126062975,1.01143825326851,-0.0111511997529777
"39",-0.033778,1,0.0025,-0.099945203237345,-0.175403,0.260188,0.125245863337574,0.1557515,0.175403,0.966222,879.140455210072,2640.47894719925,-1761.33849198917,-0.66705265491983,0.004485,-0.0484074537215832,0.051226759275,-0.085004759275,-0.324841794483516,0.950160703807548,-0.00638085042776232
"40",0.191882,0,0,-0.0281271244448148,-0.175403,0.260188,0.134259229097673,0.1557515,0.175403,1.191882,1047.83168403669,2640.47894719925,-1592.64726316255,-0.603166052451156,0.004308,0.00951331248201042,0.011275,0.180607,-0.195751750288506,0.88240043499772,0.00144747208788864
"41",0.020511,0,0,-0.212969048978646,-0.175403,0.191882,0.108221154853887,0.1557515,0.175403,1.020511,1069.32375970797,2640.47894719925,-1571.15518749128,-0.595026591352982,0.003805,-0.172403137740093,-0.017674,0.038185,-0.35451873131483,0.807094562378809,-0.0231170764075966
"42",0.023518,0,0,-0.129460849392411,-0.175403,0.191882,0.106964921939568,0.1557515,0.175403,1.023518,1094.47211588878,2640.47894719925,-1546.00683131047,-0.585502426728421,0.004021,-0.0981521151323316,0.04084559821,-0.01732759821,-0.283745840744073,0.803177626980624,-0.0130716207482042
"43",0.170034,0,0,0.0338636543537445,-0.175403,0.191882,0.118339050372961,0.1557515,0.175403,1.170034,1280.56958764181,2640.47894719925,-1359.90935955743,-0.515023746354762,0.003873,0.041738124350612,-0.010109,0.180143,-0.0566401831661194,0.63653264222084,0.00775961776723206
"44",-0.079137,0,0,-0.00548233685629596,-0.175403,0.191882,0.120239978323244,0.1557515,0.175403,0.920863,1179.2291521846,2640.47894719925,-1461.24979501464,-0.553403312139485,0.004012,0.0158606426907901,-0.143124,0.063987,-0.0198562382644259,0.629335273470235,0.00303031375123378
"45",0.315,0,0,0.520108897005407,-0.175403,0.315,0.140143539191939,0.1224567,0.175403,1.315,1550.68633512275,2640.47894719925,-1089.79261207649,-0.412725355463423,0.003875,0.284386400518128,0.06297514263,0.25202485737,0.279927340858188,0.799116410329987,0.0498737307249252
"46",0.177686,0,0,1.17101319369184,-0.079137,0.315,0.126291872569031,0.057357,0.079137,1.177686,1826.22158726537,2640.47894719925,-814.257359933872,-0.308374872974297,0.003353,0.548930810746405,0.080111,0.097575,0.490696125269067,0.940540675182875,0.0737081360000944
"47",-0.071565,0,0,1.0986176817694,-0.079137,0.315,0.129199220983057,0.0749724,0.079137,0.928435,1695.52803937273,2640.47894719925,-944.950907826519,-0.357871025189891,0.003233,0.51626859273979,0.062164,-0.133729,0.431136642073895,0.955822942034056,0.0697843680734998
"48",0.203494,0,0,1.55417841946461,-0.079137,0.315,0.131675349383609,0.0749724,0.079137,1.203494,2040.55782221684,2640.47894719925,-599.921124982405,-0.227201631589883,0.003779,0.642946208709322,0.0595027663625,0.1439912336375,0.55295051330024,1.02347248019586,0.0827185569762126
"49",0.366354,0,0,2.61429796460088,-0.079137,0.366354,0.147520285478323,0.0749724,0.079137,1.366354,2788.12434261727,2788.12434261727,0,0,0.003494,0.800681408777208,0.0428,0.323554,0.719720239489548,1.09604852745717,0.107765985757977
"50",-0.19875,0,0,1.4552676240912,-0.19875,0.366354,0.172417582485323,0.13296285,0.19875,0.80125,2233.98462952209,2788.12434261727,-554.139713095183,-0.19875,0.003372,0.50248113959438,-0.031935,-0.166815,0.477127722344172,1.2263782490066,0.0706442595532917
"51",0.188375,0,0,2.01978081929348,-0.19875,0.366354,0.169774097979335,0.13296285,0.19875,1.188375,2654.81148410831,2788.12434261727,-133.312858508959,-0.0478145312500001,0.004076,0.619549259389789,0.0388145782475,0.1495604217525,0.634585463574432,1.25306175592373,0.0839411275377464
"52",0.007645,0,0,1.5529935376631,-0.19875,0.366354,0.169923011869525,0.13296285,0.19875,1.007645,2675.10751790432,2788.12434261727,-113.016824712951,-0.0405350733414063,0.003784,0.528910116476806,0.037559,-0.029914,0.510526550074239,1.25608435079,0.0715509272474218
"53",-0.106725,0,0,1.23468958429258,-0.19875,0.366354,0.178643985161172,0.14813625,0.19875,0.893275,2389.60666805598,2788.12434261727,-398.51767456129,-0.142933967639045,0.003463,0.443896837212046,-0.023159,-0.083566,0.421998996683711,1.29337098881228,0.0613122612815228
"54",0.031948,0,0,1.25309515526992,-0.19875,0.366354,0.178405254671114,0.14813625,0.19875,1.031948,2465.94982188703,2788.12434261727,-322.174520730237,-0.115552422037177,0.004098,0.448392529025018,0.0542842534675,-0.0223362534675,0.418607532875698,1.29147562299614,0.0619412259193469
"55",0.10473,0,0,1.12734143698503,-0.19875,0.366354,0.176518259310196,0.14813625,0.19875,1.10473,2724.20874673326,2788.12434261727,-63.9155958840083,-0.0229242271971305,0.003658,0.422457712258285,-0.03022,0.13495,0.400808821422134,1.15735862201333,0.064432491866934
"56",0.19419,0,0,1.75877070816523,-0.19875,0.366354,0.171937866021333,0.14813625,0.19875,1.19419,3253.22284326139,3253.22284326139,0,0,0.003876,0.566251551134488,-0.005004,0.199194,0.459378513120921,1.08902688497623,0.0894009915425165
"57",-0.143406,0,0,0.797069533072306,-0.19875,0.366354,0.170998422934425,0.1683108,0.19875,0.856594,2786.69116820065,3253.22284326139,-466.531675060744,-0.143406,0.003705,0.346048513106416,-0.02822020769,-0.11518579231,0.268539009045222,1.13413758946229,0.0521751069268896
"58",-0.040359,0,0,0.464347545769451,-0.19875,0.366354,0.169260355945539,0.1683108,0.19875,0.959641,2674.22309934324,3253.22284326139,-578.999743918154,-0.177977277246,0.003581,0.242137818418156,0.064238,-0.104597,0.155051428949111,1.07176585337293,0.0382400066249103
"59",0.184483,0,0,0.868191929489556,-0.19875,0.366354,0.169415604841051,0.1683108,0.19875,1.184483,3167.57179937938,3253.22284326139,-85.6510438820151,-0.026328059284174,0.003811,0.367578299876368,0.020822,0.163661,0.318940915559216,1.17386138361916,0.0530501308493539
"60",0.186047,0,0,0.841108832611795,-0.19875,0.366354,0.168198846992229,0.1683108,0.19875,1.186047,3756.88902993852,3756.88902993852,0,0,0.003764,0.361600774446114,0.0623541893625,0.1236928106375,0.310057764907669,1.22936750726209,0.0494732722103473
"61",-0.281421,1,0.0025,-0.0317427666407454,-0.281421,0.19419,0.166469927991628,0.23595195,0.281421,0.718579,2699.62156224419,3756.88902993852,-1057.26746769433,-0.281421,0.004343,0.0406609975446961,-0.04963,-0.231791,0.00957898100433683,1.49335970569305,0.00453262084649057
"62",0.121555,0,0,0.355324482196866,-0.281421,0.19419,0.155151608300241,0.20551275,0.281421,1.121555,3027.77406124278,3756.88902993852,-729.114968695734,-0.194074129655,0.004295,0.215170183317707,-0.017458,0.139013,0.190443636293185,1.36819732616039,0.0243999892133151
"63",0.048267,0,0,0.195533336681655,-0.281421,0.19419,0.147845262869049,0.20551275,0.281421,1.048267,3173.91563185679,3756.88902993852,-582.973398081729,-0.155174505671058,0.004377,0.1466617839437,0.0982750272825,-0.0500080272825,0.0748154022438013,1.24025741159713,0.0174828626680631
"64",-0.151337,1,0.0025,0.00690710330350841,-0.281421,0.19419,0.156470144679424,0.2098748,0.281421,0.848663,2693.58476187848,3756.88902993852,-1063.30426806004,-0.283027861506317,0.004595,0.053474525020791,-0.031583,-0.119754,0.0195411351107916,1.30838886794205,0.0063950151760518
"65",0.026849,1,0.0025,0.157472841084889,-0.281421,0.19419,0.151915519186777,0.2098748,0.281421,1.026849,2765.90481915015,3756.88902993852,-990.984210788365,-0.2637778765599,0.004782,0.127626306847749,-0.022304,0.049153,0.0990125825481935,1.20533032464553,0.0160855628289022
"66",0.140978,1,0.0025,0.279765111493364,-0.281421,0.19419,0.155682926014267,0.2098748,0.281421,1.140978,3155.8365487443,3756.88902993852,-601.052481194214,-0.159986754041562,0.003744,0.183088478163546,0.0260315018525,0.1149464981475,0.177883182267692,1.25884508018073,0.0226427782487005
"67",-0.034655,0.5,0.00125,0.11829573882719,-0.281421,0.19419,0.155006127506131,0.2098748,0.281421,0.965345,3046.47103314757,3756.88902993852,-710.417996790948,-0.189097413080251,0.004772,0.108353781042209,-0.012795,-0.02186,0.0882973783181704,1.37229003072213,0.0122390308345837
"68",0.18271,0,0,0.10754532634531,-0.281421,0.186047,0.153870876442471,0.2098748,0.281421,1.18271,3603.09175561396,3756.88902993852,-153.797274324556,-0.0409374014241441,0.005002,0.102326056522377,0.062594,0.120116,0.0431451305542471,1.4302686936735,0.0110084210537815
"69",0.177812,0,0,0.522868682145127,-0.281421,0.186047,0.150773422524395,0.2098748,0.281421,1.177812,4243.76470686319,4243.76470686319,0,0,0.005093,0.281200090109649,-0.052309111745,0.230121111745,0.247601636242146,1.35616812433704,0.0312627167968027
"70",-0.006932,0,0,0.575914489314751,-0.281421,0.186047,0.149319649635108,0.2098748,0.281421,0.993068,4214.34692991521,4243.76470686319,-29.4177769479757,-0.00693200000000001,0.005217,0.301679987262765,-0.00412,-0.002812,0.323320019137899,1.27075241850626,0.0354488800052424
"71",0.025833,0,0,0.364836040970802,-0.281421,0.186047,0.143181886888882,0.2098748,0.281421,1.025833,4323.21615415571,4323.21615415571,0,0,0.004966,0.221603914825419,-0.078268,0.104101,0.2944936840485,1.23440031835795,0.0257045191861866
"72",0.353875,0,0,0.557963044440351,-0.281421,0.353875,0.165581933921493,0.2098748,0.281421,1.353875,5853.09427070757,5853.09427070757,0,0,0.004909,0.275512645529893,0.0054416423575,0.3484333576425,0.36344350635539,1.22031356005102,0.0373837660746468
"73",0.021564,0.5,0.00125,1.2148698466427,-0.151337,0.353875,0.129590761954789,0.0871619,0.151337,1.021564,5979.3103955611,5979.3103955611,0,0,0.005243,0.546286367938518,0.032372,-0.010808,0.579634276961553,1.20430517880176,0.0587838264858277
"74",-0.575284,0,0,-0.161262121084834,-0.575284,0.353875,0.226780844743567,0.34211315,0.575284,0.424716,2539.50879396113,5979.3103955611,-3439.80160159997,-0.575284,0.003653,0.0563418396930652,-0.090952,-0.484332,0.112894121422707,1.7040007917913,0.00749838266598936
"75",-0.397993,0,0,-0.518323028129205,-0.575284,0.353875,0.255981786561253,0.47777395,0.575284,0.602007,1528.80207052616,5979.3103955611,-4450.50832503495,-0.744317994988,0.00432,-0.0953440229525597,-0.0639204109875,-0.3340725890125,-0.00246375704965918,1.99774699021101,-0.0122169290970903
"76",0.906222,0,0,0.0819173696431803,-0.575284,0.906222,0.365267749379811,0.47777395,0.575284,1.906222,2914.23614048251,5979.3103955611,-3065.07425507859,-0.512613337042015,0.003864,0.174623957653803,0.077824,0.828398,0.240086668310054,2.48060732020332,0.0257132596040118
"77",0.189322,0,0,0.253103552614617,-0.575284,0.906222,0.366595742651799,0.47777395,0.575284,1.189322,3465.96515507094,5979.3103955611,-2513.34524049016,-0.420340319237484,0.003183,0.211287687375675,0.006859,0.182463,0.273101318159858,2.48569160303238,0.0311612134716044
"78",0.325459,0,0,0.455713766387272,-0.575284,0.906222,0.373106303401378,0.47777395,0.575284,1.325459,4593.99470847518,5979.3103955611,-1385.31568708593,-0.231684859196196,0.002778,0.249020406480193,-0.0246399286025,0.3500989286025,0.324381839240921,2.43281388061328,0.0381907897162737
"79",-0.404034,0,0,-0.101299628113517,-0.575284,0.906222,0.39930229350839,0.4810965,0.575284,0.595966,2737.86465043112,5979.3103955611,-3241.44574512999,-0.54211029879572,0.002999,0.155965169778549,-0.009317,-0.394717,0.213545910232771,2.51234440703856,0.0247885002651406
"80",-0.218693,0,0,-0.406311867273032,-0.575284,0.906222,0.405452144125646,0.4810965,0.575284,0.781307,2139.11281643438,5979.3103955611,-3840.19757912672,-0.642247571221188,0.002996,0.071510700058554,-0.063435,-0.155258,0.148464487299176,3.00414723615913,0.00965138003812902
"81",-0.366878,0,0,-0.680868408567442,-0.575284,0.906222,0.418071145442421,0.4810965,0.575284,0.633122,1354.31938456657,5979.3103955611,-4624.99101099453,-0.773499066786701,0.00273,-0.0387487875606836,-0.0805778102325,-0.2863001897675,0.0319176288019268,3.08363036125989,-0.00525346688874253
"82",1.071053,0,0,-0.334447953381669,-0.575284,1.071053,0.522180273511123,0.4810965,0.575284,2.071053,2804.86722436475,5979.3103955611,-3174.44317119635,-0.530904562765797,0.002154,0.141498227875434,0.01954,1.051513,0.206871087982964,3.37676745514411,0.0218811583311058
"83",0.043506,0,0,-0.322981855761602,-0.575284,1.071053,0.522046096016688,0.4810965,0.575284,1.043506,2926.89577782796,5979.3103955611,-3052.41461773314,-0.510496096673486,0.001749,0.144869231364291,0.078787,-0.035281,0.182243121727493,3.36516462146394,0.0224739129207195
"84",-0.099899,0,0,-0.549895885035822,-0.575284,1.071053,0.516733775268264,0.4810965,0.575284,0.900101,2634.50181651873,5979.3103955611,-3344.80857904238,-0.559397047111901,0.001484,0.07373106840859,0.00888577288,-0.10878477288,0.10458390760471,3.38245135789601,0.0112638229798616
"85",-0.001869,0,0,-0.560220534030849,-0.575284,1.071053,0.516858969001011,0.4810965,0.575284,0.998131,2629.57793262365,5979.3103955611,-3349.73246293745,-0.560220534030849,0.00139,0.0705563197193843,-0.014324,0.012455,0.108669352859475,3.29221958614466,0.011076924157836
"86",-0.238708,0,0,-0.211707142639819,-0.404034,1.071053,0.488852868515361,0.40071145,0.404034,0.761292,2001.87664348293,5979.3103955611,-3977.43375207818,-0.665199410793413,0.001285,0.132377253296135,-0.019481,-0.219227,0.161856424400488,3.28969950056854,0.0196714015942234
"87",0.329396,0,0,0.740766089768384,-0.404034,1.071053,0.470673355478464,0.3835982,0.404034,1.329396,2661.28680233963,5979.3103955611,-3318.02359322147,-0.55491743591112,0.001341,0.266802865593155,0.03744464523,0.29195135477,0.285054174961218,3.35740202784431,0.0374030273880038
"88",-0.076939,0,0,-0.157058680684781,-0.404034,1.071053,0.403676684076915,0.3835982,0.404034,0.923061,2456.53005705442,5979.3103955611,-3522.78033850668,-0.589161643309555,0.001546,0.108601970494239,-0.061001,-0.015938,0.145577122027906,3.38286774930507,0.0129594434610514
"89",0.000219,0,0,-0.291086918879708,-0.404034,1.071053,0.401255900659899,0.3835982,0.404034,1.000219,2457.06803713691,5979.3103955611,-3522.24235842419,-0.589071669709439,0.001442,0.0703455906490406,-0.0078,0.008019,0.108380679161673,3.3645978470431,0.00838928888875667
"90",-0.166667,0,0,-0.554297292764833,-0.404034,1.071053,0.393409704520069,0.3835982,0.404034,0.833333,2047.55587859142,5979.3103955611,-3931.75451696969,-0.657559861733976,0.001312,-0.032184640730829,-0.0715186993175,-0.0951483006825,0.0119325014428524,3.499915852216,-0.00361772983541394
"91",-0.204964,0,0,-0.40541960858603,-0.366878,1.071053,0.379262986226147,0.2963845,0.366878,0.795036,1627.88063549181,5979.3103955611,-4351.4297600693,-0.727747762233534,0.001507,0.0106832202116977,-0.073987,-0.130977,0.0746843700992085,3.54393927699746,0.00114328990519069
"92",-0.176687,0,0,-0.373452732669476,-0.366878,1.071053,0.377190836326185,0.2963845,0.366878,0.823313,1340.25528964866,5979.3103955611,-4639.05510591244,-0.775851193367777,0.001402,0.0203745229024797,0.007061,-0.183748,0.0677003787144728,3.49727147506833,0.00219745118104769
"93",-0.223845,0,0,-0.231905076312428,-0.238708,1.071053,0.366326346376693,0.23053335,0.238708,0.776155,1040.24584433726,5979.3103955611,-4939.06455122384,-0.826025782988367,0.001414,0.0538158580775257,-0.10911273387,-0.11473226613,0.11118897750158,3.36842617025532,0.00585263433729123
"94",0.33679,0,0,-0.50422243513985,-0.238708,0.33679,0.197402706115339,0.23053335,0.238708,1.33679,1390.59024225161,5979.3103955611,-4588.7201533095,-0.767433006441019,0.001334,-0.209754385581424,0.088599,0.248191,-0.181966106088572,3.57618370718259,-0.0115782875611707
"95",0.247917,0,0,-0.407105228520407,-0.238708,0.33679,0.213429938720372,0.23053335,0.238708,1.247917,1735.3412033399,5979.3103955611,-4243.96919222121,-0.709775695098858,0.001166,-0.113963627342214,0.059019,0.188898,-0.0586364088013171,3.54764260960463,-0.00685617258461971
"96",-0.117176,0,0,-0.418485554691418,-0.238708,0.33679,0.214053658677668,0.23053335,0.238708,0.882824,1532.00086249734,5979.3103955611,-4447.30953306376,-0.743783018249954,0.001079,-0.120200001060222,-0.0589628049825,-0.0582131950175,-0.0341438488746429,3.60039026526045,-0.00714623918641742
"97",-0.035642,0,0,-0.438161816987055,-0.238708,0.33679,0.213952808078975,0.23053335,0.238708,0.964358,1477.39728775621,5979.3103955611,-4501.91310780489,-0.752915103913489,0.000934,-0.133233430879508,-0.026579,-0.009063,-0.0449004037696513,3.5376116301602,-0.00805788471058815
"98",0.064002,0,0,-0.214759973305723,-0.223845,0.33679,0.204378250312473,0.21346045,0.223845,1.064002,1571.95366896718,5979.3103955611,-4407.35672659392,-0.73710117639416,0.000871,-0.0158790542945327,-0.015246,0.079248,0.112554430569618,3.54311255982935,-0.000915955470940406
"99",0.048856,0,0,-0.380467736146,-0.223845,0.33679,0.177277009017646,0.21346045,0.223845,1.048856,1648.75303741824,5979.3103955611,-4330.55735814286,-0.724256991468073,0.00102,-0.150030265142951,0.0102051140625,0.0386508859375,-0.0290473385360408,3.98050581480234,-0.00668179319516644
"100",0.154605,0,0,-0.225061995353343,-0.223845,0.33679,0.183637663454341,0.21346045,0.223845,1.154605,1903.65850076829,5979.3103955611,-4075.65189479281,-0.681625743633995,0.000939,-0.0394853640783929,0.082774,0.071831,0.0274746009194066,3.71920533842527,-0.00194961002155104
"101",0.138346,0,0,-0.118045570182626,-0.223845,0.33679,0.188335171187929,0.21346045,0.223845,1.138346,2167.02203971558,5979.3103955611,-3812.28835584552,-0.637579938762783,0.000903,0.0228555291762512,0.053251,0.085095,0.0755422367662553,3.64564766150341,0.00118072298797653
"102",-0.037318,0,0,0.0188503928266961,-0.223845,0.33679,0.181152665376388,0.21346045,0.223845,0.962682,2086.15311123748,5979.3103955611,-3893.15728432363,-0.651104730608034,0.000984,0.0834153703191177,0.01269781827,-0.05001581827,0.106063986895226,3.62193477365667,0.00417205654187163
"103",-0.12728,0,0,0.118403587796923,-0.223845,0.33679,0.173766561951267,0.1979081,0.223845,0.87272,1820.62754323917,5979.3103955611,-4158.68285232193,-0.695512120496243,0.000674,0.124615459711246,0.017932,-0.145212,0.0958152878487971,3.55616519230516,0.00608914345341857
"104",0.165321,0,0,0.582993572717907,-0.223845,0.33679,0.165960438938339,0.17073425,0.223845,1.165321,2121.61550931501,5979.3103955611,-3857.69488624609,-0.645173879768803,0.000689,0.302566585473963,0.019597,0.145724,0.332270258349756,3.63751758575401,0.0138044922531762
"105",-0.041786,0,0,0.954308872954907,-0.12728,0.33679,0.145602422776499,0.1217228,0.12728,0.958214,2032.96168364278,5979.3103955611,-3946.34871191833,-0.660000644028783,0.000865,0.449384120256738,-0.01083276007,-0.03095323993,0.416470546023807,3.78161361990005,0.0173025124307639
"106",0.1923,0,0,0.743072935333251,-0.12728,0.247917,0.125841540012147,0.1217228,0.12728,1.1923,2423.90021540728,5979.3103955611,-3555.41018015382,-0.594618767875518,0.0007,0.424688196453317,0.05556,0.13674,0.38301499642073,3.7391315764705,0.0142930024187899
"107",-0.01895,1,0.0025,0.370316858580086,-0.12728,0.1923,0.111259096614818,0.1217228,0.12728,0.98105,2377.96730632531,5979.3103955611,-3601.34308923579,-0.602300742224277,0.000725,0.280797264678123,0.009259,-0.028209,0.224301431094522,3.9359915515196,0.00793732648840123
"108",-0.269504,0,0,0.133873777701239,-0.269504,0.1923,0.135818873252378,0.1912808,0.269504,0.730496,1737.09560540142,5979.3103955611,-4242.21479015969,-0.709482282991866,0.000831,0.136710872517429,0.0516765732975,-0.3211805732975,-0.0174015126919077,3.63007857470367,0.0051150178390236
"109",0.042071,0,0,0.225247243661491,-0.269504,0.1923,0.13480408795896,0.1912808,0.269504,1.042071,1810.17695461626,5979.3103955611,-4169.13344094484,-0.697259912119617,0.000696,0.185927843233981,0.019078,0.022993,0.00299410343096311,3.66101282330667,0.00684614737587708
"110",-0.023267,1,0.0025,0.12475297606886,-0.269504,0.1923,0.134914971791215,0.1912808,0.269504,0.976733,1768.0595674132,5979.3103955611,-4211.2508281479,-0.704303765744329,0.000623,0.132024512156428,0.014403,-0.03767,-0.0724504562148846,3.37552661302039,0.0052768309586501
"111",-0.097879,0,0,-0.0326000141828662,-0.269504,0.1923,0.13852632133617,0.1912808,0.269504,0.902121,1595.00366501437,5979.3103955611,-4384.30673054674,-0.73324621745704,0.000844,0.0404171083107469,-0.0150759561075,-0.0828030438925,-0.150110940997975,3.22915386631691,0.0017338391309669
"112",-0.057776,0,0,-0.210546044546349,-0.269504,0.1923,0.131244046548844,0.1912808,0.269504,0.942224,1502.8507332645,5979.3103955611,-4476.45966229661,-0.748658183997242,0.000795,-0.0921000506398957,-0.015584,-0.042192,-0.228937129464505,2.61973218661237,-0.00461405306813597
"113",0.140288,1,0.0025,-0.209199248772928,-0.269504,0.1923,0.131446400737289,0.1912808,0.269504,1.140288,1713.6826569327,5979.3103955611,-4265.6277386284,-0.713397943313847,0.000603,-0.0905369027470376,0.013629,0.126659,-0.195521989957306,2.62153269742432,-0.00453961532186595
"114",-0.127079,0,0,-0.282933946451801,-0.269504,0.1923,0.135560575924538,0.1912808,0.269504,0.872921,1495.90957857235,5979.3103955611,-4483.40081698875,-0.749819046075467,0.000817,-0.142865405628312,0.0193917656975,-0.1464707656975,-0.248483937269501,2.69829437133801,-0.00717746620694435
"115",-0.246702,0,0,-0.381056439630407,-0.269504,0.1923,0.148068562806759,0.2569629,0.269504,0.753298,1126.8656937194,5979.3103955611,-4852.44470184171,-0.811539187770557,0.000919,-0.198145819142964,-0.032954,-0.213748,-0.277530619990163,2.7168459173662,-0.0107989807147801
"116",-0.209707,1,0.0025,-0.580247190984144,-0.269504,0.1923,0.142910015221568,0.2569629,0.269504,0.790293,890.554069686583,5979.3103955611,-5088.75632587452,-0.851060739320757,0.001116,-0.42423257207927,0.003807,-0.213514,-0.506244409097491,2.67212327659676,-0.0226887299191333
"117",-0.011364,0,0,-0.566920606363297,-0.269504,0.1923,0.143527759911364,0.2569629,0.269504,0.988636,880.433813238665,5979.3103955611,-5098.87658232244,-0.852753285079116,0.001185,-0.40492921626607,0.0107062146875,-0.0220702146875,-0.499915124916079,2.48902682409794,-0.0233499224558965
"118",-0.005944,1,0.0025,-0.638928818484503,-0.269504,0.140288,0.121978255346915,0.2569629,0.269504,0.994056,875.200514652774,5979.3103955611,-5104.10988090833,-0.853628519552606,0.001129,-0.612196546460567,0.014973,-0.020917,-0.667536697446274,2.25863011173001,-0.0330619282364341
"119",0.086855,1,0.0025,-0.599987748854773,-0.269504,0.140288,0.129873369673087,0.2569629,0.269504,1.086855,951.216055352941,5979.3103955611,-5028.09434020816,-0.840915424618347,0.001541,-0.507614328474566,0.040559,0.046296,-0.593634106018027,2.39451118525814,-0.0275319588144777
"120",0.05419,0,0,-0.422736175099128,-0.246702,0.140288,0.116459642454007,0.22635475,0.246702,1.05419,1002.76245339252,5979.3103955611,-4976.54794216859,-0.832294631478415,0.001672,-0.335061707596064,0.03364036028,0.02054963972,-0.455909774952574,2.40177560150674,-0.0162467995104068
"121",0.488764,0,0,-0.175286903661342,-0.246702,0.488764,0.191561945537741,0.22635475,0.246702,1.488764,1492.87664116246,5979.3103955611,-4486.43375439865,-0.750326284738332,0.001661,-0.00979926707988491,-0.0238786052575,0.5126426052575,-0.03181981840188,2.18027054553625,-0.000860978776468767
"122",0.265114,1,0.0025,0.0682101292383741,-0.246702,0.488764,0.206029999427268,0.22635475,0.246702,1.265114,1888.6591390076,5979.3103955611,-4090.6512565535,-0.68413428739045,0.001641,0.107119109165415,0.0210895297175,0.2440244702825,0.0849820953816934,2.16735539319405,0.0101828016158788
"123",-0.036614,0,0,0.140754603391829,-0.246702,0.488764,0.20349963109346,0.22635475,0.246702,0.963386,1819.50777329198,5979.3103955611,-4159.80262226913,-0.695699394591936,0.002123,0.133015392646593,-0.0173064984075,-0.0193075015925,0.11197232198872,2.03959984040948,0.0132715166951076
"124",-0.081303,0,0,0.112270364448648,-0.246702,0.488764,0.204515475762875,0.22635475,0.246702,0.918697,1671.57633280002,5979.3103955611,-4307.73406276108,-0.720439946713427,0.002072,0.1222478799713,-0.0189873262525,-0.0623156737475,0.10334536403085,2.10878701712888,0.01185590727288
"125",0.031488,0,0,0.00614365290558827,-0.246702,0.488764,0.20139419953994,0.22635475,0.246702,1.031488,1724.21092836723,5979.3103955611,-4255.09946719388,-0.71163715975554,0.002395,0.0783815192760937,0.0319455524275,-0.000457552427500001,0.051873174891812,2.10130350959674,0.00751228142971249
"126",0.09383,0,0,0.260767139131399,-0.246702,0.488764,0.197045694880482,0.22635475,0.246702,1.09383,1885.99363977592,5979.3103955611,-4093.31675578518,-0.684580074455402,0.002263,0.17292520238686,0.00166567759,0.09216432241,0.15516699528261,2.07855809360921,0.0163931750435227
"127",-0.042059,0,0,0.603270596797909,-0.209707,0.488764,0.178349931931497,0.1390848,0.209707,0.957941,1806.67063328059,5979.3103955611,-4172.63976228052,-0.697846321103882,0.002383,0.285986932810218,0.03731152353,-0.07937052353,0.226203986485811,1.93892190472771,0.0263062425957599
"128",0.01514,0,0,1.05941861263282,-0.081303,0.488764,0.159032338791065,0.0597188,0.081303,1.01514,1834.02362666846,5979.3103955611,-4145.28676889265,-0.693271714405395,0.00292,0.43760072445452,-0.0092073061225,0.0243473061225,0.370939907169398,1.91235551183482,0.0363910717625383
"129",0.059096,1,0.0025,1.20619319442643,-0.081303,0.488764,0.15698195975631,0.0597188,0.081303,1.059096,1942.40708691005,5979.3103955611,-4036.90330865105,-0.675145299639896,0.002848,0.479836983287324,0.00798946886,0.05110653114,0.412884004101941,1.84863078866457,0.0407467788927255
"130",-0.01426,1,0.0025,1.18773678693545,-0.081303,0.488764,0.157401029815347,0.0597188,0.081303,0.98574,1914.70836185072,5979.3103955611,-4064.60203371039,-0.679777727667032,0.002728,0.473310118030346,-0.0157427322775,0.0014827322775,0.426873149917118,1.41031661672117,0.0528246629988685
"131",-0.074246,0,0,0.863455641693367,-0.081303,0.488764,0.16321776680827,0.07742165,0.081303,0.925754,1772.54892481675,5979.3103955611,-4206.76147074435,-0.703552950498665,0.003045,0.37342186776106,0.038242449095,-0.112488449095,0.32850910977618,1.01271641979488,0.0601837613590564
"132",0.057512,1,0.0025,0.86932782758178,-0.081303,0.488764,0.163203798226467,0.07742165,0.081303,1.057512,1874.49175858081,5979.3103955611,-4104.81863698029,-0.686503687787744,0.00316,0.374390285830722,-0.000110633375,0.057622633375,0.347367045488997,0.818814452837775,0.0746224208120716
"133",0.050355,0,0,0.318850959816103,-0.081303,0.265114,0.0935805366287226,0.07742165,0.081303,1.050355,1968.88179108415,5979.3103955611,-4010.42860447696,-0.670717580986296,0.003488,0.26090450229198,0.0263674575375,0.0239875424625,0.198732514278896,0.799032573556472,0.0305564305403223
"134",-0.139934,1,0.0025,-0.103401851844817,-0.139934,0.09383,0.0699550220985642,0.10768695,0.139934,0.860066,1693.36828653058,5979.3103955611,-4285.94210903053,-0.71679538700856,0.003322,-0.135494203499002,0.0023768458475,-0.1423108458475,-0.192015915779673,0.963240161820389,-0.00984022508165252
"135",-0.086746,1,0.0025,-0.150058392798615,-0.139934,0.09383,0.0733167876077071,0.1106806,0.139934,0.913254,1546.4753611472,5979.3103955611,-4432.83503441391,-0.741362254367115,0.003642,-0.187989005652386,0.01285102352,-0.09959702352,-0.269478021139413,0.973068081410135,-0.0141642196094096
"136",0.130877,1,0.0025,0.0462420307534264,-0.139934,0.130877,0.0800754575344785,0.1106806,0.139934,1.130877,1748.87341698806,5979.3103955611,-4230.43697857305,-0.70751252213192,0.003559,0.0471430337862828,0.0120049362775,0.1188720637225,-0.0637642092655971,0.652245443593437,0.00578769853753556
"137",-0.080906,0,0,-0.0677596123141621,-0.139934,0.130877,0.0834226726660684,0.1106806,0.139934,0.919094,1607.37906431322,5979.3103955611,-4371.93133124788,-0.731176514016315,0.004195,-0.0688202197698453,-0.0283670522325,-0.0525389477675,-0.113718832739101,0.524021173730984,-0.0109559822283327
"138",0.088166,0,0,-0.0725868793994062,-0.139934,0.130877,0.0828414042319035,0.1106806,0.139934,1.088166,1749.09524689746,5979.3103955611,-4230.21514866364,-0.707475422551078,0.00397,-0.0767178770760036,0.0015368869225,0.0866291130775,-0.119933986307626,0.492208019013956,-0.0129120542964711
"139",-0.085989,0.5,0.00125,-0.115116908271731,-0.139934,0.130877,0.0856435906230618,0.1106806,0.139934,0.914011,1598.69229571199,5979.3103955611,-4380.61809984911,-0.732629318441333,0.003976,-0.118502738222037,0.005498932705,-0.091487932705,-0.130342399547772,0.581256107001698,-0.0174604617099883
"140",0.26168,0,0,0.0997885012626061,-0.139934,0.26168,0.115676165696591,0.1106806,0.139934,1.26168,2017.03809565391,5979.3103955611,-3962.27229990719,-0.662663758491061,0.004283,0.0888896740719828,0.02409764391,0.23758235609,0.0586660455182819,0.703873146349349,0.0146083377665373
"141",-0.090538,0,0,-0.0555947242409638,-0.139934,0.26168,0.118382923589249,0.1127662,0.139934,0.909462,1834.4195005496,5979.3103955611,-4144.89089501151,-0.693205507124797,0.004047,-0.0193186646406469,0.02643807505,-0.11697607505,-0.0638946194005319,0.552994603575235,-0.00413566422748803
"142",-0.101606,0,0,-0.139278071996405,-0.139934,0.26168,0.12205693072829,0.1188536,0.139934,0.898394,1648.03147277675,5979.3103955611,-4331.27892278435,-0.724377668367875,0.004076,-0.0792922336234325,0.0324765968,-0.1340825968,-0.153703961223205,-0.10130268040953,0.0955371232778976
"143",0.015735,0,0,-0.0556180286115625,-0.139934,0.26168,0.120229947632556,0.1188536,0.139934,1.015735,1673.9632480009,5979.3103955611,-4305.34714756021,-0.720040750979644,0.004243,-0.0189601956768721,0.018337090705,-0.002602090705,-0.0809650836988003,-0.0918458610475001,0.0248196631544934
"144",0.010439,1,0.0025,-0.0976552750344568,-0.139934,0.26168,0.118999734042579,0.1188536,0.139934,1.010439,1691.43775034678,5979.3103955611,-4287.87264521433,-0.71711825637912,0.004036,-0.0527340114145801,0.01371887194,-0.00327987194,-0.1258523994895,0.740144101352637,-0.0084785291429939
"145",0.141266,0,0,-0.0195549553412651,-0.139934,0.26168,0.125384265191837,0.1188536,0.139934,1.141266,1930.38039558727,5979.3103955611,-4048.92999997384,-0.677156683984773,0.004328,0.00981449571403973,0.0152573946175,0.1260086053825,-0.0499785216888431,0.783484196675512,0.00157065495201426
"146",-0.011305,0,0,0.127077588730246,-0.101606,0.26168,0.117071137019821,0.0955186,0.101606,0.988695,1908.55744521515,5979.3103955611,-4070.75295034595,-0.680806427672325,0.003837,0.101705256334737,-0.0193333854025,0.0080283854025,0.0553255617086548,0.80172045371767,0.0148514983555515
"147",0.04398,0,0,0.28841095804957,-0.101606,0.26168,0.112647637327003,0.0955186,0.101606,1.04398,1992.49580165571,5979.3103955611,-3986.81459390539,-0.666768294361354,0.004257,0.201951269224534,0.0108414145275,0.0331385854725,0.157855724343951,0.656892955995989,0.0346317206261414
"148",0.027088,0,0,0.170163894111576,-0.101606,0.26168,0.107812217130696,0.0955186,0.101606,1.027088,2046.46852793096,5979.3103955611,-3932.84186763014,-0.657741713919014,0.004348,0.130175414006991,0.0439443765325,-0.0168563765325,0.0578239199382105,0.531581590271875,0.0264014033910055
"149",0.056032,0,0,0.344509394497664,-0.101606,0.26168,0.103534671294209,0.0955186,0.101606,1.056032,2161.13625248799,5979.3103955611,-3818.17414307311,-0.638564297633324,0.004046,0.245892669078194,0.0344171646125,0.0216148353875,0.117870160880285,0.547367676843315,0.0465106321467246
"150",-0.092655,0,0,0.121091705264163,-0.101606,0.26168,0.10732183450509,0.09668295,0.101606,0.907345,1960.89617301372,5979.3103955611,-4018.41422254739,-0.672053122636109,0.003918,0.0968519908485198,-0.016673276965,-0.075981723035,-0.0118811384381557,0.793432121455242,0.0131004695326286
"151",-0.043753,1,0.0025,0.172896803084142,-0.101606,0.26168,0.104378489611017,0.09668295,0.101606,0.956247,1875.10108275585,5979.3103955611,-4104.20931280526,-0.686401782361411,0.003962,0.133314504918817,-0.0312639419425,-0.0124890580575,0.0530594730442588,0.242932162083116,0.0572800511358629
"152",0.004675,0,0,-0.0660230045347785,-0.101606,0.141266,0.070808592540779,0.09668295,0.101606,1.004675,1883.86718031773,5979.3103955611,-4095.44321524337,-0.684935710693951,0.004205,-0.105854620148678,0.015049632335,-0.010374632335,-0.221367719661371,0.148192947517611,-0.0505787676959185
"153",0.105056,1,0.0025,0.134843327924439,-0.101606,0.141266,0.0714326525799376,0.09668295,0.101606,1.105056,2081.77873081319,5979.3103955611,-3897.53166474791,-0.651836316716614,0.003347,0.124066744641032,0.037409348345,0.067646651655,0.000988886045892375,0.269629889897185,0.0328688212944271
"154",0.362829,0.5,0.00125,0.721513498255704,-0.092655,0.362829,0.115790087743812,0.0657589,0.092655,1.362829,2837.10842593541,5979.3103955611,-3142.20196962569,-0.525512435674587,0.003212,0.41141115152043,0.0172866377975,0.3455423622025,0.370262632553998,0.414676515938471,0.114878300319282
"155",-0.028834,0,0,0.645975946528375,-0.092655,0.362829,0.117743934348692,0.0657589,0.092655,0.971166,2755.30324158199,5979.3103955611,-3224.00715397911,-0.539193810104346,0.003395,0.3736406203005,-0.041447650315,0.012613650315,0.383612244444197,0.487151503111249,0.0903084900399453
"156",-0.090909,0,0,0.480882981758846,-0.092655,0.362829,0.124136632720002,0.0916947,0.092655,0.909091,2504.82137919301,5979.3103955611,-3474.48901636809,-0.58108524002157,0.002921,0.287112400954661,-0.00618337533,-0.08472562467,0.305010206867764,0.57329776802025,0.062168682061584
"157",-0.181968,0.5,0.00125,0.061461278382211,-0.181968,0.362829,0.134659658009863,0.13284585,0.181968,0.818032,2049.02404246402,5979.3103955611,-3930.28635309709,-0.657314321065325,0.00243,0.0658190195761336,-0.061253460565,-0.120714539435,0.118898187178239,1.80244328594707,0.00491730682222804
"158",-0.048454,0,0,0.0215781748663435,-0.181968,0.362829,0.13568031535291,0.13284585,0.181968,0.951546,1949.74063151047,5979.3103955611,-4029.56976405064,-0.673918812952426,0.001325,0.0440502366496879,-0.0315021052325,-0.0169518947675,0.100871533596331,1.63149440793924,0.00366335916992157
"159",-0.266489,0,0,-0.282228750910567,-0.266489,0.362829,0.156496255858494,0.22000245,0.266489,0.733511,1430.15620035987,5979.3103955611,-4549.15419520123,-0.760815862407547,0.001869,-0.125860306105193,-0.00348433519,-0.26300466481,-0.0905236787308343,1.72563814846006,-0.0114141349298772
"160",0.267741,1,0.0025,-0.114050557409017,-0.266489,0.362829,0.176697982861079,0.22000245,0.266489,1.267741,1813.06765160043,5979.3103955611,-4166.24274396068,-0.696776462224406,0.001025,0.00359181613955162,0.0485543106925,0.2191866893075,0.0438635240093544,2.02841212552313,0.000312888420790207
"161",0.139232,1,0.0025,-0.0442505952643383,-0.266489,0.362829,0.180532806273856,0.22000245,0.266489,1.139232,2065.50468686806,5979.3103955611,-3913.80570869305,-0.654558042612834,0.000946,0.0433513082462214,0.0129184988225,0.1263135011775,0.0972785595266458,2.09472624880627,0.00373620817411982
"162",-0.191667,0,0,-0.148544618002864,-0.266489,0.362829,0.187794472240811,0.2253369,0.266489,0.808333,1669.61560005012,5979.3103955611,-4309.69479551099,-0.72076786625936,0.00175,-0.00129929276984864,-0.0829337544025,-0.1087332455975,0.0792728636552076,2.15097384700481,-0.000113436990570477
"163",-0.238595,0.5,0.00125,-0.32203459448288,-0.266489,0.362829,0.2001535156721,0.2511473,0.266489,0.761405,1271.25366595616,5979.3103955611,-4708.05672960494,-0.787391257209208,0.00144,-0.0812909361698248,-0.0074197326,-0.2311752674,-0.0303203266092996,2.36639137720712,-0.00687572935879684
"164",-0.047826,1,0.0025,-0.357462829240443,-0.266489,0.362829,0.200283179852171,0.2511473,0.266489,0.952174,1210.45468812814,5979.3103955611,-4768.85570743296,-0.797559482941921,0.001282,-0.101866600488995,0.0149012443575,-0.0627272443575,-0.0547365642450771,2.35649142755791,-0.00865785736713243
"165",-0.210342,1,0.0025,-0.540851669790806,-0.266489,0.362829,0.203292380896818,0.2511473,0.266489,0.789658,955.845228117891,5979.3103955611,-5023.46516744321,-0.840141226180951,0.00153,-0.228901429858727,-0.08559272471,-0.12474927529,-0.144094513954898,2.34165016151989,-0.0198722753002793
"166",-0.464213,0.5,0.00125,-0.819488940727125,-0.464213,0.267741,0.192512388687066,0.3554648,0.464213,0.535787,512.1294472376,5979.3103955611,-5467.1809483235,-0.914349747151813,0.000792,-0.598675323976227,-0.1671213668775,-0.2970916331225,-0.523075090683286,2.50344656354058,-0.0460374982015462
"167",-0.214446,1,0.0025,-0.853988726277439,-0.464213,0.267741,0.192545619988583,0.3554648,0.464213,0.785554,402.305335795286,5979.3103955611,-5577.00505976582,-0.932717101274095,0.000228,-0.677533805621764,-0.0736356111825,-0.1408103888175,-0.615516922682731,2.62277699781978,-0.0497397097714027
"168",-0.159614,1,0.0025,-0.865023600191172,-0.464213,0.267741,0.192331540069584,0.3554648,0.464213,0.840386,338.091771927657,5979.3103955611,-5641.21862363345,-0.943456393871332,0.000029,-0.706803383803569,0.011912167705,-0.171526167705,-0.656403378525241,2.56847036466453,-0.0529266699758433
"169",0.09251,0,0,-0.819734354456619,-0.464213,0.267741,0.202266385663451,0.3554648,0.464213,1.09251,369.368641748685,5979.3103955611,-5609.94175381242,-0.938225544868369,0.000023,-0.558010827963926,-0.082734921475,0.175244921475,-0.438101427573419,2.23896561785251,-0.0504102575016711
"170",-0.090995,0,0,-0.827793534808447,-0.464213,0.267741,0.201425358974485,0.3554648,0.464213,0.909005,335.757942192763,5979.3103955611,-5643.55245336834,-0.943846711413072,0.000147,-0.57745335836653,-0.10369042471,0.01269542471,-0.420830692163282,2.08952309897734,-0.0556652137786495
"171",0.031978,0,0,-0.757722401524383,-0.464213,0.267741,0.199489802716888,0.3401231,0.464213,1.031978,346.494809668203,5979.3103955611,-5632.8155858929,-0.942051041550639,0.000159,-0.457662490796935,0.0875459128025,-0.0555679128025,-0.341715939193962,1.95799519731647,-0.0466288171314873
"172",0.207814,0,0,-0.76917503234081,-0.464213,0.207814,0.190241708987341,0.3401231,0.464213,1.207814,418.501282044591,5979.3103955611,-5560.80911351651,-0.930008436699443,0.000125,-0.505766675345989,0.0941073222,0.1137066778,-0.434512485103592,1.96671666176473,-0.0489231207205673
"173",0.038897,1,0.0025,-0.789504362213992,-0.464213,0.207814,0.18096528032117,0.3401231,0.464213,1.038897,434.77972641228,5979.3103955611,-5544.53066914882,-0.927285974861742,0.000017,-0.577468505641162,0.0545581047675,-0.0156611047675,-0.558847428070367,1.92890626402347,-0.0541766865239069
"174",0.007865,1,0.0025,-0.737544816335354,-0.464213,0.207814,0.181331782049633,0.3401231,0.464213,1.007865,438.199268960512,5979.3103955611,-5541.11112660059,-0.926714079054029,0.000075,-0.483834102374762,0.002403792125,0.005461207875,-0.483212358045726,1.9235610352161,-0.0456104581002513
"175",0.386477,1,0.0025,-0.522083417259135,-0.464213,0.386477,0.219636540021115,0.32684115,0.464213,1.386477,607.553207830564,5979.3103955611,-5371.75718773054,-0.898390756184593,0.000119,-0.161790398491604,0.074413528635,0.312063471365,-0.126390695572883,2.11352233548607,-0.0168132045432872
"176",-0.02028,0,0,-0.508257488187159,-0.464213,0.386477,0.21963605165714,0.32684115,0.464213,0.97972,595.23202877576,5979.3103955611,-5384.07836678534,-0.90045139164917,0.000116,-0.150896978964106,0.034688320305,-0.054968320305,-0.122575074367172,2.02929789913735,-0.0163319622420914
"177",0.17754,0,0,-0.266712326905961,-0.464213,0.386477,0.21968415709727,0.32684115,0.464213,1.17754,700.909523164609,5979.3103955611,-5278.40087239649,-0.882777531722563,0.000079,-0.00317728874591068,0.0364607744625,0.1410792255375,0.0123252383851268,2.10545401325022,-0.000331519945630404
"178",-0.060629,0,0,0.285639955359164,-0.214446,0.386477,0.166765006997303,0.1842884,0.214446,0.939371,658.414079684662,5979.3103955611,-5320.89631587644,-0.889884612751756,0.00004,0.197863252374044,-0.0183243591075,-0.0423046408925,0.167721079015728,2.16316507892017,0.0152538828350253
"179",0.138786,0,0,0.863740471315328,-0.159614,0.386477,0.14936651104853,0.12187355,0.159614,1.138786,749.792736147777,5979.3103955611,-5229.51765941333,-0.874602138617121,0.000004,0.418108000882759,0.0602050961325,0.0785809038675,0.321283780748423,2.1726476651234,0.0287443446702557
"180",0.081593,0,0,1.39866995355867,-0.090995,0.386477,0.13197154751642,0.0742937,0.090995,1.081593,810.970574868283,5979.3103955611,-5168.33982069282,-0.864370550913308,0.000062,0.625507302294804,0.018921742305,0.062671257695,0.552220223917265,2.18329587973247,0.0378094272210058
"181",0.081172,0,0,1.37377670779118,-0.090995,0.386477,0.131934961311062,0.0742937,0.090995,1.081172,876.798678371491,5979.3103955611,-5102.51171718961,-0.853361237272043,0.000028,0.618516243577542,-0.035810458775,0.116982458775,0.528738782831903,2.12166370134843,0.0384622297185002
"182",0.044276,0,0,1.72702355356168,-0.060629,0.386477,0.121180337637347,0.03843705,0.060629,1.044276,915.619816655067,5979.3103955611,-5063.69057890604,-0.8468686594135,0.00001,0.766526306806054,0.030375364645,0.013900635355,0.529903909991693,2.11858182360069,0.0438443847822674
"183",0.002852,0,0,1.65005748643522,-0.060629,0.386477,0.122793699767407,0.03843705,0.060629,1.002852,918.231164372168,5979.3103955611,-5061.07923118894,-0.846431928830147,0.000068,0.736750611022358,0.06092816492,-0.05807616492,0.52673733039619,2.04891494411966,0.0441542649649637
"184",0.035705,0,0,1.27243415707086,-0.060629,0.386477,0.117799170687645,0.03843705,0.060629,1.035705,951.016608096076,5979.3103955611,-5028.29378746503,-0.840948780849028,0.000111,0.646244645772515,0.015915975685,0.019789024315,0.458318903068523,2.07381859820433,0.0367086510841642
"185",-0.104809,0,0,0.958098450089299,-0.104809,0.386477,0.128732063882054,0.08051,0.104809,0.895191,851.341508418134,5979.3103955611,-5127.96888714297,-0.857618780077022,0.000112,0.498272650436458,-0.0801637059475,-0.0246452940525,0.448971034569253,2.04070771511703,0.0314320694686001
"186",-0.022152,0,0,0.89978087662824,-0.104809,0.386477,0.130209648455138,0.08051,0.104809,0.977848,832.482591323656,5979.3103955611,-5146.82780423745,-0.860772808860756,0.000127,0.473374418854246,-0.05358648034,0.03143448034,0.472421769178714,2.00313983250137,0.0307706509883026
"187",0.040397,0,0,0.425574549524724,-0.104809,0.17754,0.0806228058299977,0.08051,0.104809,1.040397,866.112390565358,5979.3103955611,-5113.19800499575,-0.855148448020304,0.000142,0.406783163428398,0.0703945021325,-0.0299975021325,0.315897102443554,1.94472917100812,0.0168640448700623
"188",-0.192892,0,0,0.17440965124505,-0.192892,0.17754,0.10320384553834,0.14444635,0.192892,0.807108,699.046239324425,5979.3103955611,-5280.26415623668,-0.883089153584771,0.000126,0.178392900354607,-0.0454978795225,-0.1473941204775,0.167501700878078,1.98177399052591,0.00929007718405243
"189",0.031182,0.5,0.00125,0.0284407264213307,-0.192892,0.138786,0.0905736766781189,0.14444635,0.192892,1.031182,720.843899159039,5979.3103955611,-5258.46649640206,-0.879443639571852,0.000125,0.0685684873108427,0.09032613789,-0.05914413789,-0.0441748556171364,1.87060815310129,0.00332004326491551
"190",0.283037,0,0,0.404692612722178,-0.192892,0.283037,0.11774703194519,0.14444635,0.192892,1.283037,924.869393845316,5979.3103955611,-5054.44100171579,-0.84532172898535,0.000112,0.295916871599384,0.0386735758825,0.2443634241175,0.207023508859708,1.88612409222701,0.0184735105589964
"191",-0.013548,0,0,0.216788612790303,-0.192892,0.283037,0.113673340833571,0.14444635,0.192892,0.986452,912.339263297499,5979.3103955611,-5066.9711322636,-0.847417310201056,0.000114,0.194765690040564,-0.0001090873375,-0.0134389126625,0.132097603169276,1.9027306467023,0.0116357334681279
"192",0.119069,0,0,0.258948991096125,-0.192892,0.283037,0.11594448912574,0.14444635,0.192892,1.119069,1020.97058703907,5979.3103955611,-4958.33980852203,-0.829249441909386,0.00014,0.217829815432424,0.06699701796,0.05207198204,0.123697031632081,1.90082516802059,0.0132869487902283
"193",-0.000814,0,0,0.163482042281314,-0.192892,0.283037,0.114766127195603,0.14444635,0.192892,0.999186,1020.13951698122,5979.3103955611,-4959.17087857988,-0.829388432863672,0.000066,0.160507579923278,0.02328943733,-0.02410343733,0.00427146267704046,1.86901800718681,0.00985588863376429
"194",0.046949,0,0,0.166460170189087,-0.192892,0.283037,0.114823230344418,0.14444635,0.192892,1.046949,1068.03404716397,5979.3103955611,-4911.27634839713,-0.821378390398188,0.000122,0.162286411417843,0.032460509775,0.014488490225,0.00479857673499096,1.87252136123871,0.00995142185596911
"195",-0.031781,0,0,0.126177042594827,-0.192892,0.283037,0.11569106974058,0.14444635,0.192892,0.968219,1034.09085711105,5979.3103955611,-4945.21953845005,-0.827055163772943,0.000067,0.136123298326423,0.000574348925,-0.032355348925,0.0282377531388446,1.85942715059183,0.00846940951410089
"196",0.034798,0,0,0.125190813332988,-0.192892,0.283037,0.115677222766497,0.14444635,0.192892,1.034798,1070.0751507568,5979.3103955611,-4909.2352448043,-0.821037029361914,0.000053,0.135527977116517,0.0293937505825,0.0054042494175,0.0151887634273482,1.7966587623046,0.00872591965092482
"197",0.087107,0,0,0.366415445988604,-0.192892,0.283037,0.110645835077786,0.10428095,0.192892,1.087107,1163.28618691378,5979.3103955611,-4816.02420864733,-0.805448101878542,0.000013,0.286307658826284,-0.01135945795,0.09846645795,0.122396387808169,1.77553352404891,0.017841820259051
"198",-0.078749,0,0,0.287328496895681,-0.192892,0.283037,0.114299645168031,0.13011335,0.192892,0.921251,1071.6785629805,5979.3103955611,-4907.6318325806,-0.820768869303709,0.000035,0.235958737757685,-0.0165854721575,-0.0621635278425,0.0395972368933887,1.75743991526733,0.0153461861004206
"199",0.096351,0,0,0.356562816790203,-0.192892,0.283037,0.116021406441088,0.13011335,0.192892,1.096351,1174.93586420224,5979.3103955611,-4804.37453135887,-0.803499770629991,-0.000028,0.272768629262129,-0.01989183245,0.11624283245,0.157746645141729,1.7118428388745,0.0184870943063951
"200",-0.118971,1,0.0025,0.480807007133935,-0.118971,0.283037,0.104390722159877,0.0968489,0.118971,0.881029,1035.15256950223,5979.3103955611,-4944.15782605887,-0.82687759941837,0.000083,0.362203325011572,-0.0543937543375,-0.0645772456625,0.249599466781374,1.73104487827164,0.0218426842315138
"201",-0.327315,1,0.0025,-0.034004994662542,-0.327315,0.283037,0.148473551559289,0.2127258,0.327315,0.672685,696.33160621561,5979.3103955611,-5282.97878934549,-0.883543157964746,-0.000001,0.0535207556040273,-0.0703220805625,-0.2569929194375,0.053275198698184,1.80368527889487,0.0044056558866719
"202",0.100587,0,0,-0.171371094567548,-0.327315,0.119069,0.125279830756778,0.2127258,0.327315,1.100587,766.373513490019,5979.3103955611,-5212.93688207108,-0.871829113594946,0.000014,-0.0578671226608528,0.1089416828475,-0.0083546828475,-0.153565642331908,1.45849551301182,-0.00497059008317609
"203",-0.136008,0,0,-0.274238639830022,-0.327315,0.119069,0.130714327457356,0.22209615,0.327315,0.863992,662.140584667269,5979.3103955611,-5317.16981089383,-0.889261379513125,0.000004,-0.133462161386694,-0.002777681515,-0.133230318485,-0.243248179948539,1.3856263866847,-0.0125902745749575
"204",0.037053,0,0,-0.327429322188037,-0.327315,0.100587,0.124947149936665,0.22209615,0.327315,1.037053,686.674879750945,5979.3103955611,-5292.63551581016,-0.885158181408225,0,-0.194229453644747,0.00936931354,0.02768368646,-0.267173613313926,1.38428756445282,-0.0175313405175749
"205",0.223479,0,0,-0.176453532857043,-0.327315,0.223479,0.144080181948256,0.22209615,0.327315,1.223479,840.132295202807,5979.3103955611,-5139.1781003583,-0.859493446631153,-0.000002,-0.0386705971031303,0.0451331562425,0.1783458437575,-0.0841362379864299,1.63329562350401,-0.00341130324877345
"206",-0.081285,1,0.0025,-0.27732440399557,-0.327315,0.223479,0.144587670697076,0.22209615,0.327315,0.918715,771.842141587246,5979.3103955611,-5207.46825397386,-0.87091452182174,0.000031,-0.112390288339631,0.0432862352175,-0.1245712352175,-0.177619007796568,1.69902833630089,-0.0095644373038415
"207",-0.036667,0,0,-0.280971298925413,-0.327315,0.223479,0.14464232023041,0.22209615,0.327315,0.963333,743.541005781667,5979.3103955611,-5235.76938977944,-0.875647699050102,0.000046,-0.115150715503836,0.032804528895,-0.069471528895,-0.202041795762749,1.78545822393682,-0.00932851099139245
"208",-0.303373,0,0,-0.515949193037205,-0.327315,0.223479,0.165193761494279,0.3141469,0.327315,0.696627,517.970740234665,5979.3103955611,-5461.33965532644,-0.913372829646176,0.000029,-0.271406032090903,-0.0060810223275,-0.2972919776725,-0.345829988730606,1.82689708443729,-0.024541384249427
"209",-0.1149,1,0.0025,-0.605895860073783,-0.327315,0.223479,0.16076134796469,0.3141469,0.327315,0.8851,458.455902181702,5979.3103955611,-5520.8544933794,-0.92332629151983,0.000065,-0.383629735095772,-0.05985788183,-0.05504211817,-0.459789329951627,1.84651757682752,-0.033399537652543
"210",0.077024,1,0.0025,-0.539257360697688,-0.327315,0.223479,0.165475147612249,0.3141469,0.327315,1.077024,493.768009591346,5979.3103955611,-5485.54238596976,-0.917420575797853,0.000022,-0.294247609802782,0.041421199555,0.035602800445,-0.391394301715833,1.85324502292873,-0.0262731943505881
"211",0.054641,0.5,0.00125,-0.556786031246901,-0.327315,0.223479,0.162564523916146,0.3141469,0.327315,1.054641,520.747987403426,5979.3103955611,-5458.56240815768,-0.912908353480024,0.000032,-0.320927953671559,0.0143143323375,0.0403266676625,-0.459948337209132,1.62858971377769,-0.0320347719002736
"212",0.047984,1,0.0025,-0.4727969819044,-0.327315,0.223479,0.163467150169709,0.3141469,0.327315,1.047984,545.735558830992,5979.3103955611,-5433.57483673011,-0.908729347913409,0.00005,-0.234027651999909,0.0226942964875,0.0252897035125,-0.396258681800352,1.65247856218806,-0.0231505776889949
"213",-0.088413,0,0,-0.28556245842153,-0.303373,0.223479,0.137553101537243,0.21132225,0.303373,0.911587,497.485440868068,5979.3103955611,-5481.82495469304,-0.916798860076341,0.000067,-0.133424835898963,0.025078071965,-0.113491071965,-0.343402720791357,1.58376232393678,-0.0115882286897568
"214",-0.061511,1,0.0025,-0.390787121819141,-0.303373,0.223479,0.132687372687788,0.21132225,0.303373,0.938489,466.884613914832,5979.3103955611,-5512.42578164627,-0.921916645394185,0.000037,-0.240136515539477,-0.0178964166125,-0.0436145833875,-0.369277760687772,1.58432537904436,-0.0201114516972218
"215",0.227119,0,0,-0.134741180635448,-0.303373,0.227119,0.14736454180342,0.19971285,0.303373,1.227119,572.922980542555,5979.3103955611,-5406.38741501855,-0.904182431979467,0.000085,-0.0109201981718691,0.0052796699375,0.2218393300625,-0.105350886774322,1.52266369004292,-0.00105686502575934
"216",0.130654,1,0.0025,-0.0566457595226014,-0.303373,0.227119,0.151999068429761,0.19971285,0.303373,1.130654,647.777659642362,5979.3103955611,-5331.53273591874,-0.891663483447312,0.000103,0.0406729466428066,0.0084605341175,0.1221934658825,-0.0464957765154716,1.51150955657301,0.00409011638273513
"217",0.784642,0,0,0.376034732458886,-0.303373,0.784642,0.267416555223718,0.19971285,0.303373,1.784642,1156.05121805946,5979.3103955611,-4823.25917750164,-0.806658102426379,0.000022,0.19798263158779,0.0523059997875,0.7323360002125,0.155314064699308,2.03940164547955,0.0259604739707288
"218",0.138223,0,0,0.704809849935563,-0.303373,0.784642,0.264892096175757,0.19971285,0.303373,1.138223,1315.8440855733,5979.3103955611,-4663.46630998781,-0.77993380531806,0.000054,0.268917989733963,0.01297267801,0.12525032199,0.241391645720494,2.0461874752566,0.0348131590391378
"219",-0.030277,0,0,0.716118229219869,-0.303373,0.784642,0.264661679138798,0.19971285,0.303373,0.969723,1276.00427419439,5979.3103955611,-4703.30612136671,-0.786596749494445,0.000041,0.271165689344204,0.0375398606425,-0.0678168606425,0.242018618367096,2.09583168287213,0.0342428102662885
"220",0.141536,0,0,1.81213725409829,-0.1149,0.784642,0.237046418371631,0.10033215,0.1149,1.141536,1456.60481514677,5979.3103955611,-4522.70558041433,-0.756392507030891,0.000037,0.459160069777397,0.01957280041,0.12196319959,0.427532361067133,2.1087644150604,0.0516142292722076
"221",0.047114,0,0,2.32688768352489,-0.088413,0.784642,0.227565544414764,0.0736169,0.088413,1.047114,1525.2312944076,5979.3103955611,-4454.07910115351,-0.744915183607144,0.000012,0.53763777661499,0.0230610175225,0.0240529824775,0.464798552487,2.20673631593857,0.0554428875120479
"222",0.004203,0,0,2.10194628203155,-0.088413,0.784642,0.229844950022292,0.0736169,0.088413,1.004203,1531.64184153799,5979.3103955611,-4447.66855402311,-0.743843062123845,0.000013,0.505906989278593,-0.013646219805,0.017849219805,0.456916520902342,2.31043658970427,0.0503282224601326
"223",0.199657,0.5,0.00125,2.52847231509407,-0.088413,0.784642,0.230118978191898,0.0736169,0.088413,1.199657,1837.44485669394,5979.3103955611,-4141.86553886716,-0.692699536378306,0.000009,0.557827742016801,0.0506222968475,0.1490347031525,0.499154106540304,2.49884862149718,0.0513703586906713
"224",0.158762,1,0.0025,2.90145234734789,-0.088413,0.784642,0.228817560831354,0.0736169,0.088413,1.158762,2129.16127703239,5979.3103955611,-3850.14911852872,-0.643911900172798,0.000009,0.601359730287848,-0.02924912765,0.18801112765,0.562604403247949,2.20089225913243,0.0625208553920345
"225",0.089113,0,0,3.66123636073913,-0.061511,0.784642,0.218374157731477,0.0443323,0.061511,1.089113,2318.89722591257,5979.3103955611,-3660.41316964853,-0.612179821332897,0.000008,0.697886683341284,0.0316159196275,0.0574970803725,0.662661519864155,2.51502210195066,0.0605960546225277
"226",-0.029893,0,0,3.8182749315203,-0.030277,0.784642,0.215732836013123,0.0300658,0.030277,0.970107,2249.57843113837,5979.3103955611,-3729.73196442273,-0.623772929933793,0.000017,0.71865238288174,0.04622034885,-0.07611334885,0.641024347728227,2.30262719241853,0.0673304463601969
"227",0.134334,0,0,3.45395522045633,-0.030277,0.784642,0.214575463490544,0.0300658,0.030277,1.134334,2551.77330010691,5979.3103955611,-3427.53709545419,-0.573232842703519,0.000032,0.686514886668259,0.03077074921,0.10356325079,0.598937811815642,2.31620553362041,0.063599386091503
"228",0.025296,1,0.0025,3.03892125417059,-0.030277,0.784642,0.217456370503407,0.0300658,0.030277,1.025296,2616.32295750642,5979.3103955611,-3362.98743805469,-0.562437340692547,0.000023,0.637075303945453,0.025909343745,-0.000613343744999998,0.541688677191123,2.36094311619109,0.0586782808883739
"229",0.109296,1,0.0025,1.51050865751586,-0.030277,0.199657,0.0772161218544575,0.0300658,0.030277,1.109296,2902.27659147004,5979.3103955611,-3077.03380409107,-0.514613492280879,0.000012,1.06529674578036,-0.0347272625425,0.1440232625425,0.756494812940743,2.1902175813823,0.0375570372699768
"230",0.088682,0,0,1.40123911244253,-0.030277,0.199657,0.0752526035242253,0.0300658,0.030277,1.088682,3159.65628415478,5979.3103955611,-2819.65411140632,-0.471568446003332,0.000045,1.03824204090846,0.045714381085,0.042967618915,0.692705643356512,2.18737450707233,0.0357188110284963
"231",0.004834,1,0.0025,1.48818136964069,-0.029893,0.199657,0.0712284753985796,0.0111402,0.029893,1.004834,3174.93006263239,5979.3103955611,-2804.38033292872,-0.469014007871313,0.000028,1.13799174014446,0.00799940223,-0.00316540223,0.824479898310047,2.17711150043947,0.0372316331296328
"232",-0.013789,1,0.0025,1.1496228211241,-0.029893,0.199657,0.0733252349994168,0.0210358,0.029893,0.986211,3131.15095199875,5979.3103955611,-2848.15944356235,-0.476335773716775,0.000015,0.928950312952175,0.00649357432,-0.02028257432,0.661696962908051,2.20155072414121,0.0309397822421605
"233",0.033918,0,0,1.12253272133787,-0.029893,0.199657,0.0737667553964501,0.0210358,0.029893,1.033918,3237.35332998864,5979.3103955611,-2741.95706557246,-0.458574130489701,0.000008,0.908487384411809,0.0232708502125,0.0106471497875,0.64324157771176,2.24226889613446,0.0298876583366957
"234",-0.079782,0,0,0.945017905507247,-0.079782,0.199657,0.0835988035379077,0.05234305,0.079782,0.920218,2979.07080661549,5979.3103955611,-3000.23958894562,-0.501770169210971,0.00002,0.717914979562103,0.0205784687675,-0.1003604687675,0.455863179113194,2.18062308360909,0.027522790978623
"235",-0.090735,1,0.0025,0.47420196427066,-0.090735,0.158762,0.081512265603888,0.08471085,0.090735,0.909265,2708.76481697723,5979.3103955611,-3270.54557858387,-0.546977052907614,0.000013,0.439408307465303,-0.014022112865,-0.076712887135,0.250766763278621,2.32449424138822,0.0154085848133898
"236",0.129921,0,0,0.437509823130779,-0.090735,0.134334,0.0779035720495751,0.08471085,0.090735,1.129921,3060.69025076373,5979.3103955611,-2918.62014479737,-0.488119858598424,0.000003,0.428918072957378,0.039741340705,0.090179659295,0.186658696633314,2.34638570926446,0.0142407319768729
"237",-0.055397,0,0,0.246772457457402,-0.090735,0.134334,0.0796634127603682,0.08471085,0.090735,0.944603,2891.13719294217,5979.3103955611,-3088.17320261893,-0.516476482791647,0.000004,0.268279786074715,-0.0139722322025,-0.0414247677975,0.078816325684789,1.91947165392981,0.0111343573579622
"238",-0.129461,0,0,0.118808593631949,-0.129461,0.134334,0.0900044770901156,0.1081617,0.129461,0.870539,2516.84768080669,5979.3103955611,-3462.46271475442,-0.579073920852958,0.000012,0.145272402989191,0.0239195910325,-0.1533805910325,-0.00436905405568085,2.34059719799551,0.0055862523794629
"239",0.054368,1,0.0025,0.0399370725470019,-0.129461,0.129921,0.0828910805785355,0.1081617,0.129461,1.054368,2653.68365551678,5979.3103955611,-3325.62674004432,-0.556189011781891,-0.000001,0.0773796563944688,0.0275769355925,0.0267910644075,-0.0834141256550295,2.22103819795758,0.00288787619196805
"240",-0.014083,0,0,-0.00000425364546197127,-0.129461,0.129921,0.0828557433729177,0.1081617,0.129461,0.985917,2616.31182859614,5979.3103955611,-3362.99856696496,-0.562439201928967,0.000005,0.0378247768038776,-0.00251871148,-0.01156428852,-0.0946618644313166,2.23904951059595,0.00139970107189181
"241",0.015625,0,0,-0.0844457386564743,-0.129461,0.129921,0.0760818001568945,0.1081617,0.129461,1.015625,2657.19170091795,5979.3103955611,-3322.11869464315,-0.555602314459107,0.000013,-0.0614075901249118,-0.02949841492,0.04512341492,-0.232719055906898,1.98823379588479,-0.002349824255915
"242",-0.006768,0,0,-0.164716795076292,-0.129461,0.129921,0.0701982044790558,0.1081617,0.129461,0.993232,2639.20782748614,5979.3103955611,-3340.10256807496,-0.558609997994848,-0.000021,-0.179786174879048,0.0569266526125,-0.0636946526125,-0.370307466685209,1.97014485867611,-0.00640595873500768
"243",0.071055,0,0,-0.109669604084294,-0.129461,0.129921,0.0741841021439843,0.1081617,0.129461,1.071055,2826.73673966817,5979.3103955611,-3152.57365589293,-0.527247031402372,-0.000008,-0.0956977276104395,-0.01503827116,0.08609327116,-0.234212696520686,1.97210941474164,-0.00359982562170877
"244",0.013245,0,0,-0.0852638816545246,-0.129461,0.129921,0.0743725510946971,0.1081617,0.129461,1.013245,2864.17686778508,5979.3103955611,-3115.13352777603,-0.520985418333296,0.000029,-0.0651797371742839,0.0090467659675,0.0041982340325,-0.206032680443898,1.74546246225019,-0.00277724868805486
"245",0.120448,0,0,-0.00870837500850996,-0.129461,0.129921,0.0822497243955961,0.1081617,0.129461,1.120448,3209.16124315605,5979.3103955611,-2770.14915240505,-0.463289070000705,-0.000005,0.0287457903440695,0.0124819272975,0.1079660727025,-0.087741323065576,1.57610229972656,0.00150011413202271
"246",-0.004741,0,0,0.0721284645566653,-0.129461,0.129921,0.07818834567825,0.1081617,0.129461,0.995259,3193.94660970225,5979.3103955611,-2785.36378585885,-0.465833616519832,0.000004,0.110234885500729,-0.0193919275725,0.0146509275725,0.0304958520827439,1.63438866130385,0.00527358243323676
"247",0.141822,0,0,0.346340030306919,-0.129461,0.141822,0.080119579695073,0.0887258,0.129461,1.141822,3646.91850578344,5979.3103955611,-2332.39188977766,-0.390077071681907,-0.000037,0.349515063690755,0.0212242270075,0.1205977729925,0.235730802391175,1.65815291270787,0.0168880685161113
"248",-0.072535,0,0,0.105106689944347,-0.129461,0.141822,0.0779950220608516,0.0981517,0.129461,0.927465,3382.38927196644,5979.3103955611,-2596.92112359466,-0.43431783128746,0.000027,0.142697141081431,-0.0601150521525,-0.0124199478475,0.133348177860295,1.70897918021801,0.00651246474825216
"249",-0.094177,0,0,0.0597373258453111,-0.129461,0.141822,0.0817167908392186,0.1100548,0.129461,0.905823,3063.84599750046,5979.3103955611,-2915.46439806065,-0.487592080890301,-0.000006,0.0966610809383669,-0.02460217646,-0.06957482354,0.100051127029817,1.91948058371671,0.00411508894663508
"250",0.198327,0,0,0.458765030019602,-0.094177,0.198327,0.0862842724955766,0.0822739,0.094177,1.198327,3671.48938264673,5979.3103955611,-2307.82101291437,-0.385967755517032,-0.000027,0.408159551925358,0.0833951682575,0.1149318317425,0.458023687052493,1.84709520812702,0.0190665591275673
"251",-0.058363,0,0,0.302796676845815,-0.094177,0.198327,0.0900635264134307,0.0822739,0.094177,0.941637,3457.21024780732,5979.3103955611,-2522.10014775379,-0.421804519401791,0.00002,0.286705962205687,0.0033287211425,-0.0616917211425,0.321317602689116,1.92089314570594,0.0134425749072629
"252",0.096912,0,0,0.449466140042515,-0.094177,0.198327,0.091284129236769,0.0822739,0.094177,1.096912,3792.25540734282,5979.3103955611,-2187.05498821828,-0.365770438986057,0.000103,0.384110216746673,-0.0153146315925,0.1122266315925,0.444689449729047,1.85327846160685,0.0189195349716987
"253",-0.226168,0,0,0.10438723158782,-0.226168,0.198327,0.118573458036825,0.15357295,0.226168,0.773832,2934.56858637491,5979.3103955611,-3044.74180918619,-0.509212870341459,0.000037,0.1257595944901,-0.04917889112,-0.17698910888,0.153134711942612,1.33515823149027,0.0111685264325231
"254",-0.088031,0,0,0.0140298733869955,-0.226168,0.198327,0.122190156387121,0.15357295,0.226168,0.911969,2676.23557914774,5979.3103955611,-3303.07481641336,-0.55241735215243,0.000205,0.0664619822096892,-0.001796709785,-0.086234290215,0.130993888522812,1.35576565004316,0.00598997326694437
"255",0.104612,0,0,0.0458002310822094,-0.226168,0.198327,0.124129276496473,0.15357295,0.226168,1.104612,2956.20193555354,5979.3103955611,-3023.10846000756,-0.5055948361958,0.00019,0.0878190623061947,0.0672924313525,0.0373195686475,0.0916290705388005,1.42692735598928,0.00763943351489616
"256",0.194904,0,0,0.233295875450712,-0.226168,0.198327,0.135033376817352,0.15357295,0.226168,1.194904,3532.37751760067,5979.3103955611,-2446.93287796043,-0.409233292149706,0.000051,0.192821463456044,0.0036797603475,0.1912242396525,0.223294610338189,1.37288654529391,0.0189653933331827
"257",0.004716,0,0,0.105907725123644,-0.226168,0.198327,0.131774617821376,0.15357295,0.226168,1.004716,3549.03620997368,5979.3103955611,-2430.27418558743,-0.406447236355484,0.000115,0.124325915497684,0.01844406906,-0.01372806906,0.133753482137324,1.36414481085121,0.0120097220395371
"258",-0.124583,0,0,-0.0272578062548892,-0.226168,0.198327,0.137923568643849,0.17029625,0.226168,0.875417,3106.88663182653,5979.3103955611,-2872.42376373458,-0.480393820308609,0.000188,0.0462635457889732,0.00260973931,-0.12719273931,0.0208684744572261,1.39642318854953,0.0045694123283366
"259",0.31236,1,0.0025,0.118027105261007,-0.226168,0.31236,0.160137084559392,0.17029625,0.226168,1.31236,4077.35374014386,5979.3103955611,-1901.95665541724,-0.318089634020206,0.000171,0.128483667956182,0.03651621742,0.27584378258,0.113264929677376,1.45102537976547,0.0141796279285793
"260",-0.079114,1,0.0025,0.110096347415146,-0.226168,0.31236,0.160496032148136,0.17029625,0.226168,0.920886,3754.77797634612,5979.3103955611,-2224.53241921499,-0.372038290714331,0.000165,0.124708690502243,0.00120017757,-0.08031417757,0.0700278705725933,1.69128706261458,0.0118343304589927
"261",0.024124,0,0,0.255075562996511,-0.226168,0.31236,0.15641889975397,0.17029625,0.226168,1.024124,3845.35824024749,5979.3103955611,-2133.95215531361,-0.356889342439524,0.000219,0.190865149375333,0.00039822515,0.02372577485,0.128549604709079,1.66559872110015,0.017924435392786
"262",0.264573,1,0.0025,0.324458741165965,-0.226168,0.31236,0.163891248039576,0.17029625,0.226168,1.264573,4862.73620594449,5979.3103955611,-1116.57418961661,-0.186739626436776,0.000168,0.215747741808204,-0.0179992811325,0.2825722811325,0.203979999480962,1.57174841282666,0.022496709001332
"263",0.114068,0,0,0.566991421166844,-0.226168,0.31236,0.16246688713394,0.17029625,0.226168,1.114068,5417.41879948417,5979.3103955611,-561.891596076935,-0.0939726421451662,0.000136,0.306023897405082,0.03572723592,0.07834076408,0.284243802537248,1.55849196515204,0.0319018327406966
"264",0.05812,0,0,0.511575187950411,-0.226168,0.31236,0.161830343687526,0.17029625,0.226168,1.05812,5732.27918011019,5979.3103955611,-247.031215450917,-0.0413143321066434,0.000239,0.287181927325922,0.01916559899,0.03895440101,0.246501154969715,1.58001591937194,0.0294141023708632
"265",0.136591,0,0,1.22017537973067,-0.124583,0.31236,0.138428337298226,0.1044794,0.124583,1.136591,6515.25692560062,6515.25692560062,0,0,0.000358,0.553917775530842,0.019331280155,0.117259719845,0.455093110905943,1.81511443168258,0.042244122644977
"266",0.010092,0,0,1.45905440827804,-0.124583,0.31236,0.130472115972904,0.09957505,0.124583,1.010092,6581.00889849378,6581.00889849378,0,0,0.000364,0.650266018150214,0.03941384536,-0.02932184536,0.508029572582389,1.75012901190404,0.048477330960322
"267",0.039963,0,0,1.31513472567386,-0.124583,0.31236,0.130924371640364,0.09957505,0.124583,1.039963,6844.00575710428,6844.00575710428,0,0,0.000353,0.606766962774115,0.0016264146225,0.0383365853775,0.508758464645937,1.743933687406,0.045552525251976
"268",0.0297,0,0,0.995050838415783,-0.124583,0.31236,0.126307936112742,0.09957505,0.124583,1.0297,7047.27272809028,7047.27272809028,0,0,0.000537,0.519627549568614,0.010549641955,0.019150358045,0.416803589127922,1.74112989233229,0.037695684636955
"269",0.071419,0,0,1.12750207446144,-0.124583,0.31236,0.124830414984872,0.09957505,0.124583,1.071419,7550.58189905776,7550.58189905776,0,0,0.000614,0.569973938979179,0.0144989533475,0.0569200466525,0.470543297737634,1.75723551139081,0.0404897823155302
"270",-0.083768,0,0,1.22669365649508,-0.083768,0.31236,0.119443565141946,0.0812083,0.083768,0.916232,6918.08475453749,7550.58189905776,-632.49714452027,-0.0837679999999999,0.000617,0.623855987928523,0.0057468354775,-0.0895148354775,0.516085141046661,1.81897616053339,0.0409656734101906
"271",0.215849,0,0,1.06294252762648,-0.083768,0.264573,0.104284043842207,0.0812083,0.083768,1.215849,8411.34643071965,8411.34643071965,0,0,0.000722,0.636982235113981,0.0206534084525,0.1951955915475,0.509218677321684,1.82018183400522,0.0364947512893061
"272",-0.038258,0,0,1.15446697246407,-0.083768,0.264573,0.0996511419215312,0.0587375,0.083768,0.961742,8089.54513897318,8411.34643071965,-321.801291746473,-0.0382580000000001,0.000827,0.700208567487143,0.0021917962525,-0.0404497962525,0.561627825483893,1.79446628010797,0.0388843101187362
"273",-0.019692,0,0,1.06229051251831,-0.083768,0.264573,0.102261683533539,0.0587375,0.083768,0.980308,7930.24581609652,8411.34643071965,-481.100614623132,-0.057196623464,0.000944,0.646037020421886,0.0199910037475,-0.0396830037475,0.493369251886283,1.72651576384227,0.0382648306588926
"274",0.083154,0,0,0.766428840245887,-0.083768,0.215849,0.0816609070157586,0.0587375,0.083768,1.083154,8589.67747668821,8589.67747668821,0,0,0.00084,0.623193951587051,0.0240686938925,0.0590853061075,0.433169716724412,1.83628006081,0.0277139551964012
"275",-0.045054,0,0,0.514130336099276,-0.083768,0.215849,0.0834654357632638,0.0624753,0.083768,0.954946,8202.6781476535,8589.67747668821,-386.99932903471,-0.0450539999999999,0.000826,0.450161391036598,0.03134418619,-0.07639818619,0.252394614584729,1.75236747649803,0.021441231460055
"276",0.02335,0,0,0.464375760260835,-0.083768,0.215849,0.0833135331600219,0.0624753,0.083768,1.02335,8394.21068240121,8589.67747668821,-195.466794287002,-0.0227560109000001,0.000884,0.415558737620311,0.011110657115,0.012239342885,0.22585185517095,1.7382479102978,0.0199175655334084
"277",0.408106,0,0,0.814193755077986,-0.083768,0.408106,0.134483918506305,0.0624753,0.083768,1.408106,11819.9384271532,11819.9384271532,0,0,0.001121,0.425213170232336,0.058000508865,0.350105491135,0.305438272492006,2.24266734715617,0.0254983573046828
"278",-0.017349,1,0.0025,0.764907857523016,-0.083768,0.408106,0.135599511637183,0.0624753,0.083768,0.982651,11614.8743153806,11819.9384271532,-205.064111772683,-0.0173490000000001,0.001073,0.404415173313668,-0.0377201821075,0.0203711821075,0.343244019393926,2.42574741308757,0.0226068467409802
"279",-0.043017,0,0,0.62408356471908,-0.083768,0.408106,0.138554070816699,0.0624753,0.083768,0.956983,11115.2372669558,11819.9384271532,-704.701160197406,-0.059619698067,0.000261,0.345938350162786,-0.02550675018,-0.01751024982,0.302331923711344,2.49841373996965,0.0191846393973357
"280",-0.213936,0.5,0.00125,0.239811229695386,-0.213936,0.408106,0.158068249634214,0.1423436,0.213936,0.786064,8737.28786701237,11819.9384271532,-3082.65056014087,-0.260800898341338,0.001433,0.174313943905633,0.003713744455,-0.217649744455,0.122869895651794,2.53978043387251,0.0108487724499822
"281",-0.040521,0,0,0.110277901415692,-0.213936,0.408106,0.158600876370386,0.1423436,0.213936,0.959479,8383.24422535316,11819.9384271532,-3436.69420180008,-0.290753985139649,0.001401,0.114498631715783,0.0237426711725,-0.0642636711725,0.0524179953782249,2.47533536742683,0.00733621131596833
"282",0.036792,0,0,0.256370925665746,-0.213936,0.408106,0.155277851990514,0.1210509,0.213936,1.036792,8691.68054689235,11819.9384271532,-3128.25788026088,-0.264659405760907,0.001408,0.181225673672073,0.0067880058775,0.0300039941225,0.123583221163434,2.50410645369424,0.011237674537286
"283",-0.135784,1,0.0025,-0.106981330827144,-0.213936,0.408106,0.149922459565214,0.1709524,0.213936,0.864216,7511.48939551312,11819.9384271532,-4308.44903164012,-0.364506893009068,0.001558,-0.00821813714173637,0.0370929096075,-0.1728769096075,-0.0933345339591893,2.26452487052682,-0.00054408028340476
"284",-0.164394,1,0.0025,-0.224104013266704,-0.213936,0.408106,0.157085268901064,0.1866879,0.213936,0.835606,6276.64560782714,11819.9384271532,-5543.2928193261,-0.468978146839735,0.001575,-0.0751550421156012,0.0328794184725,-0.1972734184725,-0.174416025053863,2.23780162312248,-0.00527560167890443
"285",0.001211,0,0,-0.207559668213224,-0.213936,0.408106,0.157092332931652,0.1866879,0.213936,1.001211,6284.24662565822,11819.9384271532,-5535.69180149502,-0.468335079375558,0.00149,-0.064352811780647,0.0050877948525,-0.0038767948525,-0.154452980649079,2.18275546986248,-0.00463145481613215
"286",-0.243856,1,0.0025,-0.446801653099578,-0.243856,0.408106,0.167669076041487,0.2274,0.243856,0.756144,4751.79538051171,11819.9384271532,-7068.14304664153,-0.597984760259352,0.00189,-0.223342715012044,-0.068491887495,-0.175364112505,-0.278128763479821,2.41856880194318,-0.015483399370975
"287",-0.024971,0,0,-0.435167610545547,-0.243856,0.408106,0.167672942000532,0.2274,0.243856,0.975029,4633.13829806495,11819.9384271532,-7186.80012908829,-0.608023482810916,0.001795,-0.213837921047629,0.01968277619,-0.04465377619,-0.261514515908146,2.37772695213415,-0.0150794578415119
"288",-0.022965,0,0,-0.460730919401347,-0.243856,0.408106,0.16675000314043,0.2274,0.243856,0.977035,4526.73827704989,11819.9384271532,-7293.20015010335,-0.617025223528163,0.00193,-0.238690150427249,-0.090703763185,0.067738763185,-0.227552496511904,1.91188311247934,-0.0208180003649483
"289",0.080082,0,0,-0.586355837478745,-0.243856,0.080082,0.100711681964212,0.2274,0.243856,1.080082,4889.2485317526,11819.9384271532,-6930.68989540064,-0.586355837478745,0.00192,-0.667286045564017,0.081346173135,-0.00126417313499999,-0.650094932958135,1.55189575472103,-0.0433041328939525
"290",-0.047199,0,0,-0.598921110654328,-0.243856,0.080082,0.0997724480777346,0.2274,0.243856,0.952801,4658.4808903024,11819.9384271532,-7161.45753685083,-0.605879428305586,0.001809,-0.699114181091237,0.031659317245,-0.078858317245,-0.761112248855877,1.46418368773254,-0.0476390591684253
"291",-0.146218,0,0,-0.642173438500656,-0.243856,0.080082,0.101829771213017,0.2274,0.243856,0.853782,3977.32713148417,11819.9384271532,-7842.61129566907,-0.6635069500576,0.001935,-0.770815015409096,0.019476511625,-0.165694511625,-0.874096976908963,1.41912441063459,-0.0553101025382033
"292",-0.028642,0,0,-0.557825198552688,-0.243856,0.080082,0.0927944897369336,0.2001519,0.243856,0.971358,3863.4085277842,11819.9384271532,-7956.52989936904,-0.67314478399405,0.002125,-0.680087975542244,0.040565837915,-0.069207837915,-0.826369947079249,1.39240170493186,-0.0453234267403852
"293",-0.055838,0,0,-0.564884020511031,-0.243856,0.080082,0.0925867151814498,0.2001519,0.243856,0.944162,3647.68352240978,11819.9384271532,-8172.25490474345,-0.69139572554539,0.001983,-0.695924174510977,-0.0632538766725,0.00741587667249999,-0.733665430452732,1.32645801360994,-0.0485754789614327
"294",-0.00546,0,0,-0.582616140710037,-0.243856,0.080082,0.0892028537604039,0.2001519,0.243856,0.99454,3627.76717037743,11819.9384271532,-8192.17125677581,-0.693080704883913,0.001853,-0.762211227561055,0.06951771809,-0.07497771809,-0.880179801844128,1.17581576305576,-0.0578248895813132
"295",0.000134,1,0.0025,-0.51697285316737,-0.243856,0.080082,0.088183249586508,0.2001519,0.243856,1.000134,3628.25329117826,11819.9384271532,-8191.68513597498,-0.693039577698367,0.001783,-0.642794033248456,0.014553003555,-0.014419003555,-0.764070868596879,1.0139252042107,-0.0559051756789028
"296",0.032841,0,0,-0.402959957968516,-0.243856,0.080082,0.0841991141554837,0.1901551,0.243856,1.032841,3747.40875751384,11819.9384271532,-8072.5296696394,-0.682958690469559,0.001908,-0.478332427491978,-0.0161517485025,0.0489927485025,-0.555527739170877,0.963594019814515,-0.0417968209001747
"297",-0.078219,0,0,-0.45032548884918,-0.243856,0.080082,0.0839231725486399,0.1901551,0.243856,0.921781,3454.29019190987,11819.9384271532,-8365.64823524337,-0.707757344659721,0.001787,-0.559071849984462,0.01874132556,-0.09696032556,-0.653730698691583,0.953774675400292,-0.0491930479425256
"298",0.170404,0,0,-0.149181575799102,-0.146218,0.170404,0.0798007684630634,0.10881855,0.146218,1.170404,4042.91505777208,11819.9384271532,-7777.02336938116,-0.657958027219116,0.001531,-0.154979710574146,0.02156905592,0.14883494408,-0.269062160825087,1.19154419521908,-0.0103793884017253
"299",0.153846,0,0,0.00685562736134937,-0.146218,0.170404,0.0925334732140786,0.10881855,0.146218,1.153846,4664.90136775008,11819.9384271532,-7155.03705940316,-0.605336237874668,0.001197,0.0279223281073909,0.03615978076,0.11768621924,-0.0989040869563343,1.21436850101152,0.00212764906027109
"300",0.171392,0,0,0.207144705201007,-0.146218,0.171392,0.103650452596002,0.10881855,0.146218,1.171392,5464.4281429715,11819.9384271532,-6355.51028418174,-0.537694026356483,0.001431,0.181588690918326,0.02974945326,0.14164254674,-0.0303856289973056,1.26623787200547,0.0148643082126347
"301",0.024858,0,0,0.145424058805622,-0.146218,0.171392,0.10198161698914,0.10881855,0.146218,1.024858,5600.26289774949,11819.9384271532,-6219.67552940375,-0.526202024463652,0.001164,0.140052201775943,0.0000345702325,0.0248234297675,-0.00882257170276297,1.23571326625513,0.0115583043332409
"302",-0.03234,0,0,0.163287029236795,-0.146218,0.171392,0.101232066968412,0.10881855,0.146218,0.96766,5419.15039563627,11819.9384271532,-6400.78803151697,-0.541524650992498,0.001208,0.153815720647017,-0.081924927265,0.049584927265,0.0990442128678521,1.10755324575026,0.014058993003795
"303",0,0,0,0.362510604857909,-0.078219,0.171392,0.0876601268249693,0.06590945,0.078219,1,5419.15039563627,11819.9384271532,-6400.78803151697,-0.541524650992498,0.001268,0.317265112512683,-0.1221286318975,0.1221286318975,0.389468645206554,0.839629363694288,0.0331235437951242
"304",0.151935,0,0,0.615803497378923,-0.078219,0.171392,0.0921710830103208,0.06590945,0.078219,1.151935,6242.50901099726,11819.9384271532,-5577.42941615597,-0.471866198841043,0.000003,0.466918856338572,0.128821537305,0.023113462695,0.514176600995578,0.908758384260135,0.0473573805887961
"305",0.026914,0,0,0.757422171944411,-0.078219,0.171392,0.0869313492780105,0.05298555,0.078219,1.026914,6410.51989851924,11819.9384271532,-5409.41852863399,-0.457652005716651,0.000059,0.576233434957981,0.0477586155825,-0.0208446155825,0.476233755708387,0.899117241897822,0.0557132570322711
"306",-0.022119,0,0,0.727984546547321,-0.078219,0.171392,0.0880470622590813,0.05298555,0.078219,0.977881,6268.7256088839,11819.9384271532,-5551.21281826934,-0.469648201002204,0.000111,0.554813135308534,0.0202743812475,-0.0423933812475,0.532994974354042,0.890797248012049,0.0548381427711886
"307",0.471773,0,0,1.54286025675119,-0.078219,0.471773,0.148376628778454,0.05298555,0.078219,1.471773,9226.14109556388,11819.9384271532,-2593.79733158936,-0.219442541733617,0.000096,0.595063391902737,0.05683812436,0.41493487564,0.593044055806871,1.09602111597038,0.0805582107073072
"308",0.17293,0,0,1.88776014986931,-0.078219,0.471773,0.149042448460975,0.05298555,0.078219,1.17293,10821.6176752197,11819.9384271532,-998.320751933497,-0.0844607404756115,0.000079,0.671754933133799,0.0719988815325,0.1009311184675,0.62694447713046,1.15390193945803,0.0867664717220466
"309",-0.097225,0,0,1.82821805754107,-0.097225,0.471773,0.151204792265325,0.06153825,0.097225,0.902775,9769.4858967465,11819.9384271532,-2050.45253040674,-0.17347404498287,0.000076,0.652616550848763,-0.03820902857,-0.05901597143,0.673461417750001,1.18823758231592,0.0830463128490441
"310",-0.081717,0,0,1.21898127700605,-0.097225,0.471773,0.157808383515324,0.0886956,0.097225,0.918283,8971.15281772207,11819.9384271532,-2848.78560943117,-0.241015266449005,0.000073,0.492940646965772,-0.0264683044625,-0.0552486955375,0.521153522766004,1.20038799313726,0.0648041859060579
"311",0.230708,0,0,1.36679592377281,-0.097225,0.471773,0.162637003261004,0.0886956,0.097225,1.230708,11040.8695419931,11819.9384271532,-779.068885160146,-0.0659114165409219,0.000066,0.518268177863948,0.10932941753,0.12137858247,0.522981222246309,1.31172477868712,0.064258588922668
"312",-0.010253,0,0,0.999782451277085,-0.097225,0.471773,0.162293561557724,0.0886956,0.097225,0.989747,10927.667506579,11819.9384271532,-892.270920574201,-0.0754886267871278,0.00006,0.426799124593511,0.0415147360475,-0.0517677360475,0.393595429448118,1.29298332610589,0.0535712631411981
"313",-0.066187,0,0,0.822128382833923,-0.097225,0.471773,0.166646251393051,0.0886956,0.097225,0.933813,10204.3979773211,11819.9384271532,-1615.54044983215,-0.136679261045968,0.000046,0.370682405496395,-0.01011264412,-0.05607435588,0.334000081259611,1.14956759914373,0.0537357119140671
"314",-0.035744,0.5,0.00125,0.815718564286947,-0.097225,0.471773,0.166824303381037,0.0886956,0.097225,0.964256,9839.65197601972,11819.9384271532,-1980.28645113351,-0.167537797539141,0.000045,0.369167334046449,0.0260109385425,-0.0617549385425,0.259430687544884,1.15914789012879,0.0531304796029872
"315",-0.07895,0,0,0.672367583636493,-0.097225,0.471773,0.170985919104181,0.0886956,0.097225,0.92105,9062.81145251297,11819.9384271532,-2757.12697464027,-0.233260688423426,0.000027,0.322309191435552,0.043257084035,-0.122207084035,0.11060407409248,1.12367138946879,0.0490448843405957
"316",-0.14128,0,0,0.246681011880296,-0.14128,0.471773,0.176754529967153,0.11704975,0.14128,0.85872,7782.41745050194,11819.9384271532,-4037.5209766513,-0.341585618362964,0.000014,0.173544821391756,0.0538528316075,-0.1951328316075,-0.0145069680005786,1.0273784795772,0.0298573835671125
"317",0.027289,0,0,0.247136264588366,-0.14128,0.471773,0.176753825671405,0.11704975,0.14128,1.027289,7994.79184030868,11819.9384271532,-3825.14658684456,-0.323618148302471,0.000005,0.173747771606517,0.0061590009225,0.0211299990775,0.00788323322040187,1.0288211911763,0.0298502631912358
"318",0.283677,0,0,0.637131858291551,-0.14128,0.471773,0.189984193872268,0.11704975,0.14128,1.283677,10262.7304051919,11819.9384271532,-1557.20802196131,-0.131744173758472,0.000004,0.295827241490345,0.02361818812,0.26005881188,0.153569700526946,1.05327785898631,0.0533596140092509
"319",-0.109869,0,0,-0.00985966031927721,-0.14128,0.283677,0.142631069812014,0.12400395,0.14128,0.890131,9135.1744783039,11819.9384271532,-2684.76394884934,-0.227138573131802,0.000031,0.0542501013993529,0.02425170025,-0.13412070025,-0.152861432478118,1.07885002483199,0.00717222025480784
"320",-0.083703,0,0,-0.226498919092847,-0.14128,0.283677,0.134633137069526,0.12400395,0.14128,0.916297,8370.53296894643,11819.9384271532,-3449.40545820681,-0.291829393144951,0.000049,-0.101355681300708,0.03055174464,-0.11425474464,-0.302882596829808,1.09612359962557,-0.0124491739234469
"321",-0.136764,0,0,-0.260376085870824,-0.14128,0.283677,0.137322610956468,0.1387962,0.14128,0.863236,7225.74539798144,11819.9384271532,-4594.1930291718,-0.388681638020875,0.000033,-0.123338513218598,-0.04613119064,-0.09063280936,-0.322093914321425,1.14569697057224,-0.0147832865947155
"322",0.544509,0,0,0.244012784716412,-0.14128,0.544509,0.210136464005248,0.1387962,0.14128,1.544509,11160.2287988909,11819.9384271532,-659.709628262328,-0.0558132880579831,0.000037,0.167754480404948,0.070430609015,0.474078390985,0.0219044639888058,1.25284984698956,0.0281369179379619
"323",0.079307,0,0,0.0909750376481797,-0.14128,0.544509,0.201712801138528,0.1387962,0.14128,1.079307,12045.3130642446,12045.3130642446,0,0,0.000044,0.112221021863262,-0.0073304719575,0.0866374719575,0.00695508965230709,1.23571012282217,0.018318549187708
"324",-0.26824,0,0,-0.193398016311813,-0.26824,0.544509,0.218583563124228,0.198412,0.26824,0.73176,8814.27828789159,12045.3130642446,-3231.03477635296,-0.26824,0.000067,0.00520129075771582,0.04342006455,-0.31166006455,-0.0961436707819188,1.24139447883846,0.000915838346349363
"325",-0.232153,0,0,-0.33675488200633,-0.26824,0.544509,0.228268963599545,0.24839215,0.26824,0.767847,6768.0171405227,12045.3130642446,-5277.29592372186,-0.43812027928,0.000044,-0.0556072821574416,-0.0523270815975,-0.1798259184025,-0.14166010042122,1.39318316363851,-0.00911108962407776
"326",0.18673,0,0,-0.183730379819645,-0.26824,0.544509,0.235154281767778,0.24839215,0.26824,1.18673,8031.8089811725,12045.3130642446,-4013.50408307205,-0.333200479029954,0.000028,0.0248666533139063,-0.02936314359,0.21609314359,-0.0329425152478415,1.29632381821728,0.00451083280105237
"327",0.210438,0,0,0.0727362971737346,-0.26824,0.544509,0.240443207830289,0.24839215,0.26824,1.210438,9722.00679955248,12045.3130642446,-2323.30626469207,-0.19288052143606,0.00006,0.124604961550061,0.037858185795,0.172579814205,0.074371537984094,1.33986650356753,0.0223607475721604
"328",-0.200119,0,0,-0.000766976290730192,-0.26824,0.544509,0.244813682950871,0.24839215,0.26824,0.799881,7776.44852083284,12045.3130642446,-4268.86454341172,-0.354400464366797,0.000037,0.102344156985,-0.087667507375,-0.112451492625,0.107068529857465,1.46585265393568,0.0170926115477766
"329",0.153594,0,0,0.122088546409892,-0.26824,0.544509,0.247615849746822,0.24839215,0.26824,1.153594,8970.86435494163,12045.3130642446,-3074.44870930292,-0.255240249290751,0.000307,0.143591373639265,0.0003077451475,0.1532862548525,0.154143833069696,1.46338995666587,0.0242966680467099
"330",0.048606,0,0,-0.0833918639216165,-0.26824,0.544509,0.235194291631022,0.24839215,0.26824,1.048606,9406.90218777793,12045.3130642446,-2638.41087646663,-0.219040456847777,0.000567,0.0676858831178943,-0.0817594481275,0.1303654481275,0.110805335693099,1.40178930447202,0.011356438005731
"331",0.455542,0,0,0.498837406633184,-0.26824,0.544509,0.26270647371525,0.24839215,0.26824,1.455542,13692.1412242027,13692.1412242027,0,0,0.000812,0.239704155146131,0.093690188695,0.361851811305,0.282353597826661,1.62744553682265,0.0386936655688501
"332",0.007953,0,0,0.648764167653215,-0.26824,0.544509,0.259359920319746,0.24839215,0.26824,1.007953,13801.0348233587,13801.0348233587,0,0,0.001901,0.27165145606592,-0.040344325605,0.048297325605,0.351037523479618,1.61499731067976,0.0436257692406589
"333",-0.066529,0,0,0.78291166765915,-0.26824,0.544509,0.25500640233371,0.24839215,0.26824,0.933471,12882.8657775955,13801.0348233587,-918.169045763234,-0.066529,0.001929,0.298621587418083,-0.09155857733,0.02502957733,0.403726112750743,1.58805589784708,0.0479519749713493
"334",0.106426,0,0,0.277208371593459,-0.26824,0.455542,0.209176001583468,0.24839215,0.26824,1.106426,14253.9376508419,14253.9376508419,0,0,0.002327,0.188609909205688,0.0801575829975,0.0262684170025,0.280295400241685,1.54514739573997,0.0255332706610639
"335",0.044267,0,0,0.235743448878574,-0.26824,0.455542,0.208823659288039,0.24839215,0.26824,1.044267,14884.9167088317,14884.9167088317,0,0,0.002856,0.17382289658695,0.054095583935,-0.009828583935,0.235884090518382,1.50660988491657,0.0240927221417661
"336",-0.173524,0,0,0.395692990400361,-0.232153,0.455542,0.197723895935013,0.2145343,0.232153,0.826476,12302.0264218484,14884.9167088317,-2582.89028698331,-0.173524,0.003379,0.22210432950283,-0.05884882971,-0.11467517029,0.383544180926026,1.55106168880373,0.0283130797764745
"337",-0.164478,0,0,0.51870385470711,-0.200119,0.455542,0.189907593050282,0.18549175,0.200119,0.835522,10278.6137200356,14884.9167088317,-4606.30298879609,-0.309461119528,0.003506,0.259423100863704,0.0637238797675,-0.2282018797675,0.34181971781584,1.43400468765588,0.0343558267910553
"338",-0.049011,0,0,0.217017063766872,-0.200119,0.455542,0.186727970523705,0.18549175,0.200119,0.950989,9774.84858300295,14884.9167088317,-5110.06812582876,-0.343305120598813,0.00345,0.157106439835389,-0.024325773945,-0.024685226055,0.228336306931523,1.49225870107511,0.019658901399289
"339",-0.001187,0,0,0.00424182363093428,-0.200119,0.455542,0.178041794717539,0.18549175,0.200119,0.998813,9763.24583773492,14884.9167088317,-5121.67087109678,-0.344084617420662,0.003638,0.0640444191849634,0.0373979598325,-0.0385849598325,0.119475644907803,1.68963977334482,0.00674852919137947
"340",-0.219136,0,0,-0.0196338113197516,-0.219136,0.455542,0.18018740837425,0.1940494,0.219136,0.780864,7623.76719783704,14884.9167088317,-7261.14951099466,-0.487819290697568,0.00364,0.0528204685288843,0.01495948086,-0.23409548086,0.0482300477576065,1.77137520814388,0.00537299115939769
"341",0.058953,0,0,-0.100063179418829,-0.219136,0.455542,0.175428965036011,0.1940494,0.219136,1.058953,8073.21114545113,14884.9167088317,-6811.70556338058,-0.457624701342062,0.003662,0.00770254786444523,0.00520423798,0.05374876202,-0.00236968615058795,1.79034797779786,0.000754741545641877
"342",-0.036807,0,0,-0.17336650178805,-0.219136,0.455542,0.175186764587479,0.1940494,0.219136,0.963193,7776.06046282051,14884.9167088317,-7108.8562460112,-0.477587908959765,0.004078,-0.0345864217973372,0.06689915243,-0.10370615243,-0.127923231105456,1.70605653677868,-0.00355151379963874
"343",-0.093444,0,0,-0.485147417522111,-0.219136,0.106426,0.100117307004841,0.1940494,0.219136,0.906556,7049.43426893271,14884.9167088317,-7835.48243989899,-0.526404184394928,0.004391,-0.520451141021476,0.03164801091,-0.12509201091,-0.601070187112254,1.50008182717301,-0.0347355495698951
"344",-0.166634,0,0,-0.574324757950749,-0.219136,0.106426,0.103728422028026,0.1940494,0.219136,0.833366,5874.75883896338,14884.9167088317,-9010.15786986833,-0.605321349532464,0.004537,-0.644709990690222,-0.01548024909,-0.15115375091,-0.791295050717065,1.48507894637437,-0.0450311077153615
"345",-0.050423,0,0,-0.566980206862986,-0.219136,0.106426,0.103788794232092,0.1940494,0.219136,0.949577,5578.53587402633,14884.9167088317,-9306.38083480538,-0.625222231124989,0.004267,-0.633280472646088,-0.0476136259725,-0.00280937402750001,-0.835258533802496,1.45028881162623,-0.0453202259713812
"346",0.002485,0,0,-0.607659394010119,-0.219136,0.058953,0.092129676311025,0.1940494,0.219136,1.002485,5592.39853567328,14884.9167088317,-9292.51817315842,-0.624290908369334,0.004715,-0.809599790786857,-0.0211052786025,0.0235902786025,-0.83997315330276,1.42336620415509,-0.0524026539684087
"347",0.269414,0,0,-0.52306961915675,-0.219136,0.269414,0.131985788884006,0.1940494,0.219136,1.269414,7099.06899476316,14884.9167088317,-7785.84771406854,-0.52306961915675,0.004424,-0.423959153530614,0.090745319175,0.178668680825,-0.533769763159917,1.46477383945269,-0.0382015174125731
"348",0.308058,0,0,-0.245165497721579,-0.219136,0.308058,0.161569841505621,0.1902599,0.219136,1.308058,9285.99399115192,14884.9167088317,-5598.92271767979,-0.37614739989494,0.004266,-0.0984012023439014,0.0452422179775,0.2628157820225,-0.215294051474242,1.58809809659867,-0.0100111364031717
