,portRet,turnover,portTransactionCost,CompoundAnnualReturn,Min_monthly,Max_monthly,portStdDev_monthly,portVaR,portCVaR,growth_multiplier,wealth_index,peak_wealth_index,drawdown,drawdown_pct,monthly_Rf,portSR,monthly_Rm,Rp_minus_Rm,portIR,portBeta,portTR
12/30/1994,-0.004042225,0,0,NA,NA,NA,NA,NA,NA,1,1000,1000,0,0,0.00443,NA,0.01486249,-0.018904715,NA,NA,NA
1/31/1995,0.01188175,0.1,0.00025,NA,NA,NA,NA,NA,NA,1.01188175,1011.88175,1011.88175,0,0,0.004156,NA,0.026,-0.01411825,NA,NA,NA
2/28/1995,0.020227625,0.1,0.00025,NA,NA,NA,NA,NA,NA,1.020227625,1032.349715,1032.349715,0,0,0.003983,NA,0.039228,-0.019000375,NA,NA,NA
3/31/1995,0.038106075,0.1125,0.00028125,NA,NA,NA,NA,NA,NA,1.038106075,1071.68851,1071.68851,0,0,0.004134,NA,0.029263859,0.008842216,NA,NA,NA
4/28/1995,0.051150675,0.1,0.00025,NA,NA,NA,NA,NA,NA,1.051150675,1126.506101,1126.506101,0,0,0.00445,NA,0.029395,0.021755675,NA,NA,NA
5/31/1995,0.021068175,0.125,0.0003125,NA,NA,NA,NA,NA,NA,1.021068175,1150.239529,1150.239529,0,0,0.005355,NA,0.039809,-0.018740825,NA,NA,NA
6/30/1995,0.070822975,0.125,0.0003125,NA,NA,NA,NA,NA,NA,1.070822975,1231.702914,1231.702914,0,0,0.004714,NA,0.024063667,0.046759308,NA,NA,NA
7/31/1995,0.068781125,0.075,0.0001875,NA,NA,NA,NA,NA,NA,1.068781125,1316.420826,1316.420826,0,0,0.004522,NA,0.033405,0.035376125,NA,NA,NA
8/31/1995,0.015108425,0.05,0.000125,NA,NA,NA,NA,NA,NA,1.015108425,1336.309871,1336.309871,0,0,0.004637,NA,0.003502,0.011606425,NA,NA,NA
9/29/1995,0.026190525,0.05,0.000125,NA,NA,NA,NA,NA,NA,1.026190525,1371.308528,1371.308528,0,0,0.004309,NA,0.04200703,-0.015816505,NA,NA,NA
10/31/1995,-0.030175475,0.05,0.000125,NA,NA,NA,NA,NA,NA,0.969824525,1329.928642,1371.308528,-41.37988622,-0.030175475,0.004714,NA,-0.003442,-0.026733475,NA,NA,NA
11/30/1995,0.028268075,0.0875,0.00021875,0.361995329,-0.030175475,0.070822975,0.028691165,0.015802188,0.030175475,1.028268075,1367.523165,1371.308528,-3.785363614,-0.002760403,0.004108,0.766425606,0.044179,-0.015910925,-0.016608799,NA,NA
12/29/1995,-0.01849795,0.1,0.00025,0.34222679,-0.030175475,0.070822975,0.030343655,0.023752836,0.030175475,0.98150205,1342.22679,1371.308528,-29.08173874,-0.021207291,0.004882,0.683745358,0.01753253,-0.03603048,-0.070192983,NA,NA
1/31/1996,0.033971525,0.0375,9.375E-05,0.371528126,-0.030175475,0.070822975,0.030128593,0.023752836,0.030175475,1.033971525,1387.824281,1387.824281,0,0,0.004278,0.749387167,0.034861,-0.000889475,-0.028318611,NA,NA
2/29/1996,0.0213681,0.15,0.000375,0.373061307,-0.030175475,0.070822975,0.030106786,0.023752836,0.030175475,1.0213681,1417.479449,1417.479449,0,0,0.003908,0.75329432,0.010088,0.0112801,0.070610302,NA,NA
3/29/1996,0.01963115,0.075,0.0001875,0.348625264,-0.030175475,0.070822975,0.029969338,0.023752836,0.030175475,1.01963115,1445.3062,1445.3062,0,0,0.003943,0.705908495,0.009482099,0.010149051,0.074797054,NA,NA
4/30/1996,0.055192925,0.0625,0.00015625,0.353811467,-0.030175475,0.070822975,0.030302997,0.023752836,0.030175475,1.055192925,1525.076877,1525.076877,0,0,0.004579,0.708897364,0.015133,0.040059925,0.125972331,NA,NA
5/31/1996,0.02992305,0.075,0.0001875,0.365551948,-0.030175475,0.070822975,0.030280387,0.023752836,0.030175475,1.02992305,1570.711829,1570.711829,0,0,0.003982,0.737574373,0.025257,0.00466605,0.204545269,NA,NA
6/28/1996,-0.021349175,0.075,0.0001875,0.248010709,-0.030175475,0.068781125,0.029760658,0.02532101,0.030175475,0.978650825,1537.178427,1570.711829,-33.53340171,-0.021349175,0.004,0.494361544,0.004033779,-0.025382954,-0.026348096,NA,NA
7/31/1996,-0.05941985,0.0875,0.00021875,0.098311032,-0.05941985,0.055192925,0.033102269,0.043335444,0.05941985,0.94058015,1445.839515,1570.711829,-124.8723133,-0.07950046,0.004497,0.121779982,-0.044444,-0.01497585,-0.224452129,NA,NA
8/30/1996,0.039475825,0.1,0.00025,0.124675687,-0.05941985,0.055192925,0.034280894,0.043335444,0.05941985,1.039475825,1502.915223,1570.711829,-67.79660557,-0.043162981,0.004122,0.178079579,0.021928,0.017547825,-0.197096854,NA,NA
9/30/1996,0.09783985,0.075,0.0001875,0.203201314,-0.05941985,0.09783985,0.042531489,0.043335444,0.05941985,1.09783985,1649.960223,1649.960223,0,0,0.004375,0.283789832,0.055935534,0.041904316,0.018705865,NA,NA
10/31/1996,0.012553225,0.1,0.00025,0.25621217,-0.05941985,0.09783985,0.039995061,0.038480979,0.05941985,1.012553225,1670.672545,1670.672545,0,0,0.004246,0.391791605,0.026798,-0.014244775,0.062218468,NA,NA
11/29/1996,0.10556255,0.075,0.0001875,0.350641105,-0.05941985,0.10556255,0.04706264,0.038480979,0.05941985,1.10556255,1847.032999,1847.032999,0,0,0.003941,0.470114982,0.076441,0.02912155,0.2117443,NA,NA
12/31/1996,-0.02590515,0.0625,0.00015625,0.340448087,-0.05941985,0.10556255,0.04774798,0.040986765,0.05941985,0.97409485,1799.185332,1847.032999,-47.8476669,-0.02590515,0.004404,0.45127393,-0.019898269,-0.006006881,0.358957136,NA,NA
1/31/1997,0.097054375,0.05,0.000125,0.422229145,-0.05941985,0.10556255,0.052018621,0.040986765,0.05941985,1.097054375,1973.80414,1973.80414,0,0,0.004014,0.515706157,0.062827,0.034227375,0.470877951,NA,NA
2/28/1997,-0.03253995,0.1,0.00025,0.347163554,-0.05941985,0.10556255,0.055158472,0.044635905,0.05941985,0.96746005,1909.576652,1973.80414,-64.22748803,-0.03253995,0.003788,0.4050871,0.007752,-0.04029195,0.236456924,NA,NA
3/31/1997,-0.04322585,0.05,0.000125,0.264115229,-0.05941985,0.10556255,0.058738625,0.05051315,0.05941985,0.95677415,1827.033578,1973.80414,-146.770562,-0.074359233,0.00431,0.290700005,-0.041778163,-0.001447687,0.200289298,NA,NA
4/30/1997,0.0418189,0.1,0.00025,0.248093222,-0.05941985,0.10556255,0.058160358,0.05051315,0.05941985,1.0418189,1903.438113,1973.80414,-70.36602746,-0.035649954,0.004313,0.274808887,0.060274,-0.0184551,0.021736824,NA,NA
5/30/1997,0.107656075,0.125,0.0003125,0.342292552,-0.05941985,0.107656075,0.063437388,0.05051315,0.05941985,1.107656075,2108.354789,2108.354789,0,0,0.004263,0.353692351,0.061401,0.046255075,0.139777107,NA,NA
6/30/1997,0.015909525,0.1,0.00025,0.393395636,-0.05941985,0.107656075,0.061765546,0.05051315,0.05941985,1.015909525,2141.897712,2141.897712,0,0,0.003744,0.413880314,0.043982331,-0.028072806,0.130806034,NA,NA
7/31/1997,0.129034475,0.1375,0.00034375,0.672575921,-0.04322585,0.129034475,0.060990531,0.037348605,0.04322585,1.129034475,2418.276359,2418.276359,0,0,0.004294,0.676908149,0.080388,0.048646475,0.293250426,NA,NA
8/29/1997,-0.02398155,0.0875,0.00021875,0.570469383,-0.04322585,0.129034475,0.064219804,0.037348605,0.04322585,0.97601845,2360.282344,2418.276359,-57.99401542,-0.02398155,0.004058,0.560609093,-0.054975,0.03099345,0.323417609,NA,NA
9/30/1997,0.02630825,0.075,0.0001875,0.468142812,-0.04322585,0.129034475,0.061646214,0.037348605,0.04322585,1.02630825,2422.377242,2422.377242,0,0,0.004576,0.487045147,0.05375974,-0.02745149,0.140409827,NA,NA
10/31/1997,-0.067324825,0.1625,0.00040625,0.352324323,-0.067324825,0.129034475,0.068162738,0.054070389,0.067324825,0.932675175,2259.291118,2422.377242,-163.0861239,-0.067324825,0.003911,0.343235951,-0.032605,-0.034719825,0.082252738,NA,NA
11/28/1997,0.00146745,0.1,0.00025,0.224995176,-0.067324825,0.129034475,0.063814404,0.054070389,0.067324825,1.00146745,2262.606514,2422.377242,-159.7707271,-0.065956171,0.003773,0.230908845,0.046321,-0.04485355,-0.098839322,1.191594898,0.01236604
12/31/1997,0.014519775,0.025,6.25E-05,0.275832462,-0.067324825,0.129034475,0.062285357,0.054070389,0.067324825,1.014519775,2295.459052,2422.377242,-126.9181896,-0.052394065,0.004629,0.290362052,0.016998945,-0.00247917,-0.090394613,1.187798136,0.015225907
1/30/1998,0.0040236,0.15,0.000375,0.167641213,-0.067324825,0.129034475,0.057749223,0.054070389,0.067324825,1.0040236,2304.695061,2422.377242,-117.6821806,-0.048581277,0.004204,0.178650132,0.011994,-0.0079704,-0.203761904,1.190943083,0.008662804
2/27/1998,0.08415915,0.1125,0.00028125,0.308487007,-0.067324825,0.129034475,0.058926726,0.054070389,0.067324825,1.08415915,2498.656238,2498.656238,0,0,0.003847,0.34003102,0.071956,0.01220315,-0.072998422,1.20212444,0.01666792
3/31/1998,0.0165267,0.075,0.0001875,0.390204762,-0.067324825,0.129034475,0.055112613,0.043486024,0.067324825,1.0165267,2539.95078,2539.95078,0,0,0.004485,0.453647705,0.051226759,-0.034700059,-0.154969078,1.173306749,0.021308759
4/30/1998,0.048265275,0.125,0.0003125,0.398806815,-0.067324825,0.129034475,0.055278214,0.043486024,0.067324825,1.048265275,2662.542203,2662.542203,0,0,0.004308,0.462014297,0.011275,0.036990275,-0.01249854,1.158322515,0.022048544
5/29/1998,-0.052398575,0.075,0.0001875,0.196681317,-0.067324825,0.129034475,0.054058132,0.059115388,0.067324825,0.947601425,2523.028786,2662.542203,-139.5134173,-0.052398575,0.003805,0.226415598,-0.017674,-0.034724575,-0.222349008,1.195794791,0.010235539
6/30/1998,-0.00337345,0.05,0.000125,0.173967113,-0.067324825,0.129034475,0.054359013,0.059115388,0.067324825,0.99662655,2514.517474,2662.542203,-148.0247288,-0.055595261,0.004021,0.195176579,0.040845598,-0.044219048,-0.254095671,1.173699133,0.00903946
7/31/1998,0.018136575,0.1,0.00025,0.058655765,-0.067324825,0.08415915,0.040936507,0.059115388,0.067324825,1.018136575,2560.122209,2662.542203,-102.419994,-0.038466994,0.003873,0.034277422,-0.010109,0.028245575,-0.332068595,1.137516288,0.001233563
8/31/1998,-0.17189635,0.125,0.0003125,-0.101782653,-0.17189635,0.08415915,0.065518172,0.114382011,0.17189635,0.82810365,2120.046546,2662.542203,-542.4956573,-0.203751008,0.004012,-0.166659138,-0.143124,-0.02877235,-0.538330486,1.150048154,-0.009494561
9/30/1998,0.069911675,0.15,0.000375,-0.063621259,-0.17189635,0.08415915,0.068655217,0.114382011,0.17189635,1.069911675,2268.262551,2662.542203,-394.2796522,-0.148083907,0.003875,-0.105267552,0.062975143,0.006936532,-0.430972434,1.157649178,-0.006242968
10/30/1998,0.074023175,0.175,0.0004375,0.07828802,-0.17189635,0.08415915,0.068772082,0.106172574,0.17189635,1.074023175,2436.166547,2662.542203,-226.3756565,-0.085022373,0.003353,0.066863373,0.080111,-0.006087825,-0.358326974,1.140280453,0.004032634
11/30/1998,0.05760465,0.125,0.0003125,0.138731393,-0.17189635,0.08415915,0.070137537,0.106172574,0.17189635,1.05760465,2576.501068,2662.542203,-86.04113521,-0.032315407,0.003233,0.132902206,0.062164,-0.00455935,-0.258454656,1.141015863,0.008169416
12/31/1998,0.0872844,0.1,0.00025,0.220404875,-0.17189635,0.0872844,0.073326282,0.106172574,0.17189635,1.0872844,2801.389418,2801.389418,0,0,0.003779,0.210783705,0.059502766,0.027781634,-0.148723498,1.15059163,0.013433077
1/29/1999,0.0170455,0.0875,0.00021875,0.236233179,-0.17189635,0.0872844,0.073174956,0.106172574,0.17189635,1.0170455,2849.140501,2849.140501,0,0,0.003494,0.226857811,0.0428,-0.0257545,-0.197766572,1.143413326,0.014518206
2/26/1999,-0.07717635,0.075,0.0001875,0.052267293,-0.17189635,0.0872844,0.07519688,0.11980035,0.17189635,0.92282365,2629.254237,2849.140501,-219.8862645,-0.07717635,0.003372,0.042492039,-0.031935,-0.04524135,-0.348929033,1.170135093,0.002730684
3/31/1999,0.02665915,0.1,0.00025,0.062755995,-0.17189635,0.0872844,0.075370313,0.11980035,0.17189635,1.02665915,2699.34792,2849.140501,-149.7925814,-0.052574656,0.004076,0.054049436,0.038814578,-0.012155428,-0.295371426,1.169578635,0.003483069
4/30/1999,-0.00414455,0.0875,0.00021875,0.009621682,-0.17189635,0.0872844,0.074326125,0.11980035,0.17189635,0.99585545,2688.160337,2849.140501,-160.9801639,-0.056501308,0.003784,-0.003364844,0.037559,-0.04170355,-0.573209802,1.166088246,-0.000214474
5/28/1999,0.015776525,0.1,0.00025,0.082258824,-0.17189635,0.0872844,0.072243608,0.11980035,0.17189635,1.015776525,2730.570166,2849.140501,-118.5703351,-0.041616177,0.003463,0.075572949,-0.023159,0.038935525,-0.300296528,1.137537659,0.004799544
6/30/1999,0.063658325,0.075,0.0001875,0.155050111,-0.17189635,0.0872844,0.07376242,0.11980035,0.17189635,1.063658325,2904.393689,2904.393689,0,0,0.004098,0.149659231,0.054284253,0.009374072,-0.159166647,1.136535241,0.009713053
7/30/1999,-0.00852915,0.1125,0.00028125,0.124798523,-0.17189635,0.0872844,0.074051895,0.11980035,0.17189635,0.99147085,2879.62168,2904.393689,-24.77200943,-0.00852915,0.003658,0.119308223,-0.03022,0.02169085,-0.183102826,1.11304637,0.007937675
8/31/1999,0.0160039,0.05,0.000125,0.380020105,-0.07717635,0.0872844,0.046104401,0.03942039,0.07717635,1.0160039,2925.706857,2925.706857,0,0,0.003876,0.531504307,-0.005004,0.0210079,-0.030240152,1.104369448,0.02218885
9/30/1999,-0.031674475,0.075,0.0001875,0.248989729,-0.07717635,0.0872844,0.047060982,0.052150319,0.07717635,0.968325525,2833.036628,2925.706857,-92.6702287,-0.031674475,0.003705,0.341117865,-0.028220208,-0.003454267,-0.062627865,1.084840487,0.014797882
10/29/1999,0.055207,0.125,0.0003125,0.227108256,-0.07717635,0.0872844,0.045369937,0.052150319,0.07717635,1.055207,2989.440082,2989.440082,0,0,0.003581,0.318852704,0.064238,-0.009031,-0.071615086,1.080796571,0.013384875
11/30/1999,0.039872075,0.1,0.00025,0.206533659,-0.07717635,0.0872844,0.044242582,0.052150319,0.07717635,1.039872075,3108.635261,3108.635261,0,0,0.003811,0.292488484,0.020822,0.019050075,0.001513018,1.061826897,0.012186964
12/31/1999,0.05828405,0.0625,0.00015625,0.17435266,-0.07717635,0.063658325,0.040683299,0.052150319,0.07717635,1.05828405,3289.819114,3289.819114,0,0,0.003764,0.258705667,0.062354189,-0.004070139,-0.100031991,1.059806848,0.009931055
1/31/2000,-0.0326818,0.1125,0.00028125,0.116934002,-0.07717635,0.063658325,0.042847512,0.052704347,0.07717635,0.9673182,3182.301903,3289.819114,-107.5172103,-0.0326818,0.004343,0.147273624,-0.04963,0.0169482,0.036975411,1.021777145,0.006175817
2/29/2000,0.190857625,0.1,0.00025,0.441347297,-0.0326818,0.190857625,0.059743288,0.032127771,0.0326818,1.190857625,3789.668487,3789.668487,0,0,0.004295,0.478205289,-0.017458,0.208315625,0.354277954,0.929271572,0.030744033
3/31/2000,0.088536175,0.1,0.00025,0.528217689,-0.0326818,0.190857625,0.061832673,0.032127771,0.0326818,1.088536175,4125.191239,4125.191239,0,0,0.004377,0.545033716,0.098275027,-0.009738852,0.358181711,0.91639601,0.036775467
4/28/2000,-0.001412875,0.1375,0.00034375,0.532409657,-0.0326818,0.190857625,0.061669843,0.032127771,0.0326818,0.998587125,4119.362859,4125.191239,-5.828379572,-0.001412875,0.004595,0.54906817,-0.031583,0.030170125,0.480365814,0.911595103,0.037144723
5/31/2000,0.00020965,0.05,0.000125,0.508925328,-0.0326818,0.190857625,0.062335925,0.032127771,0.0326818,1.00020965,4120.226484,4125.191239,-4.964755148,-0.001203521,0.004782,0.520627414,-0.022304,0.02251365,0.457730033,0.882469987,0.036776085
6/30/2000,0.097603375,0.0625,0.00015625,0.557080402,-0.0326818,0.190857625,0.064414566,0.032127771,0.0326818,1.097603375,4522.374494,4522.374494,0,0,0.003744,0.548199702,0.026031502,0.071571873,0.536371817,0.898786087,0.039288599
7/31/2000,0.005069475,0.1125,0.00028125,0.578436706,-0.0326818,0.190857625,0.063610147,0.032127771,0.0326818,1.005069475,4545.300559,4545.300559,0,0,0.004772,0.571487927,-0.012795,0.017864475,0.530414688,0.857986799,0.042369453
8/31/2000,0.1206458,0.1,0.00025,0.741005586,-0.0326818,0.190857625,0.067028997,0.032127771,0.0326818,1.1206458,5093.671981,5093.671981,0,0,0.005002,0.671034307,0.062594,0.0580518,0.578593707,0.904481422,0.049728778
9/29/2000,-0.063709625,0.1,0.00025,0.683407832,-0.063709625,0.190857625,0.071059995,0.046644321,0.063709625,0.936290375,4769.156049,5093.671981,-324.5159318,-0.063709625,0.005093,0.593772822,-0.052309112,-0.011400513,0.56291731,0.937535135,0.045004707
10/31/2000,-0.0593973,0.05,0.000125,0.500575671,-0.063709625,0.190857625,0.07722332,0.061337846,0.063709625,0.9406027,4485.881057,5093.671981,-607.7909244,-0.119322745,0.005217,0.420945412,-0.00412,-0.0552773,0.466389417,0.926884014,0.035071057
11/30/2000,-0.148111525,0.0375,0.00009375,0.229308057,-0.148111525,0.190857625,0.093860242,0.10169048,0.148111525,0.851888475,3821.470372,5093.671981,-1272.201609,-0.249761197,0.004966,0.178406232,-0.078268,-0.069843525,0.321941214,1.027436715,0.016298086
12/29/2000,0.053298525,0.075,0.0001875,0.223516846,-0.148111525,0.190857625,0.093692656,0.10169048,0.148111525,1.053298525,4025.149107,5093.671981,-1068.522874,-0.209774575,0.004909,0.173272651,0.005441642,0.047856883,0.383852301,1.025336294,0.01583322
1/31/2001,0.088796425,0.15,0.000375,0.377169134,-0.148111525,0.190857625,0.093938299,0.10169048,0.148111525,1.088796425,4382.567957,5093.671981,-711.1040237,-0.139605382,0.005243,0.279785355,0.032372,0.056424425,0.427821442,1.036352874,0.025360629
2/28/2001,-0.25095935,0.15,0.000375,-0.133770787,-0.25095935,0.1206458,0.110690646,0.194393046,0.25095935,0.74904065,3282.721551,5093.671981,-1810.95043,-0.355529456,0.003653,-0.094696537,-0.090952,-0.16000735,-0.002254679,1.201355926,-0.008725158
3/30/2001,-0.101061475,0.125,0.0003125,-0.284647742,-0.25095935,0.1206458,0.109528648,0.194393046,0.25095935,0.898938525,2950.964869,5093.671981,-2142.707112,-0.4206606,0.00432,-0.239910522,-0.063920411,-0.037141064,-0.035870514,1.241765546,-0.02116106
4/30/2001,0.251582475,0.0875,0.00021875,-0.103410882,-0.25095935,0.251582475,0.13512345,0.194393046,0.25095935,1.251582475,3693.375915,5093.671981,-1400.296066,-0.27490896,0.003864,-0.037989057,0.077824,0.173758475,0.112508599,1.343606223,-0.003820474
5/31/2001,-0.064008325,0.05,0.000125,-0.160975951,-0.25095935,0.251582475,0.136358683,0.194393046,0.25095935,0.935991675,3456.969109,5093.671981,-1636.702872,-0.321320823,0.003183,-0.075913467,0.006859,-0.070867325,0.019956973,1.335584749,-0.007750508
6/29/2001,-0.003719825,0.05,0.000125,-0.238428884,-0.25095935,0.251582475,0.132451065,0.194393046,0.25095935,0.996280175,3444.109789,5093.671981,-1649.562192,-0.323845391,0.002778,-0.141294148,-0.024639929,0.020920104,-0.02902239,1.350155599,-0.01386104
7/31/2001,-0.1201574,0.05,0.000125,-0.333317022,-0.25095935,0.251582475,0.135680258,0.194393046,0.25095935,0.8798426,3030.274511,5093.671981,-2063.39747,-0.40509037,0.002999,-0.213755367,-0.009317,-0.1108404,-0.146113666,1.369357888,-0.02117955
8/31/2001,-0.13125515,0.05,0.000125,-0.483175323,-0.25095935,0.251582475,0.130531903,0.194393046,0.25095935,0.86874485,2632.535376,5093.671981,-2461.136605,-0.483175323,0.002996,-0.381722487,-0.063435,-0.06782015,-0.26738149,1.444557792,-0.034492883
9/28/2001,-0.2430199,0.025,0.0000625,-0.582153137,-0.25095935,0.251582475,0.142492985,0.246592653,0.25095935,0.7569801,1992.776892,5093.671981,-3100.895089,-0.608774004,0.00273,-0.45316314,-0.08057781,-0.16244209,-0.373904461,1.575203416,-0.040993162
10/31/2001,0.170261025,0.1,0.00025,-0.480131306,-0.25095935,0.251582475,0.157329415,0.246592653,0.25095935,1.170261025,2332.069128,5093.671981,-2761.602853,-0.542163465,0.002154,-0.287162607,0.01954,0.150721025,-0.172730765,1.650195105,-0.027378051
11/30/2001,0.1191742,0.075,0.0001875,-0.317019015,-0.25095935,0.251582475,0.159769861,0.246592653,0.25095935,1.1191742,2609.991601,5093.671981,-2483.68038,-0.487601163,0.001749,-0.141686492,0.078787,0.0403872,-0.08970327,1.671077014,-0.013546492
12/31/2001,0.0462071,0.1125,0.00028125,-0.321617244,-0.25095935,0.251582475,0.159489973,0.246592653,0.25095935,1.0462071,2730.591744,5093.671981,-2363.080237,-0.463924698,0.001484,-0.143850841,0.008885773,0.037321327,-0.098049081,1.6846762,-0.013618502
1/31/2002,-0.0132961,0.0625,0.00015625,-0.385226755,-0.25095935,0.251582475,0.155849163,0.246592653,0.25095935,0.9867039,2694.285523,5093.671981,-2399.386458,-0.471052409,0.00139,-0.199740526,-0.014324,0.0010279,-0.142460081,1.714983254,-0.018151427
2/28/2002,-0.061164525,0.1,0.00025,-0.229453126,-0.2430199,0.251582475,0.140032553,0.181549288,0.2430199,0.938835475,2529.490829,5093.671981,-2564.181152,-0.503405237,0.001285,-0.107945079,-0.019481,-0.041683525,-0.056213719,1.71187621,-0.008829976
3/28/2002,0.130115875,0.025,0.0000625,-0.031293876,-0.2430199,0.251582475,0.142624903,0.181549288,0.2430199,1.130115875,2858.617741,5093.671981,-2235.05424,-0.438790375,0.001341,0.03083055,0.037444645,0.09267123,0.051547723,1.762000333,0.002495575
4/30/2002,-0.1044436,0.1,0.00025,-0.306852735,-0.2430199,0.170261025,0.122697722,0.181549288,0.2430199,0.8955564,2560.053413,5093.671981,-2533.618568,-0.497405129,0.001546,-0.204392294,-0.061001,-0.0434426,-0.146286123,1.804659992,-0.013896506
5/31/2002,-0.0624818,0.075,0.0001875,-0.305722269,-0.2430199,0.170261025,0.122652057,0.181549288,0.2430199,0.9375182,2400.096668,5093.671981,-2693.575313,-0.528808161,0.001442,-0.20224834,-0.0078,-0.0546818,-0.132200733,1.819264009,-0.01363528
6/28/2002,-0.136309025,0.1125,0.00028125,-0.3981197,-0.2430199,0.170261025,0.126681445,0.184328919,0.2430199,0.863690975,2072.941831,5093.671981,-3020.73015,-0.593035861,0.001312,-0.282070578,-0.071518699,-0.064790326,-0.212886759,1.861864942,-0.019192105
7/31/2002,-0.11521025,0.05,0.000125,-0.394735468,-0.2430199,0.170261025,0.126382787,0.184328919,0.2430199,0.88478975,1834.117685,5093.671981,-3259.554296,-0.639922301,0.001507,-0.278491347,-0.073987,-0.04122325,-0.154497231,1.861758423,-0.018904984
8/30/2002,-0.023329825,0.0625,0.00015625,-0.319542652,-0.2430199,0.170261025,0.122572802,0.184328919,0.2430199,0.976670175,1791.32804,5093.671981,-3302.343941,-0.648322851,0.001402,-0.212689126,0.007061,-0.030390825,-0.119182344,1.853947244,-0.014061836
9/30/2002,-0.1203984,0.075,0.0001875,-0.2093169,-0.136309025,0.170261025,0.106790908,0.127558181,0.136309025,0.8796016,1575.65501,5093.671981,-3518.016971,-0.690664217,0.001414,-0.147407465,-0.109112734,-0.011285666,0.043781897,1.780906121,-0.008839195
10/31/2002,0.15807975,0.05,0.000125,-0.21754714,-0.136309025,0.15807975,0.104919186,0.127558181,0.136309025,1.15807975,1824.73416,5093.671981,-3268.937821,-0.641764494,0.001334,-0.159060994,0.088599,0.06948075,-0.074596421,1.821473868,-0.009162113
11/29/2002,0.149260975,0.1625,0.00040625,-0.196512449,-0.136309025,0.15807975,0.108714487,0.127558181,0.136309025,1.149260975,2097.09576,5093.671981,-2996.576221,-0.588293913,0.001166,-0.12999864,0.059019,0.090241975,0.004693734,1.843873017,-0.007664701
12/31/2002,-0.1100067,0.1375,0.00034375,-0.316484722,-0.136309025,0.15807975,0.110353723,0.127558181,0.136309025,0.8899933,1866.401176,5093.671981,-3227.270805,-0.633584341,0.001079,-0.24572621,-0.058962805,-0.051043895,-0.122099625,1.898308139,-0.014284721
1/31/2003,0.017757825,0.1125,0.00028125,-0.294972866,-0.136309025,0.15807975,0.111034722,0.127558181,0.136309025,1.017757825,1899.544401,5093.671981,-3194.12758,-0.627077596,0.000934,-0.220570417,-0.026579,0.044336825,-0.058109379,1.908186032,-0.012834689
2/28/2003,0.0328489,0.1125,0.00028125,-0.22437262,-0.136309025,0.15807975,0.11142678,0.127558181,0.136309025,1.0328489,1961.942345,5093.671981,-3131.729636,-0.614827505,0.000871,-0.149174399,-0.015246,0.0480949,0.066223432,1.920141057,-0.008656668
3/31/2003,0.0135119,0.05,0.000125,-0.304400905,-0.136309025,0.15807975,0.102299238,0.127558181,0.136309025,1.0135119,1988.451914,5093.671981,-3105.220067,-0.609623093,0.00102,-0.257208865,0.010205114,0.003306786,-0.064415674,2.051339036,-0.012826876
4/30/2003,0.10773485,0.075,0.0001875,-0.13959706,-0.136309025,0.15807975,0.105614031,0.127558181,0.136309025,1.10773485,2202.677483,5093.671981,-2890.994498,-0.567565895,0.000939,-0.081240626,0.082774,0.02496085,0.042833146,1.991603226,-0.004308162
5/30/2003,0.1183646,0.05,0.000125,0.026373877,-0.136309025,0.15807975,0.109854058,0.127558181,0.136309025,1.1183646,2463.396522,5093.671981,-2630.275459,-0.516381005,0.000903,0.059490747,0.053251,0.0651136,0.23471721,1.998286548,0.003270452
6/30/2003,0.0128812,0.05,0.000125,0.203665239,-0.1203984,0.15807975,0.100083084,0.117544918,0.1203984,1.0128812,2495.128025,5093.671981,-2598.543956,-0.510151412,0.000984,0.189793832,0.012697818,0.000183382,0.379865343,1.981541856,0.009586046
7/31/2003,0.027697475,0.05,0.000125,0.398076466,-0.1203984,0.15807975,0.090565302,0.114682965,0.1203984,1.027697475,2564.236772,5093.671981,-2529.435209,-0.496583843,0.000674,0.342002348,0.017932,0.009765475,0.511972385,1.979201532,0.015649516
8/29/2003,0.108252525,0.05,0.000125,0.586432978,-0.1203984,0.15807975,0.091216135,0.114682965,0.1203984,1.108252525,2841.821877,5093.671981,-2251.850104,-0.442087773,0.000689,0.460424664,0.019597,0.088655525,0.734108112,2.003824524,0.020959
9/30/2003,-0.051206875,0.075,0.0001875,0.711225517,-0.1100067,0.15807975,0.081631842,0.077666796,0.1100067,0.948793125,2696.301059,5093.671981,-2397.370922,-0.470656715,0.000865,0.585676714,-0.01083276,-0.040374115,0.629975519,2.020388179,0.023663704
10/31/2003,0.151858875,0.1625,0.00040625,0.7020333,-0.1100067,0.151858875,0.080890913,0.077666796,0.1100067,1.151858875,3105.758305,5093.671981,-1987.913676,-0.390271239,0.0007,0.585285718,0.05556,0.096298875,0.641298638,2.041884293,0.023186571
11/28/2003,0.0239922,0.075,0.0001875,0.516512665,-0.1100067,0.151858875,0.074500362,0.077666796,0.1100067,1.0239922,3180.272279,5093.671981,-1913.399702,-0.375642505,0.000725,0.495863108,0.009259,0.0147332,0.552505194,2.043658849,0.018076393
12/31/2003,-0.011108975,0.1,0.00025,0.685030397,-0.051206875,0.151858875,0.060888958,0.02915303,0.051206875,0.988891025,3144.942714,5093.671981,-1948.729267,-0.382578477,0.000831,0.742402668,0.051676573,-0.062785548,0.510406182,1.972143798,0.022921313
1/30/2004,0.036232575,0.15,0.000375,0.715617747,-0.051206875,0.151858875,0.060339688,0.02915303,0.051206875,1.036232575,3258.892087,5093.671981,-1834.779894,-0.360207705,0.000696,0.775004358,0.019078,0.017154575,0.466764396,1.963442958,0.023817102
2/27/2004,-0.00063865,0.0875,0.00021875,0.65999312,-0.051206875,0.151858875,0.061839082,0.02915303,0.051206875,0.99936135,3256.810795,5093.671981,-1836.861186,-0.360616308,0.000623,0.71141998,0.014403,-0.01504165,0.352958074,1.880994884,0.023388452
3/31/2004,-0.021867075,0.05,0.000125,0.602047224,-0.051206875,0.151858875,0.064262157,0.035069985,0.051206875,0.978132925,3185.593869,5093.671981,-1908.078112,-0.37459776,0.000844,0.638944892,-0.015075956,-0.006791119,0.332880724,1.891714593,0.021705165
4/30/2004,-0.0580016,0.15,0.000375,0.362353023,-0.0580016,0.151858875,0.066582931,0.054264501,0.0580016,0.9419984,3000.824328,5093.671981,-2092.847653,-0.41087209,0.000795,0.409423346,-0.015584,-0.0424176,0.204421903,1.798940178,0.015153704
5/28/2004,0.05557375,0.1,0.00025,0.285863384,-0.0580016,0.151858875,0.061078877,0.054264501,0.0580016,1.05557375,3167.591389,5093.671981,-1926.080592,-0.378132043,0.000603,0.361058299,0.013629,0.04194475,0.17272694,1.811421008,0.012174439
6/30/2004,0.010211625,0.075,0.0001875,0.282474331,-0.0580016,0.151858875,0.061123155,0.054264501,0.0580016,1.010211625,3199.937644,5093.671981,-1893.734337,-0.371781761,0.000817,0.357384814,0.019391766,-0.009180141,0.156068996,1.816535692,0.012025356
7/30/2004,-0.10941675,0.1375,0.00034375,0.111368068,-0.10941675,0.151858875,0.071939066,0.081138417,0.10941675,0.89058325,2849.810867,5093.671981,-2243.861114,-0.440519359,0.000919,0.144537398,-0.032954,-0.07646275,0.008727208,1.825196787,0.005696857
8/31/2004,-0.041149225,0.175,0.0004375,-0.038453683,-0.10941675,0.151858875,0.066315903,0.081138417,0.10941675,0.958850775,2732.543358,5093.671981,-2361.128623,-0.463541553,0.001116,-0.031483304,0.003807,-0.044956225,-0.220137163,1.808024157,-0.001154765
9/30/2004,0.078725275,0.1125,0.00028125,0.093224948,-0.10941675,0.151858875,0.068011058,0.081138417,0.10941675,1.078725275,2947.663586,5093.671981,-2146.008395,-0.421308715,0.001185,0.128114001,0.010706215,0.06801906,-0.031037663,1.69083135,0.005153186
10/29/2004,0.009323425,0.1625,0.00040625,-0.042054914,-0.10941675,0.078725275,0.051284664,0.081138417,0.10941675,1.009323425,2975.145906,5093.671981,-2118.526075,-0.41591333,0.001129,-0.062407261,0.014973,-0.005649575,-0.239328662,1.658848602,-0.001929372
11/30/2004,0.0879721,0.2,0.0005,0.017798306,-0.10941675,0.0879721,0.057250263,0.081138417,0.10941675,1.0879721,3236.875739,5093.671981,-1856.796242,-0.364529999,0.001541,0.036036916,0.040559,0.0474131,-0.164378796,1.686015714,0.001223668
12/31/2004,0.051111925,0.15,0.000375,0.081838049,-0.10941675,0.0879721,0.058657776,0.081138417,0.10941675,1.051111925,3402.318689,5093.671981,-1691.353292,-0.332049904,0.001672,0.122372771,0.03364036,0.017471565,-0.016910009,1.679695913,0.004273461
1/31/2005,-0.00912235,0.1375,0.00034375,0.034487015,-0.10941675,0.0879721,0.058144381,0.081138417,0.10941675,0.99087765,3371.281547,5093.671981,-1722.390434,-0.338143178,0.001661,0.057066922,-0.023878605,0.014756255,-0.021728849,1.670116482,0.00198676
2/28/2005,0.0441815,0.075,0.0001875,0.080882509,-0.10941675,0.0879721,0.059221322,0.081138417,0.10941675,1.0441815,3520.229823,5093.671981,-1573.442158,-0.308901351,0.001641,0.117665392,0.02108953,0.02309197,0.053971795,1.659664524,0.00419862
3/31/2005,-0.000633225,0.2,0.0005,0.104346904,-0.10941675,0.0879721,0.058557099,0.081138417,0.10941675,0.999366775,3518.000726,5093.671981,-1575.671255,-0.309338972,0.002123,0.147398083,-0.017306498,0.016673273,0.100259486,1.619124649,0.005330784
4/29/2005,-0.031925175,0.125,0.0003125,0.134917464,-0.10941675,0.0879721,0.056246558,0.071869611,0.10941675,0.968074825,3405.687937,5093.671981,-1687.984044,-0.331388446,0.002072,0.190195158,-0.018987326,-0.012937849,0.167126661,1.61118149,0.006639738
5/31/2005,0.046708825,0.1,0.00025,0.125386194,-0.10941675,0.0879721,0.055678599,0.071869611,0.10941675,1.046708825,3564.763619,5093.671981,-1528.908362,-0.300158386,0.002395,0.176185214,0.031945552,0.014763273,0.114585425,1.596022498,0.006146371
6/30/2005,0.03386855,0.2,0.0005,0.151740253,-0.10941675,0.0879721,0.056052863,0.071869611,0.10941675,1.03386855,3685.496994,5093.671981,-1408.174988,-0.276455766,0.002263,0.20802963,0.001665678,0.032202872,0.201332481,1.554722681,0.007500152
7/29/2005,0.0553843,0.1,0.00025,0.364868002,-0.041149225,0.0879721,0.041569581,0.036075998,0.041149225,1.0553843,3889.615665,5093.671981,-1204.056316,-0.236382775,0.002383,0.607946405,0.037311524,0.018072776,0.549278494,1.537650266,0.016435517
8/31/2005,0.0116547,0.1,0.00025,0.440031301,-0.031925175,0.0879721,0.036135116,0.019383621,0.031925175,1.0116547,3934.947968,5093.671981,-1158.724013,-0.227483045,0.00292,0.816991173,-0.009207306,0.020862006,0.993972429,1.527747434,0.019323921
9/30/2005,0.035284225,0.125,0.0003125,0.382040195,-0.031925175,0.0879721,0.033007733,0.019383621,0.031925175,1.035284225,4073.789558,5093.671981,-1019.882423,-0.200225383,0.002848,0.780526187,0.007989469,0.027294756,1.132799137,1.653184545,0.015584104
10/31/2005,-0.0169966,0.1,0.00025,0.346000873,-0.031925175,0.0879721,0.035153111,0.023714459,0.031925175,0.9830034,4004.548986,5093.671981,-1089.122995,-0.213818832,0.002728,0.66670669,-0.015742732,-0.001253868,1.198286022,1.637952751,0.014308602
11/30/2005,0.072084725,0.1125,0.00028125,0.32634557,-0.031925175,0.072084725,0.03281274,0.023714459,0.031925175,1.072084725,4293.215799,5093.671981,-800.4561824,-0.157147179,0.003045,0.67009135,0.038242449,0.033842276,1.294158281,1.563092024,0.014066692
12/30/2005,0.004888925,0.0875,0.00021875,0.268019078,-0.031925175,0.072084725,0.032084135,0.023714459,0.031925175,1.004888925,4314.205009,5093.671981,-779.4669723,-0.153026535,0.00316,0.561387004,-0.000110633,0.004999558,1.175333302,1.49445923,0.012052264
1/31/2006,0.076751225,0.1,0.00025,0.377910881,-0.031925175,0.076751225,0.0343834,0.023714459,0.031925175,1.076751225,4645.325528,5093.671981,-448.346453,-0.088020284,0.003488,0.727545798,0.026367458,0.050383767,1.128312076,1.597803665,0.015656178
2/28/2006,-0.054043125,0.2,0.0005,0.248292822,-0.054043125,0.076751225,0.041111708,0.041878253,0.054043125,0.945956875,4394.27762,5093.671981,-699.3943612,-0.137306518,0.003322,0.405967787,0.002376846,-0.056419971,0.451448178,1.696327525,0.009838919
3/31/2006,0.0251395,0.175,0.0004375,0.280485115,-0.054043125,0.076751225,0.040639413,0.041878253,0.054043125,1.0251395,4504.747562,5093.671981,-588.924419,-0.115618835,0.003642,0.460419374,0.012851024,0.012288476,0.438649951,1.695459882,0.011036046
4/28/2006,0.0193201,0.0875,0.00021875,0.348267904,-0.054043125,0.076751225,0.03704053,0.033667536,0.054043125,1.0193201,4591.779735,5093.671981,-501.8922456,-0.098532502,0.003559,0.617099581,0.012004936,0.007315164,0.520743044,1.832888612,0.012470859
5/31/2006,-0.05082365,0.1125,0.00028125,0.222636112,-0.054043125,0.076751225,0.042362654,0.052272414,0.054043125,0.94917635,4358.408729,5093.671981,-735.2632517,-0.144348371,0.004195,0.344170828,-0.028367052,-0.022456598,0.374575929,1.779985862,0.00819107
6/30/2006,0.000477975,0.0625,0.00015625,0.183148961,-0.054043125,0.076751225,0.042301335,0.052272414,0.054043125,1.000477975,4360.49194,5093.671981,-733.1800413,-0.143939391,0.00397,0.275527752,0.001536887,-0.001058912,0.283477248,1.783433919,0.006535253
7/31/2006,-0.042020825,0.075,0.0001875,0.073951987,-0.054043125,0.076751225,0.043168823,0.052272414,0.054043125,0.957979175,4177.260471,5093.671981,-916.41151,-0.179911764,0.003976,0.078884429,0.005498933,-0.047519758,0.07460009,1.796135262,0.001895931
8/31/2006,0.018307525,0.125,0.0003125,0.08101449,-0.054043125,0.076751225,0.04327928,0.052272414,0.054043125,1.018307525,4253.735771,5093.671981,-839.9362095,-0.164897978,0.004283,0.088868547,0.024097644,-0.005790119,0.004353489,1.729624834,0.0022237
9/29/2006,0.006653125,0.15,0.000375,0.051118706,-0.054043125,0.076751225,0.042380013,0.052272414,0.054043125,1.006653125,4282.036407,5093.671981,-811.6355737,-0.15934194,0.004047,0.032098267,0.026438075,-0.01978495,-0.124917922,1.659086909,0.000819924
10/31/2006,0.043377875,0.05,0.000125,0.115676712,-0.054043125,0.076751225,0.043111486,0.052272414,0.054043125,1.043377875,4467.782047,5093.671981,-625.8899337,-0.122875979,0.004076,0.145650232,0.032476597,0.010901278,-0.090634938,1.462176383,0.004294419
11/30/2006,0.02574535,0.125,0.0003125,0.067453134,-0.054043125,0.076751225,0.038917087,0.052272414,0.054043125,1.02574535,4582.80666,5093.671981,-510.8653212,-0.100294115,0.004243,0.059556102,0.018337091,0.007408259,-0.173870073,1.463315655,0.001583903
12/29/2006,-0.014779825,0.15,0.000375,0.046559811,-0.054043125,0.076751225,0.039386292,0.052272414,0.054043125,0.985220175,4515.073579,5093.671981,-578.5984016,-0.11359161,0.004036,0.015378129,0.013718872,-0.028498697,-0.266111859,1.713185826,0.000353545
1/31/2007,0.03960595,0.15,0.000375,0.010456066,-0.054043125,0.043377875,0.034327221,0.052272414,0.054043125,1.03960595,4693.897358,5093.671981,-399.7746232,-0.078484564,0.004328,-0.074569162,0.015257395,0.024348555,-0.394850099,1.716077482,-0.00149163
2/28/2007,0.02027475,0.125,0.0003125,0.089841236,-0.05082365,0.043377875,0.029820693,0.045982096,0.05082365,1.02027475,4789.064953,5093.671981,-304.6070277,-0.059801069,0.003837,0.12040255,-0.019333385,0.039608135,-0.079694169,1.621482704,0.002214324
3/30/2007,0.035821575,0.1,0.00025,0.101197511,-0.05082365,0.043377875,0.03054235,0.045982096,0.05082365,1.035821575,4960.616803,5093.671981,-133.0551783,-0.026121662,0.004257,0.145025198,0.010841415,0.02498016,-0.034832198,1.629546043,0.002718187
4/30/2007,0.06345515,0.1,0.00025,0.148877732,-0.05082365,0.06345515,0.034380426,0.045982096,0.05082365,1.06345515,5275.393486,5275.393486,0,0,0.004348,0.233899991,0.043944377,0.019510773,0.005316708,1.553848795,0.005175266
5/31/2007,0.0709372,0.075,0.0001875,0.296256382,-0.042020825,0.0709372,0.031981448,0.027038275,0.042020825,1.0709372,5649.615129,5649.615129,0,0,0.004046,0.569102918,0.034417165,0.036520035,0.188949888,1.572241615,0.011576297
6/29/2007,-0.00553175,0.025,6.25E-05,0.288469959,-0.042020825,0.0709372,0.032398927,0.027038275,0.042020825,0.99446825,5618.36287,5649.615129,-31.25225849,-0.00553175,0.003918,0.546445822,-0.016673277,0.011141527,0.227158156,1.553064941,0.011399561
7/31/2007,-0.045167575,0.0625,0.00015625,0.28423762,-0.045167575,0.0709372,0.032970314,0.028454313,0.045167575,0.954832425,5364.595044,5649.615129,-285.0200848,-0.050449469,0.003962,0.529057622,-0.031263942,-0.013903633,0.404701904,1.386610229,0.01257974
8/31/2007,0.005854475,0.075,0.0001875,0.268532467,-0.045167575,0.0709372,0.033276495,0.028454313,0.045167575,1.005854475,5396.001932,5649.615129,-253.6131972,-0.044890349,0.004205,0.493199227,0.015049632,-0.009195157,0.387723881,1.359846453,0.012068967
9/28/2007,0.080551425,0.075,0.0001875,0.361655302,-0.045167575,0.080551425,0.037095578,0.028454313,0.045167575,1.080551425,5830.657576,5830.657576,0,0,0.003347,0.610004429,0.037409348,0.043142077,0.621119555,1.396961146,0.016198351
10/31/2007,0.01904765,0.0625,0.00015625,0.329903258,-0.045167575,0.080551425,0.036763299,0.028454313,0.045167575,1.01904765,5941.717901,5941.717901,0,0,0.003212,0.562325696,0.017286638,0.001761012,0.580033162,1.397068838,0.014797372
11/30/2007,-0.051751625,0.15,0.000375,0.229426586,-0.051751625,0.080551425,0.042855629,0.048130397,0.051751625,0.948248375,5634.224345,5941.717901,-307.4935567,-0.051751625,0.003395,0.333340885,-0.04144765,-0.010303975,0.493409212,1.347513468,0.010601403
12/31/2007,0.01545735,0.15,0.000375,0.267158646,-0.051751625,0.080551425,0.041611551,0.048130397,0.051751625,1.01545735,5721.314522,5941.717901,-220.403379,-0.037094218,0.002921,0.406094317,-0.006183375,0.021640725,0.792493447,1.331887731,0.012687417
1/31/2008,-0.10004175,0.0875,0.00021875,0.096944354,-0.10004175,0.080551425,0.053637117,0.073482181,0.10004175,0.89995825,5148.944205,5941.717901,-792.7736961,-0.133424997,0.00243,0.101032145,-0.061253461,-0.038788289,0.418791894,1.432884012,0.003781934
2/29/2008,0.019809075,0.05,0.000125,0.096443685,-0.10004175,0.080551425,0.053628445,0.073482181,0.10004175,1.019809075,5250.940027,5941.717901,-690.7778742,-0.116258948,0.001325,0.104228269,-0.031502105,0.05131118,0.433131155,1.326921071,0.004212459
3/31/2008,-0.031002525,0.075,0.0001875,0.025708663,-0.10004175,0.080551425,0.054062009,0.073482181,0.10004175,0.968997475,5088.147628,5941.717901,-853.5702736,-0.143657152,0.001869,0.004068014,-0.003484335,-0.02751819,0.250755614,1.356647515,0.000162109
4/30/2008,0.084261975,0.05,0.000125,0.045776966,-0.10004175,0.084261975,0.056442115,0.073482181,0.10004175,1.084261975,5516.884996,5941.717901,-424.8329055,-0.071500013,0.001025,0.039522682,0.048554311,0.035707664,0.288082479,1.370120048,0.001628137
5/30/2008,0.0520884,0.125,0.0003125,0.027370994,-0.10004175,0.084261975,0.054681264,0.073482181,0.10004175,1.0520884,5804.250708,5941.717901,-137.467193,-0.023135934,0.000946,0.016794486,0.012918499,0.039169901,0.293214084,1.380795052,0.000665083
6/30/2008,-0.055560825,0.075,0.0001875,-0.024313332,-0.10004175,0.084261975,0.057288436,0.075577241,0.10004175,0.944439175,5481.76175,5941.717901,-459.9561509,-0.077411307,0.00175,-0.053589858,-0.082933754,0.027372929,0.33339216,1.230086431,-0.002495824
7/31/2008,-0.142717225,0.1125,0.00028125,-0.123993538,-0.142717225,0.084261975,0.06976049,0.119245714,0.142717225,0.857282775,4699.419925,5941.717901,-1242.297976,-0.209080605,0.00144,-0.157525413,-0.007419733,-0.135297492,-0.001611306,1.276340244,-0.008609812
8/29/2008,-0.009435175,0.075,0.0001875,-0.137309413,-0.142717225,0.084261975,0.06961062,0.119245714,0.142717225,0.990564825,4655.080076,5941.717901,-1286.637825,-0.216543068,0.001282,-0.172669116,0.014901244,-0.024336419,-0.025853149,1.273045353,-0.009441615
9/30/2008,-0.180057275,0.075,0.0001875,-0.345374172,-0.180057275,0.084261975,0.078851353,0.159520248,0.180057275,0.819942725,3816.899042,5941.717901,-2124.818859,-0.357610189,0.00153,-0.425935355,-0.085592725,-0.09446455,-0.227517821,1.43893189,-0.023340632
10/31/2008,-0.21024595,0.1125,0.00028125,-0.492670045,-0.21024595,0.084261975,0.092113549,0.193642179,0.21024595,0.78975405,3014.411477,5941.717901,-2927.306424,-0.492670045,0.000792,-0.569858759,-0.167121367,-0.043124583,-0.291697794,1.359985289,-0.038597265
11/28/2008,-0.1259479,0.125,0.0003125,-0.532366388,-0.21024595,0.084261975,0.094641193,0.193642179,0.21024595,0.8740521,2634.752682,5941.717901,-3306.965219,-0.556567187,0.000228,-0.617181766,-0.073635611,-0.052312289,-0.348061023,1.370953721,-0.042605974
12/31/2008,-0.006235175,0.0875,0.00021875,-0.542356127,-0.21024595,0.084261975,0.093330544,0.193642179,0.21024595,0.993764825,2618.324538,5941.717901,-3323.393363,-0.559332068,0.000029,-0.64263559,0.011912168,-0.018147343,-0.416393818,1.364849924,-0.043944413
1/30/2009,-0.050081275,0.1,0.00025,-0.516950387,-0.21024595,0.084261975,0.092431464,0.193642179,0.21024595,0.949918725,2487.195507,5941.717901,-3454.522395,-0.58140128,0.000023,-0.601673613,-0.082734921,0.032653646,-0.29978809,1.276020978,-0.043583588
2/27/2009,-0.108775675,0.125,0.0003125,-0.577856703,-0.21024595,0.084261975,0.090454117,0.193642179,0.21024595,0.891224325,2216.649137,5941.717901,-3725.068765,-0.626934639,0.000147,-0.732203293,-0.103690425,-0.00508525,-0.408206923,1.255231156,-0.052763829
3/31/2009,0.064112825,0.1,0.00025,-0.536419745,-0.21024595,0.084261975,0.097617339,0.193642179,0.21024595,1.064112825,2358.764775,5941.717901,-3582.953126,-0.603016364,0.000159,-0.595816518,0.087545913,-0.023433088,-0.402102948,1.203916923,-0.048310661
4/30/2009,0.1594532,0.125,0.0003125,-0.504271456,-0.21024595,0.1594532,0.109255353,0.193642179,0.21024595,1.1594532,2734.877366,5941.717901,-3206.840535,-0.539716053,0.000125,-0.474311656,0.094107322,0.065345878,-0.335272736,1.252725298,-0.041366681
5/29/2009,0.09921745,0.1125,0.00028125,-0.482064942,-0.21024595,0.1594532,0.114044663,0.193642179,0.21024595,1.09921745,3006.224924,5941.717901,-2935.492977,-0.494047854,0.000017,-0.419276527,0.054558105,0.044659345,-0.32436378,1.268629826,-0.037691255
6/30/2009,0.00399695,0.1,0.00025,-0.449403168,-0.21024595,0.1594532,0.11493967,0.193642179,0.21024595,1.00399695,3018.240655,5941.717901,-2923.477246,-0.492025588,0.000075,-0.371616856,0.002403792,0.001593158,-0.370287456,1.268805997,-0.033664342
7/31/2009,0.0922298,0.075,0.0001875,-0.298506531,-0.21024595,0.1594532,0.116268654,0.193642179,0.21024595,1.0922298,3296.612387,5941.717901,-2645.105514,-0.44517521,0.000119,-0.198028582,0.074413529,0.017816271,-0.184786369,1.271349502,-0.018110297
8/31/2009,0.01346655,0.1,0.00025,-0.282288096,-0.21024595,0.1594532,0.116692425,0.193642179,0.21024595,1.01346655,3341.006383,5941.717901,-2600.711519,-0.437703634,0.000116,-0.180121999,0.03468832,-0.02122177,-0.179338526,1.263725679,-0.016632465
9/30/2009,0.0823866,0.1,0.00025,-0.05256584,-0.21024595,0.1594532,0.108418852,0.163882023,0.21024595,1.0823866,3616.260539,5941.717901,-2325.457362,-0.391377948,0.000079,0.008968612,0.036460774,0.045925826,0.099023673,1.283654113,0.000757499
10/30/2009,-0.053177475,0.025,6.25E-05,0.135862493,-0.1259479,0.1594532,0.088170444,0.116503176,0.1259479,0.946822525,3423.956935,5941.717901,-2517.760967,-0.423742932,0.00004,0.160190561,-0.018324359,-0.034853116,0.120144656,1.288060038,0.010965384
11/30/2009,0.07325785,0.125,0.0003125,0.39473761,-0.108775675,0.1594532,0.077486434,0.078196665,0.108775675,1.07325785,3674.788658,5941.717901,-2266.929243,-0.381527578,0.000004,0.396756146,0.060205096,0.013052754,0.307145312,1.284719981,0.023929899
12/31/2009,0.067990675,0.125,0.0003125,0.498912745,-0.108775675,0.1594532,0.077221598,0.078196665,0.108775675,1.067990675,3924.64002,5941.717901,-2017.077882,-0.339477221,0.000062,0.478181715,0.018921742,0.049068933,0.473843322,1.297865095,0.028451305
1/29/2010,-0.071935275,0.1125,0.00028125,0.46442849,-0.108775675,0.1594532,0.079680701,0.088513455,0.108775675,0.928064725,3642.319961,5941.717901,-2299.397941,-0.386992109,0.000028,0.440563052,-0.035810459,-0.036124816,0.275860325,1.303008888,0.026941008
2/26/2010,0.04771925,0.125,0.0003125,0.721575451,-0.071935275,0.1594532,0.065526267,0.061618485,0.071935275,1.04771925,3816.128737,5941.717901,-2125.589164,-0.357739832,0.00001,0.734927164,0.030375365,0.017343885,0.331331214,1.310925272,0.036735148
3/31/2010,0.07775705,0.1125,0.00028125,0.743649767,-0.071935275,0.1594532,0.065944034,0.061618485,0.071935275,1.07775705,4112.85965,5941.717901,-1828.858251,-0.307799576,0.000068,0.747628446,0.060928165,0.016828885,0.450051646,1.307026701,0.03772045
4/30/2010,0.010828025,0.1375,0.00034375,0.520139019,-0.071935275,0.09921745,0.056696353,0.061618485,0.071935275,1.010828025,4157.393797,5941.717901,-1784.324104,-0.300304413,0.000111,0.651141899,0.015915976,-0.005087951,0.307610271,1.303218124,0.028327853
5/28/2010,-0.064891375,0.1,0.00025,0.293188266,-0.071935275,0.0922298,0.060014083,0.06806113,0.071935275,0.935108625,3887.614798,5941.717901,-2054.103104,-0.345708621,0.000112,0.387137777,-0.080163706,0.015272331,0.241639779,1.270332238,0.018289482
6/30/2010,-0.079406,0.1,0.00025,0.185761927,-0.079406,0.0922298,0.066888804,0.075297101,0.079406,0.920594,3578.914857,5941.717901,-2362.803044,-0.397663283,0.000127,0.243376149,-0.05358648,-0.02581952,0.149951788,1.276010781,0.012757839
7/30/2010,0.07867745,0.1625,0.00040625,0.171049034,-0.079406,0.0823866,0.065593066,0.075297101,0.079406,1.07867745,3860.494752,5941.717901,-2081.22315,-0.350272966,0.000142,0.230936918,0.070394502,0.008282948,0.123731439,1.268834949,0.011938401
8/31/2010,-0.030821975,0.125,0.0003125,0.119874149,-0.079406,0.0823866,0.066933163,0.075297101,0.079406,0.969178025,3741.506679,5941.717901,-2200.211222,-0.370298836,0.000126,0.171160545,-0.04549788,0.014675905,0.235714739,1.262320203,0.009075603
9/30/2010,0.10863985,0.1125,0.00028125,0.147036658,-0.079406,0.10863985,0.069826182,0.075297101,0.079406,1.10863985,4147.983403,5941.717901,-1793.734498,-0.301888196,0.000125,0.195345841,0.090326138,0.018313712,0.168194683,1.248388013,0.010926294
10/29/2010,0.0466949,0.1,0.00025,0.268027944,-0.079406,0.10863985,0.067023435,0.075297101,0.079406,1.0466949,4341.673073,5941.717901,-1600.044828,-0.269289935,0.000112,0.327601117,0.038673576,0.008021324,0.354777631,1.248403212,0.017588029
11/30/2010,0.040407225,0.1,0.00025,0.229215733,-0.079406,0.10863985,0.065392432,0.075297101,0.079406,1.040407225,4517.108034,5941.717901,-1424.609867,-0.239763969,0.000114,0.293768448,-0.000109087,0.040516312,0.421622669,1.249246897,0.015377451
12/31/2010,0.055201925,0.1375,0.00034375,0.214496379,-0.079406,0.10863985,0.064626575,0.075297101,0.079406,1.055201925,4766.461093,5941.717901,-1175.256808,-0.197797477,0.00014,0.2806586,0.066997018,-0.011795093,0.236787836,1.236466345,0.014669226
1/31/2011,0.032772725,0.125,0.0003125,0.351520752,-0.079406,0.10863985,0.058081968,0.071422956,0.079406,1.032772725,4922.671012,5941.717901,-1019.046889,-0.171507114,0.000066,0.462458573,0.023289437,0.009483288,0.524073184,1.226455392,0.021900922
2/28/2011,0.0286008,0.15,0.000375,0.326858628,-0.079406,0.10863985,0.057722014,0.071422956,0.079406,1.0286008,5063.463341,5941.717901,-878.2545604,-0.147811555,0.000122,0.437579442,0.03246051,-0.00385971,0.41587616,1.239210871,0.020382299
3/31/2011,0.013016675,0.075,0.0001875,0.247154835,-0.079406,0.10863985,0.055357752,0.071422956,0.079406,1.013016675,5129.372798,5941.717901,-812.3451037,-0.136718895,0.000067,0.358811876,0.000574349,0.012442326,0.398658155,1.237502632,0.01605089
4/29/2011,0.01438535,0.075,0.0001875,0.251543845,-0.079406,0.10863985,0.055313814,0.071422956,0.079406,1.01438535,5203.160621,5941.717901,-738.5572807,-0.124300294,0.000053,0.364543583,0.029393751,-0.015008401,0.332594646,1.22522753,0.016457593
5/31/2011,-0.00904175,0.1,0.00025,0.326292653,-0.079406,0.10863985,0.04954542,0.052684786,0.079406,0.99095825,5156.114943,5941.717901,-785.6029583,-0.132218152,0.000013,0.501089324,-0.011359458,0.002317708,0.27511275,1.221631228,0.020322566
6/30/2011,-0.018245225,0.075,0.0001875,0.414406508,-0.030821975,0.10863985,0.040078275,0.023904763,0.030821975,0.981754775,5062.040466,5941.717901,-879.6774355,-0.148051027,0.000035,0.746815557,-0.016585472,-0.001659753,0.461023693,1.25382659,0.023871785
7/29/2011,-0.022141725,0.1125,0.00028125,0.282208234,-0.030821975,0.10863985,0.039515257,0.026047837,0.030821975,0.977858275,4949.958158,5941.717901,-991.7597434,-0.166914647,-0.000028,0.545198223,-0.019891832,-0.002249893,0.395825496,1.240838602,0.017362168
8/31/2011,-0.07192675,0.0625,0.00015625,0.227827223,-0.07192675,0.10863985,0.045762471,0.044544986,0.07192675,0.92807325,4593.923755,5941.717901,-1347.794146,-0.226835769,0.000083,0.395997699,-0.054393754,-0.017532996,0.201525463,1.245085065,0.014554695
9/30/2011,-0.13244775,0.2,0.0005,-0.039179162,-0.13244775,0.055201925,0.0545282,0.0991612,0.13244775,0.86755225,3985.46889,5941.717901,-1956.249011,-0.329239631,-0.000001,-0.035913527,-0.070322081,-0.062125669,-0.143575353,1.22025436,-0.001604829
10/31/2011,0.138425775,0.0875,0.00021875,0.045025831,-0.13244775,0.138425775,0.066969497,0.0991612,0.13244775,1.138425775,4537.16051,5941.717901,-1404.557392,-0.236389107,0.000014,0.08502537,0.108941683,0.029484092,-0.064738166,1.212629473,0.004695669
11/30/2011,-0.0119727,0.1,0.00025,-0.007586621,-0.13244775,0.138425775,0.066207968,0.0991612,0.13244775,0.9880273,4482.838448,5941.717901,-1458.879453,-0.245531592,0.000004,0.020213264,-0.002777682,-0.009195018,-0.263289778,1.182587315,0.001131654
12/30/2011,-0.03063515,0.125,0.0003125,-0.088316062,-0.13244775,0.138425775,0.064479439,0.0991612,0.13244775,0.96936485,4345.50602,5941.717901,-1596.211881,-0.268644844,0,-0.089999911,0.009369314,-0.040004464,-0.337716447,1.183771848,-0.004902248
1/31/2012,0.0971762,0.0375,0.00009375,-0.031463657,-0.13244775,0.138425775,0.07038852,0.0991612,0.13244775,1.0971762,4767.785782,5941.717901,-1173.932119,-0.19757453,-0.000002,-0.00611635,0.045133156,0.052043044,-0.156272304,1.244083214,-0.000346055
2/29/2012,0.0441912,0.1,0.00025,-0.016783648,-0.13244775,0.138425775,0.071112632,0.0991612,0.13244775,1.0441912,4978.479957,5941.717901,-963.2379444,-0.162114385,0.000031,0.012322178,0.043286235,0.000904965,-0.142611588,1.270744627,0.000689566
3/30/2012,0.02035395,0.025,6.25E-05,-0.009662216,-0.13244775,0.138425775,0.071257693,0.0991612,0.13244775,1.02035395,5079.811689,5941.717901,-861.9062122,-0.145060103,0.000046,0.020902334,0.032804529,-0.012450579,-0.215745242,1.308803597,0.001138026
4/30/2012,0.008297875,0.15,0.000375,-0.015605378,-0.13244775,0.138425775,0.071179326,0.0991612,0.13244775,1.008297875,5121.963331,5941.717901,-819.7545698,-0.137965919,0.000029,0.013826522,-0.006081022,0.014378897,-0.129819618,1.263049126,0.000779196
5/31/2012,-0.087821,0.025,0.0000625,-0.093862833,-0.13244775,0.138425775,0.075680584,0.107903038,0.13244775,0.912179,4672.14739,5941.717901,-1269.570512,-0.213670614,0.000065,-0.073798431,-0.059857882,-0.027963118,-0.210070914,1.257414527,-0.00444174
6/29/2012,0.019171175,0.0625,0.00015625,-0.059328352,-0.13244775,0.138425775,0.075881047,0.107903038,0.13244775,1.019171175,4761.717945,5941.717901,-1179.999956,-0.198595756,0.000022,-0.032498124,0.0414212,-0.022250025,-0.264170559,1.246250428,-0.001978729
7/31/2012,-0.00018495,0.2,0.0005,-0.038206564,-0.13244775,0.138425775,0.075627195,0.107903038,0.13244775,0.99981505,4760.837265,5941.717901,-1180.880636,-0.198743975,0.000032,-0.00847923,0.014314332,-0.014499282,-0.297620626,1.244235455,-0.000515385
8/31/2012,0.026247125,0.1375,0.00034375,0.063534315,-0.13244775,0.138425775,0.072455065,0.107903038,0.13244775,1.026247125,4885.795556,5941.717901,-1055.922345,-0.177713308,0.00005,0.104101015,0.022694296,0.003552829,-0.239552969,1.253051526,0.006019422
9/28/2012,0.0278324,0.125,0.0003125,0.260022123,-0.087821,0.138425775,0.057534896,0.056368782,0.087821,1.0278324,5021.778972,5941.717901,-919.938929,-0.154827096,0.000067,0.363147579,0.025078072,0.002754328,-0.076309672,1.239055581,0.016862567
10/31/2012,-0.01439185,0.2125,0.00053125,0.090881901,-0.087821,0.0971762,0.04462693,0.056368782,0.087821,0.98560815,4949.506283,5941.717901,-992.2116187,-0.166990698,0.000037,0.182780656,-0.017896417,0.003504567,-0.174566673,1.222989587,0.006669672
11/30/2012,0.02322015,0.1375,0.00034375,0.129738361,-0.087821,0.0971762,0.044336978,0.056368782,0.087821,1.02322015,5064.434561,5941.717901,-877.2833404,-0.147648097,0.000085,0.249970287,0.00527967,0.01794048,-0.075883553,1.220657429,0.009079474
12/31/2012,0.01817135,0.125,0.0003125,0.186619498,-0.087821,0.0971762,0.042352447,0.047434967,0.087821,1.01817135,5156.462174,5941.717901,-785.2557274,-0.132159712,0.000103,0.357513042,0.008460534,0.009710816,0.108601841,1.214157411,0.012470831
1/31/2013,0.0735316,0.1625,0.00040625,0.161047358,-0.087821,0.0735316,0.038572693,0.047434967,0.087821,1.0735316,5535.625088,5941.717901,-406.0928135,-0.068346027,0.000022,0.341411702,0.052306,0.0212256,-0.016821199,1.203216109,0.010944974
2/28/2013,-0.01412775,0.15,0.000375,0.096201894,-0.087821,0.0735316,0.037984966,0.047434967,0.087821,0.98587225,5457.41916,5941.717901,-484.2987408,-0.081508202,0.000054,0.218700722,0.012972678,-0.027100428,-0.147834881,1.199152465,0.006927676
3/28/2013,0.02462775,0.125,0.0003125,0.100793387,-0.087821,0.0735316,0.038127431,0.047434967,0.087821,1.02462775,5591.823115,5941.717901,-349.8947861,-0.058887815,0.000041,0.227235508,0.037539861,-0.012912111,-0.149817633,1.186605739,0.007301419
4/30/2013,0.0106853,0.0625,0.00015625,0.103399821,-0.087821,0.0735316,0.038131289,0.047434967,0.087821,1.0106853,5651.573423,5941.717901,-290.1444785,-0.048831749,0.000037,0.232412593,0.0195728,-0.0088875,-0.271979112,1.185706695,0.007474185
5/31/2013,0.039204175,0.125,0.0003125,0.257053386,-0.01439185,0.0735316,0.023758839,0.014246595,0.01439185,1.039204175,5873.138696,5941.717901,-68.57920506,-0.011541983,0.000012,0.818728529,0.023061018,0.016143157,-0.056147796,1.241866578,0.01566355
6/28/2013,-0.015657375,0.175,0.0004375,0.214095591,-0.015657375,0.0735316,0.025838793,0.014961336,0.015657375,0.984342625,5781.180761,5941.717901,-160.53714,-0.027018641,0.000013,0.640525671,-0.01364622,-0.002011155,0.053751167,1.227765393,0.013480108
7/31/2013,0.058065725,0.125,0.0003125,0.284830561,-0.015657375,0.0735316,0.027796982,0.014961336,0.015657375,1.058065725,6116.869213,6116.869213,0,0,0.000009,0.770103393,0.050622297,0.007443428,0.188384661,1.231815043,0.017378055
8/30/2013,-0.025048925,0.175,0.0004375,0.220609448,-0.025048925,0.0735316,0.030776809,0.019883572,0.025048925,0.974951075,5963.648215,6116.869213,-153.2209982,-0.025048925,0.000009,0.556759992,-0.029249128,0.004200203,0.192200436,1.253420762,0.013670825
9/30/2013,0.068119775,0.15,0.000375,0.268452997,-0.025048925,0.0735316,0.034066487,0.019883572,0.025048925,1.068119775,6369.89059,6369.89059,0,0,0.000008,0.60169085,0.03161592,0.036503855,0.322867579,1.267563313,0.016170785
10/31/2013,0.040557225,0.1125,0.00028125,0.33917108,-0.025048925,0.0735316,0.032606961,0.019883572,0.025048925,1.040557225,6628.235676,6628.235676,0,0,0.000017,0.769107247,0.046220349,-0.005663124,0.273020511,1.256375535,0.019960791
11/29/2013,0.037668625,0.225,0.0005625,0.35808097,-0.025048925,0.0735316,0.032796943,0.019883572,0.025048925,1.037668625,6877.9122,6877.9122,0,0,0.000032,0.801498674,0.030770749,0.006897876,0.226043823,1.271487998,0.020673971
12/31/2013,0.026272225,0.1,0.00025,0.368886267,-0.025048925,0.0735316,0.032697268,0.019883572,0.025048925,1.026272225,7058.610257,7058.610257,0,0,0.000023,0.824792026,0.025909344,0.000362881,0.180544224,1.302381048,0.020707032
1/31/2014,-0.0208113,0.225,0.0005625,0.24858734,-0.025048925,0.068119775,0.031820008,0.022718231,0.025048925,0.9791887,6911.711401,7058.610257,-146.8988556,-0.0208113,0.000012,0.600482914,-0.034727263,0.013915963,0.149473208,1.269896995,0.015046394
2/28/2014,0.070101475,0.075,0.0001875,0.355261956,-0.025048925,0.070101475,0.033081862,0.022718231,0.025048925,1.070101475,7396.232565,7396.232565,0,0,0.000045,0.789774866,0.045714381,0.024387094,0.46880474,1.285627815,0.02032254
3/31/2014,-0.010955725,0.15,0.000375,0.308196151,-0.025048925,0.070101475,0.034781678,0.022718231,0.025048925,0.989044275,7315.201475,7396.232565,-81.03109002,-0.010955725,0.000028,0.665954539,0.007999402,-0.018955127,0.409593753,1.291156256,0.017939747
4/30/2014,-0.01563865,0.15,0.000375,0.274123339,-0.025048925,0.070101475,0.03643253,0.022718231,0.025048925,0.98436135,7200.801599,7396.232565,-195.4309656,-0.026423042,0.000015,0.575617106,0.006493574,-0.022132224,0.304422764,1.300971205,0.01611964
5/30/2014,0.046502325,0.275,0.0006875,0.283071285,-0.025048925,0.070101475,0.036823052,0.022718231,0.025048925,1.046502325,7535.655616,7535.655616,0,0,0.000008,0.586037785,0.02327085,0.023231475,0.329073659,1.311569729,0.016453338
6/30/2014,0.0264621,0.175,0.0004375,0.337973194,-0.025048925,0.070101475,0.034906593,0.022718231,0.025048925,1.0264621,7735.064888,7735.064888,0,0,0.00002,0.718748841,0.020578469,0.005883631,0.370833185,1.317538034,0.01904239
7/31/2014,-0.0198196,0.0875,0.00021875,0.239483587,-0.025048925,0.070101475,0.035457945,0.022718231,0.025048925,0.9801804,7581.758996,7735.064888,-153.3058921,-0.0198196,0.000013,0.524517018,-0.014022113,-0.005797487,0.300212677,1.32215455,0.014066658
8/29/2014,0.04900275,0.125,0.0003125,0.33362763,-0.0208113,0.070101475,0.033560619,0.020265865,0.0208113,1.04900275,7953.286037,7953.286037,0,0,0.000003,0.738060555,0.039741341,0.009261409,0.323766098,1.331132043,0.018608048
9/30/2014,-0.0306515,0.1375,0.00034375,0.210304287,-0.0306515,0.070101475,0.034075407,0.02523939,0.0306515,0.9693485,7709.50589,7953.286037,-243.780147,-0.0306515,0.000004,0.485369471,-0.013972232,-0.016679268,0.078680874,1.247082951,0.013262279
10/31/2014,0.038529975,0.1625,0.00040625,0.20794633,-0.0306515,0.070101475,0.033950402,0.02523939,0.0306515,1.038529975,8006.552959,8006.552959,0,0,0.000012,0.482192867,0.023919591,0.014610384,0.183775554,1.230931461,0.013299393
11/28/2014,0.0203576,0.125,0.0003125,0.187794628,-0.0306515,0.070101475,0.03332603,0.02523939,0.0306515,1.0203576,8169.547162,8169.547162,0,0,-0.000001,0.448022347,0.027576936,-0.007219336,0.108256683,1.220636468,0.012231984
12/31/2014,-0.004362425,0.175,0.0004375,0.152338467,-0.0306515,0.070101475,0.033552118,0.02523939,0.0306515,0.995637575,8133.908125,8169.547162,-35.63903678,-0.004362425,0.000005,0.368960877,-0.002518711,-0.001843714,0.096631155,1.209056295,0.01023891
1/30/2015,-0.0080868,0.1875,0.00046875,0.167313038,-0.0306515,0.070101475,0.032594746,0.024693955,0.0306515,0.9919132,8068.130837,8169.547162,-101.416325,-0.012413947,0.000013,0.412327506,-0.029498415,0.021411615,0.130141708,1.106197154,0.012149471
2/27/2015,0.054579525,0.15,0.000375,0.150381023,-0.0306515,0.054579525,0.030374736,0.024693955,0.0306515,1.054579525,8508.485585,8508.485585,0,0,-0.000021,0.400059926,0.056926653,-0.002347128,-0.003148886,1.096814496,0.011079097
3/31/2015,-0.006279125,0.175,0.0004375,0.155820488,-0.0306515,0.054579525,0.030079762,0.024693955,0.0306515,0.993720875,8455.059741,8508.485585,-53.42584455,-0.006279125,-0.000008,0.417038916,-0.015038271,0.008759146,0.159551811,1.097890979,0.011425935
4/30/2015,-0.007101225,0.1375,0.00034375,0.165844989,-0.0306515,0.054579525,0.029446739,0.024693955,0.0306515,0.992898775,8395.018459,8508.485585,-113.4671262,-0.013335761,0.000029,0.45012511,0.009046766,-0.016147991,0.207263831,1.11125839,0.011927664
5/29/2015,0.039986525,0.125,0.0003125,0.15858613,-0.0306515,0.054579525,0.028831717,0.024693955,0.0306515,1.039986525,8730.706075,8730.706075,0,0,-0.000005,0.440931662,0.012481927,0.027504598,0.223289754,1.03126004,0.01232746
6/30/2015,-0.0068532,0.125,0.0003125,0.120982555,-0.0306515,0.054579525,0.028991528,0.024693955,0.0306515,0.9931468,8670.8728,8730.706075,-59.83327487,-0.0068532,0.000004,0.342785483,-0.019391928,0.012538728,0.25839936,1.048124618,0.009481578
7/31/2015,0.029178675,0.175,0.0004375,0.177019394,-0.0306515,0.054579525,0.027846716,0.018240915,0.0306515,1.029178675,8923.877379,8923.877379,0,0,-0.000037,0.503658354,0.021224227,0.007954448,0.345917775,1.049952739,0.013357964
8/31/2015,-0.0521894,0.125,0.0003125,0.063478106,-0.0521894,0.054579525,0.031388231,0.040343555,0.0521894,0.9478106,8458.145573,8923.877379,-465.7318061,-0.0521894,0.000027,0.178109817,-0.060115052,0.007925652,0.33873795,1.03062533,0.005424427
9/30/2015,-0.048242775,0.1,0.00025,0.044178612,-0.0521894,0.054579525,0.033569804,0.050018756,0.0521894,0.951757225,8050.101159,8923.877379,-873.7762199,-0.097914414,-0.000006,0.122891568,-0.024602176,-0.023640599,0.27559614,1.065705848,0.003871092
10/30/2015,0.072321225,0.1625,0.00040625,0.078153655,-0.0521894,0.072321225,0.037861014,0.050018756,0.0521894,1.072321225,8632.294336,8923.877379,-291.5830427,-0.032674479,-0.000027,0.183424389,0.083395168,-0.011073943,0.130869332,1.024542722,0.006778276
11/30/2015,-0.012081575,0.1875,0.00046875,0.04387703,-0.0521894,0.072321225,0.037974,0.050018756,0.0521894,0.987918425,8528.002625,8923.877379,-395.8747541,-0.044361295,0.00002,0.111645304,0.003328721,-0.015410296,0.082480811,1.033565729,0.004101934
12/31/2015,-0.00073885,0.125,0.0003125,0.04767617,-0.0521894,0.072321225,0.037913743,0.050018756,0.0521894,0.99926115,8521.70171,8923.877379,-402.1756689,-0.045067368,0.000103,0.119571858,-0.015314632,0.014575782,0.164858925,1.023349938,0.004429977
1/29/2016,-0.09009975,0.2125,0.00053125,-0.038947351,-0.09009975,0.072321225,0.046757483,0.069249058,0.09009975,0.90990025,7753.898517,8923.877379,-1169.978863,-0.13110656,0.000037,-0.049254059,-0.049178891,-0.040920859,-0.130515412,1.071875694,-0.002148566
2/29/2016,0.011509675,0.15,0.000375,-0.07819749,-0.09009975,0.072321225,0.043537133,0.069249058,0.09009975,1.011509675,7843.143368,8923.877379,-1080.734011,-0.121105879,0.000205,-0.135768778,-0.00179671,0.013306385,-0.061356356,1.070903236,-0.005519624
3/31/2016,0.064565,0.1625,0.00040625,-0.012480553,-0.09009975,0.072321225,0.048048036,0.069249058,0.09009975,1.064565,8349.53592,8923.877379,-574.341459,-0.06436008,0.00019,-0.000495468,0.067292431,-0.002727431,-0.110924811,1.070079345,-2.22E-05
4/29/2016,0.022448075,0.1125,0.00028125,0.016908655,-0.09009975,0.072321225,0.048405695,0.069249058,0.09009975,1.022448075,8536.966929,8923.877379,-386.9104505,-0.043356765,0.000051,0.050341228,0.00367976,0.018768315,0.036770064,1.070734421,0.002275823
5/31/2016,0.02408345,0.1625,0.00040625,0.001358478,-0.09009975,0.072321225,0.047494721,0.069249058,0.09009975,1.02408345,8742.566545,8923.877379,-181.3108343,-0.020317495,0.000115,0.023193016,0.018444069,0.005639381,-0.059819235,1.066711726,0.001032656
6/30/2016,-0.01672005,0.1,0.00025,-0.008589955,-0.09009975,0.072321225,0.047730849,0.069249058,0.09009975,0.98327995,8596.390395,8923.877379,-327.4869841,-0.036697835,0.000188,0.00553049,0.002609739,-0.019329789,-0.203998939,1.068984781,0.00024694
7/29/2016,0.05368115,0.1375,0.00034375,0.015013332,-0.09009975,0.072321225,0.049565696,0.069249058,0.09009975,1.05368115,9057.854517,9057.854517,0,0,0.000171,0.046171339,0.036516217,0.017164933,-0.156122979,1.076194233,0.002126488
8/31/2016,-0.0112774,0.125,0.0003125,0.058826121,-0.09009975,0.072321225,0.046801054,0.067078414,0.09009975,0.9887226,8955.705469,9057.854517,-102.1490485,-0.0112774,0.000165,0.121500423,0.001200178,-0.012477578,-0.247258477,1.085534948,0.005238291
9/30/2016,0.008636075,0.125,0.0003125,0.122103615,-0.09009975,0.072321225,0.04360253,0.049740915,0.09009975,1.008636075,9033.047613,9057.854517,-24.80690443,-0.002738717,0.000219,0.238690328,0.000398225,0.00823785,-0.110797055,1.062004631,0.009799865
10/31/2016,-0.0268696,0.1625,0.00040625,0.018307867,-0.09009975,0.064565,0.040082998,0.055323168,0.09009975,0.9731304,8790.333237,9057.854517,-267.5212806,-0.029534729,0.000168,0.053023728,-0.017999281,-0.008870319,-0.101219243,1.079093332,0.00196957
11/30/2016,0.061500475,0.15,0.000375,0.094153381,-0.09009975,0.064565,0.04319667,0.055323168,0.09009975,1.061500475,9330.942906,9330.942906,0,0,0.000136,0.190929551,0.035727236,0.025773239,0.083024176,1.095135256,0.007531052
12/30/2016,0.016502925,0.2125,0.00053125,0.113032476,-0.09009975,0.064565,0.043152031,0.055323168,0.09009975,1.016502925,9484.930757,9484.930757,0,0,0.000239,0.22416099,0.019165599,-0.002662674,0.008431907,1.09501032,0.008833709
1/31/2017,0.05309725,0.1,0.00025,0.288197734,-0.0268696,0.064565,0.0311308,0.021287348,0.0268696,1.05309725,9988.554497,9988.554497,0,0,0.000358,0.693182815,0.01933128,0.03376597,0.395696747,1.128426061,0.019123393
2/28/2017,0.024893275,0.15,0.000375,0.30524228,-0.0268696,0.064565,0.030969387,0.021287348,0.0268696,1.024893275,10237.20233,10237.20233,0,0,0.000364,0.732380821,0.039413845,-0.01452057,0.238755886,1.08737252,0.020858891
3/31/2017,0.0156731,0.1375,0.00034375,0.24529688,-0.0268696,0.061500475,0.028066598,0.021287348,0.0268696,1.0156731,10397.65103,10397.65103,0,0,0.000353,0.662477043,0.001626415,0.014046685,0.319383853,1.083887366,0.017154437
4/28/2017,0.013287475,0.1375,0.00034375,0.234139671,-0.0268696,0.061500475,0.028083049,0.021287348,0.0268696,1.013287475,10535.80955,10535.80955,0,0,0.000537,0.633463752,0.010549642,0.002737833,0.248762454,1.082224591,0.016437987
5/31/2017,0.044422525,0.075,0.0001875,0.258650622,-0.0268696,0.061500475,0.029077089,0.021287348,0.0268696,1.044422525,11003.83682,11003.83682,0,0,0.000614,0.668668506,0.014498953,0.029923572,0.338062122,1.077940246,0.018037116
6/30/2017,-0.003131425,0.225,0.0005625,0.276044784,-0.0268696,0.061500475,0.027763198,0.01829389,0.0268696,0.996868575,10969.37913,11003.83682,-34.45768971,-0.003131425,0.000617,0.739812787,0.005746835,-0.00887826,0.411145476,1.077852737,0.019056006
7/31/2017,0.028957075,0.175,0.0004375,0.246103063,-0.0268696,0.061500475,0.02596595,0.01829389,0.0268696,1.028957075,11287.02026,11287.02026,0,0,0.000722,0.709903251,0.020653408,0.008303667,0.374241868,1.074836103,0.017149882
8/31/2017,0.023638325,0.125,0.0003125,0.290107916,-0.0268696,0.061500475,0.024183333,0.013813604,0.0268696,1.023638325,11553.82652,11553.82652,0,0,0.000827,0.880266989,0.002191796,0.021446529,0.562807992,1.066490535,0.019960599
9/29/2017,0.01724985,0.05,0.000125,0.301125467,-0.0268696,0.061500475,0.023885763,0.013813604,0.0268696,1.01724985,11753.12829,11753.12829,0,0,0.000944,0.918755991,0.019991004,-0.002741154,0.495259429,1.049447885,0.020911174
10/31/2017,0.032050525,0.075,0.0001875,0.379904708,-0.003131425,0.061500475,0.018210961,-0.00589897,0.003131425,1.032050525,12129.82222,12129.82222,0,0,0.00084,1.471597101,0.024068694,0.007981831,0.613078757,1.045922468,0.025622547
11/30/2017,0.015243775,0.1,0.00025,0.319772999,-0.003131425,0.05309725,0.014922762,-0.00589897,0.003131425,1.015243775,12314.7265,12314.7265,0,0,0.000826,1.533695476,0.031344186,-0.016100411,0.373096917,1.037497636,0.022059783
12/29/2017,-0.006141475,0.125,0.0003125,0.290372722,-0.006141475,0.05309725,0.017151913,0.004485948,0.006141475,0.993858525,12239.09592,12314.7265,-75.63058495,-0.006141475,0.000884,1.221215971,0.011110657,-0.017252132,0.278310756,1.034542991,0.020246804
1/31/2018,0.0985263,0.05,0.000125,0.346037483,-0.006141475,0.0985263,0.026950055,0.004485948,0.006141475,1.0985263,13444.96875,13444.96875,0,0,0.001121,0.915336194,0.058000509,0.040525791,0.292326059,1.118855377,0.022047854
2/28/2018,-0.01035205,0.0875,0.00021875,0.299748245,-0.01035205,0.0985263,0.028861779,0.008036234,0.01035205,0.98964795,13305.78577,13444.96875,-139.1829888,-0.01035205,0.001073,0.750895039,-0.037720182,0.027368132,0.483478858,1.088866255,0.019903424
3/29/2018,-0.023704,0.1,0.00025,0.249357705,-0.023704,0.0985263,0.031792273,0.016360428,0.023704,0.976296,12990.38542,13444.96875,-454.5833346,-0.033810665,0.000261,0.578706914,-0.02550675,0.00180275,0.427630266,1.093457198,0.016825906
4/30/2018,-0.025291925,0.0625,0.00015625,0.201790285,-0.025291925,0.0985263,0.034293529,0.024418566,0.025291925,0.974708075,12661.83357,13444.96875,-783.1351883,-0.058247453,0.001433,0.440572675,0.003713744,-0.029005669,0.246910803,1.099017895,0.013747539
5/31/2018,0.069745075,0.1375,0.00034375,0.230928295,-0.025291925,0.0985263,0.036885587,0.024418566,0.025291925,1.069745075,13544.9341,13544.9341,0,0,0.001401,0.465043998,0.023742671,0.046002404,0.282048527,1.1160499,0.015369762
6/29/2018,0.00884655,0.0625,0.00015625,0.245718639,-0.025291925,0.0985263,0.036418935,0.024418566,0.025291925,1.00884655,13664.76003,13664.76003,0,0,0.001408,0.496600703,0.006788006,0.002058544,0.327121434,1.127904312,0.016034755
7/31/2018,0.0117875,0.0375,9.375E-05,0.224932096,-0.025291925,0.0985263,0.036332099,0.024418566,0.025291925,1.0117875,13825.83339,13825.83339,0,0,0.001558,0.456489018,0.03709291,-0.02530541,0.190086465,1.098109731,0.015103412
8/31/2018,0.025995275,0.1,0.00025,0.22775253,-0.025291925,0.0985263,0.036373861,0.024418566,0.025291925,1.025995275,14185.23973,14185.23973,0,0,0.001575,0.459651049,0.032879418,-0.006884143,0.096755668,1.123304062,0.014884023
9/28/2018,0.0073275,0.075,0.0001875,0.215776917,-0.025291925,0.0985263,0.036500796,0.024418566,0.025291925,1.0073275,14289.18208,14289.18208,0,0,0.00149,0.434152746,0.005087795,0.002239705,0.113938116,1.089566927,0.014544238
10/31/2018,-0.15535615,0.1125,0.00028125,-0.004992032,-0.15535615,0.0985263,0.061207378,0.083820826,0.15535615,0.84464385,12069.26976,14289.18208,-2219.912314,-0.15535615,0.00189,0.002323215,-0.068491887,-0.086864263,-0.144299479,1.398321601,0.000101692
11/30/2018,0.000314625,0.125,0.0003125,-0.019623614,-0.15535615,0.0985263,0.061051615,0.083820826,0.15535615,1.000314625,12073.06706,14289.18208,-2216.11502,-0.155090404,0.001795,-0.01937128,0.019682776,-0.019368151,-0.151531381,1.385557009,-0.000853554
12/31/2018,-0.09337305,0.15,0.000375,-0.105671854,-0.15535615,0.0985263,0.066791173,0.121265445,0.15535615,0.90662695,10945.76796,14289.18208,-3343.414114,-0.23398219,0.00193,-0.12784792,-0.090703763,-0.002669287,-0.118010166,1.30154714,-0.00656074
1/31/2019,0.112384875,0.075,0.0001875,-0.094389362,-0.15535615,0.112384875,0.068871524,0.121265445,0.15535615,1.112384875,12175.90673,14289.18208,-2113.27535,-0.147893374,0.00192,-0.108184255,0.081346173,0.031038702,-0.144430643,1.278318956,-0.005828604
2/28/2019,0.02617335,0.1125,0.00028125,-0.060965567,-0.15535615,0.112384875,0.069464962,0.121265445,0.15535615,1.02617335,12494.591,14289.18208,-1794.591082,-0.125590889,0.001809,-0.064325445,0.031659317,-0.005485967,-0.234536819,1.27698032,-0.003499165
3/29/2019,0.0158616,0.1,0.00025,-0.022910038,-0.15535615,0.112384875,0.069328099,0.121265445,0.15535615,1.0158616,12692.7752,14289.18208,-1596.406877,-0.111721362,0.001935,-0.018906205,0.019476512,-0.003614912,-0.249082193,1.307619169,-0.00100238
4/30/2019,0.024307025,0.05,0.000125,0.026810117,-0.15535615,0.112384875,0.069137469,0.121265445,0.15535615,1.024307025,13001.29881,14289.18208,-1287.883273,-0.09012995,0.002125,0.039990586,0.040565838,-0.016258813,-0.2202402,1.289865375,0.002143517
5/31/2019,-0.039710925,0.0625,0.00015625,-0.078252791,-0.15535615,0.112384875,0.066932426,0.121265445,0.15535615,0.960289075,12485.0052,14289.18208,-1804.176875,-0.126261732,0.001983,-0.09569331,-0.063253877,0.023542952,-0.305266557,1.208315442,-0.005300756
6/28/2019,0.059789075,0.1,0.00025,-0.031708418,-0.15535615,0.112384875,0.069433016,0.121265445,0.15535615,1.059789075,13231.47212,14289.18208,-1057.709962,-0.074021729,0.001853,-0.031639967,0.069517718,-0.009728643,-0.341107097,1.173181858,-0.001872564
7/31/2019,0.00345265,0.1,0.00025,-0.039684959,-0.15535615,0.112384875,0.069341918,0.121265445,0.15535615,1.00345265,13277.15576,14289.18208,-1012.02632,-0.07082465,0.001783,-0.041968542,0.014553004,-0.011100354,-0.304632927,1.165344796,-0.002497269
8/30/2019,-0.024326375,0.0625,0.00015625,-0.086785213,-0.15535615,0.112384875,0.069077475,0.121265445,0.15535615,0.975673625,12954.17069,14289.18208,-1335.01139,-0.093428118,0.001908,-0.103237705,-0.016151749,-0.008174626,-0.3084278,1.165656532,-0.006117926
9/30/2019,0.0081635,0.1375,0.00034375,-0.086027318,-0.15535615,0.112384875,0.069091748,0.121265445,0.15535615,1.0081635,13059.92206,14289.18208,-1229.260017,-0.086027318,0.001787,-0.102566277,0.018741326,-0.010577826,-0.348144711,1.165647197,-0.006079441
10/31/2019,0.0452693,0.0875,0.00021875,0.131065579,-0.09337305,0.112384875,0.051481462,0.063858881,0.09337305,1.0452693,13651.13559,14289.18208,-638.0464877,-0.044652415,0.001531,0.187683496,0.021569056,0.023700244,-0.042762734,1.167378085,0.008276856
11/29/2019,0.031693025,0.0875,0.00021875,0.166545444,-0.09337305,0.112384875,0.051656864,0.063858881,0.09337305,1.031693025,14083.78137,14289.18208,-205.4007062,-0.01437456,0.001197,0.238630841,0.036159781,-0.004466756,0.032366064,1.150505093,0.010714356
12/31/2019,0.0233985,0.1,0.00025,0.316793922,-0.039710925,0.112384875,0.039014022,0.031249422,0.039710925,1.0233985,14413.32073,14413.32073,0,0,0.001431,0.566449334,0.029749453,-0.006350953,0.013077819,1.14732792,0.019261683
1/31/2020,0.027653975,0.0625,0.00015625,0.216493085,-0.039710925,0.059789075,0.027509356,0.031249422,0.039710925,1.027653975,14811.90634,14811.90634,0,0,0.001164,0.548960806,3.45702E-05,0.027619405,-0.00481821,1.133760608,0.013319883
2/28/2020,-0.068985125,0.075,0.0001875,0.103685998,-0.068985125,0.059789075,0.036733713,0.052884315,0.068985125,0.931014875,13790.10513,14811.90634,-1021.80121,-0.068985125,0.001208,0.196597842,-0.081924927,0.012939802,0.092306192,1.099715267,0.006566944
3/31/2020,-0.089881225,0.075,0.0001875,-0.011198624,-0.089881225,0.059789075,0.046335117,0.07838837,0.089881225,0.910118775,12550.63359,14811.90634,-2261.272753,-0.152665882,0.001268,-0.033118509,-0.122128632,0.032247407,0.246983733,1.016891312,-0.00150906
4/30/2020,0.145291325,0.125,0.0003125,0.105591986,-0.089881225,0.145291325,0.062449064,0.07838837,0.089881225,1.145291325,14374.13177,14811.90634,-437.7745688,-0.029555586,0.000003,0.139702788,0.128821537,0.016469788,0.421021833,1.035944415,0.008421599
5/29/2020,0.091730475,0.125,0.0003125,0.256922,-0.089881225,0.145291325,0.064405038,0.07838837,0.089881225,1.091730475,15692.67771,15692.67771,0,0,0.000059,0.308020806,0.047758616,0.043971859,0.451857912,1.052975224,0.018840037
6/30/2020,0.03044535,0.0375,9.375E-05,0.222120005,-0.089881225,0.145291325,0.063351168,0.07838837,0.089881225,1.03044535,16170.44677,16170.44677,0,0,0.000111,0.276837012,0.020274381,0.010170969,0.561800698,1.053383925,0.016649151
7/31/2020,0.094784325,0.125,0.0003125,0.33335422,-0.089881225,0.145291325,0.066753157,0.07838837,0.089881225,1.094784325,17703.15166,17703.15166,0,0,0.000096,0.378851058,0.056838124,0.037946201,0.771521005,1.070388126,0.02362648
8/31/2020,0.0390453,0.0875,0.00021875,0.419957863,-0.089881225,0.145291325,0.064866581,0.07838837,0.089881225,1.0390453,18394.37652,18394.37652,0,0,0.000079,0.473632085,0.071998882,-0.032953582,0.554418462,1.045494437,0.029385994
9/30/2020,-0.035856875,0.15,0.000375,0.35795693,-0.089881225,0.145291325,0.06750067,0.07838837,0.089881225,0.964143125,17734.81166,18394.37652,-659.5648597,-0.035856875,0.000076,0.402916183,-0.038209029,0.002352154,0.627215488,1.044496858,0.026038482
10/30/2020,0.0093893,0.0875,0.00021875,0.311343588,-0.089881225,0.145291325,0.067455138,0.07838837,0.089881225,1.0093893,17901.32913,18394.37652,-493.0473925,-0.026804246,0.000073,0.360663594,-0.026468304,0.035857604,0.650454409,1.029959169,0.023620949
11/30/2020,0.1194393,0.0625,0.00015625,0.422874356,-0.089881225,0.145291325,0.072803227,0.07838837,0.089881225,1.1194393,20039.45135,20039.45135,0,0,0.000066,0.43590172,0.109329418,0.010109882,0.728447644,1.037608107,0.030584815
12/31/2020,0.0716226,0.15,0.000375,0.489922368,-0.089881225,0.145291325,0.07359956,0.07838837,0.089881225,1.0716226,21474.72896,21474.72896,0,0,0.00006,0.487339556,0.041514736,0.030107864,0.903399512,1.04440834,0.034342867
1/29/2021,0.00440535,0.0625,0.00015625,0.456215841,-0.089881225,0.145291325,0.074149574,0.07838837,0.089881225,1.00440535,21569.33266,21569.33266,0,0,0.000046,0.458853055,-0.010112644,0.014517994,0.85757096,1.026703195,0.033138845
2/26/2021,0.041989275,0.0375,9.375E-05,0.629792745,-0.089881225,0.145291325,0.066638731,0.060167833,0.089881225,1.041989275,22475.0133,22475.0133,0,0,0.000045,0.65080083,0.026010939,0.015978336,0.871706455,1.040571353,0.041677624
3/31/2021,0.013032275,0.0875,0.00021875,0.814084818,-0.035856875,0.145291325,0.053168788,0.013712651,0.035856875,1.013032275,22767.91385,22767.91385,0,0,0.000027,0.978921765,0.043257084,-0.030224809,0.527778481,1.030008629,0.050531696
4/30/2021,0.034985775,0.0625,0.00015625,0.639366282,-0.035856875,0.1194393,0.044407841,0.013712651,0.035856875,1.034985775,23564.46696,23564.46696,0,0,0.000014,0.965033124,0.053852832,-0.018867057,0.381743301,1.017347757,0.042124276
5/28/2021,-0.003245225,0.05,0.000125,0.4967487,-0.035856875,0.1194393,0.043368663,0.017920468,0.035856875,0.996754775,23487.99496,23564.46696,-76.4719973,-0.003245225,0.000005,0.805763728,0.006159001,-0.009404226,0.226698192,1.014945955,0.034430302
6/30/2021,0.06659475,0.1,0.00025,0.549256645,-0.035856875,0.1194393,0.044269438,0.017920468,0.035856875,1.06659475,25052.17212,25052.17212,0,0,0.000004,0.857617907,0.023618188,0.042976562,0.310122113,1.018174073,0.037288577
7/30/2021,0.0334093,0.1,0.00025,0.462403314,-0.035856875,0.1194393,0.040499411,0.017920468,0.035856875,1.0334093,25889.14765,25889.14765,0,0,0.000031,0.811298056,0.0242517,0.0091576,0.234391665,1.024943588,0.032057466
8/31/2021,0.05547155,0.1,0.00025,0.485522424,-0.035856875,0.1194393,0.041000466,0.017920468,0.035856875,1.05547155,27325.2588,27325.2588,0,0,0.000049,0.834830709,0.030551745,0.024919805,0.482995881,1.03004814,0.03322995
9/30/2021,-0.044499025,0.05,0.000125,0.472206862,-0.044499025,0.1194393,0.042396369,0.021809435,0.044499025,0.955500975,26109.31143,27325.2588,-1215.947374,-0.044499025,0.000033,0.79044156,-0.046131191,0.001632166,0.479710102,1.03066193,0.032514883
10/29/2021,0.110267575,0.0375,0.00009375,0.619339082,-0.044499025,0.1194393,0.046929216,0.021809435,0.044499025,1.110267575,28988.32188,28988.32188,0,0,0.000037,0.893289475,0.070430609,0.039836966,0.485053458,0.970654836,0.043188756
11/30/2021,-0.00357795,0.075,0.0001875,0.441386923,-0.044499025,0.110267575,0.041598154,0.021992434,0.044499025,0.99642205,28884.60311,28988.32188,-103.7187663,-0.00357795,0.000044,0.761374428,-0.007330472,0.003752522,0.459524435,0.972670539,0.032561664
12/31/2021,-0.001602975,0.1,0.00025,0.342894798,-0.044499025,0.110267575,0.040568236,0.021992434,0.044499025,0.998397025,28838.30182,28988.32188,-150.020063,-0.00517519,0.000067,0.630272817,0.043420065,-0.04502304,0.154089549,0.940866847,0.027176063
1/31/2022,-0.157200625,0.025,6.25E-05,0.12682683,-0.157200625,0.110267575,0.06667077,0.095214745,0.157200625,0.842799375,24304.90275,28988.32188,-4683.419133,-0.161562272,0.000044,0.181519704,-0.052327082,-0.104873543,-0.142971057,1.012529261,0.011952305
2/28/2022,-0.015605125,0.075,0.0001875,0.064543161,-0.157200625,0.110267575,0.066398769,0.095214745,0.157200625,0.984394875,23925.6217,28988.32188,-5062.700178,-0.174646197,0.000028,0.11000116,-0.029363144,0.013758019,-0.147868985,1.009150319,0.007237714
3/31/2022,0.012923675,0.15,0.000375,0.064429039,-0.157200625,0.110267575,0.06639793,0.095214745,0.157200625,1.012923675,24234.82866,28988.32188,-4753.493219,-0.163979593,0.00006,0.109824835,0.037858186,-0.024934511,-0.137929204,1.002413135,0.007274587
4/29/2022,-0.1491479,0.1375,0.00034375,-0.124942869,-0.157200625,0.110267575,0.07942373,0.152771626,0.157200625,0.8508521,20620.25486,28988.32188,-8368.067021,-0.288670281,0.000037,-0.101408583,-0.087667507,-0.061480393,-0.209901536,1.072225541,-0.007511711
5/31/2022,0.0165395,0.15,0.000375,-0.107573737,-0.157200625,0.110267575,0.079736541,0.152771626,0.157200625,1.0165395,20961.30357,28988.32188,-8027.018316,-0.276905243,0.000307,-0.08064919,0.000307745,0.016231755,-0.158617663,1.091377611,-0.005892266
6/30/2022,-0.10669545,0.15,0.000375,-0.252566693,-0.157200625,0.110267575,0.08100299,0.152771626,0.157200625,0.89330455,18724.82785,28988.32188,-10263.49403,-0.354056164,0.000567,-0.258242989,-0.081759448,-0.024936002,-0.305612415,1.118246228,-0.018706483
7/29/2022,0.165097925,0.0875,0.00021875,-0.157320343,-0.157200625,0.165097925,0.09646155,0.152771626,0.157200625,1.165097925,21816.25807,28988.32188,-7172.063808,-0.247412176,0.000812,-0.103766582,0.093690189,0.071407736,-0.15632852,1.16346018,-0.008603204
8/31/2022,-0.041500875,0.1,0.00025,-0.234742316,-0.157200625,0.165097925,0.094535775,0.152771626,0.157200625,0.958499125,20910.86427,28988.32188,-8077.457608,-0.27864523,0.001901,-0.192994178,-0.040344326,-0.001156549,-0.206186879,1.159983166,-0.015728551
9/30/2022,-0.08498295,0.1,0.00025,-0.267165762,-0.157200625,0.165097925,0.096276976,0.152771626,0.157200625,0.91501705,19133.79734,28988.32188,-9854.524541,-0.339948086,0.001929,-0.226186109,-0.091558577,0.006575627,-0.196837225,1.145924085,-0.019003453
10/31/2022,0.124929325,0.1,0.00025,-0.257488246,-0.157200625,0.165097925,0.098172673,0.152771626,0.157200625,1.124929325,21524.16973,28988.32188,-7464.152154,-0.257488246,0.002327,-0.211316803,0.080157583,0.044771742,-0.186137201,1.160818535,-0.017871472
11/30/2022,0.066915775,0.0875,0.00021875,-0.204957876,-0.157200625,0.165097925,0.101308189,0.152771626,0.157200625,1.066915775,22964.47623,28988.32188,-6023.845656,-0.207802496,0.002856,-0.149103363,0.054095584,0.012820191,-0.169165395,1.163755644,-0.012979865
12/30/2022,-0.084907725,0.1,0.00025,-0.271294998,-0.157200625,0.165097925,0.103203421,0.152771626,0.157200625,0.915092275,21014.61479,28988.32188,-7973.707088,-0.275066184,0.003379,-0.21630537,-0.05884883,-0.026058895,-0.139047008,1.176953661,-0.018967148
1/31/2023,0.081724,0.1,0.00025,-0.064714909,-0.1491479,0.165097925,0.097453961,0.125799053,0.1491479,1.081724,22732.01317,28988.32188,-6256.308708,-0.215821693,0.003506,-0.027721487,0.06372388,0.01800012,0.106556671,1.179742512,-0.002289965
2/28/2023,-0.016639675,0.175,0.0004375,-0.065697847,-0.1491479,0.165097925,0.097468295,0.125799053,0.1491479,0.983360325,22353.75986,28988.32188,-6634.56202,-0.228870165,0.00345,-0.031527667,-0.024325774,0.007686099,0.092476731,1.195141494,-0.0025712
3/31/2023,0.024399425,0.1,0.00025,-0.055112827,-0.1491479,0.165097925,0.097676741,0.125799053,0.1491479,1.024399425,22899.17875,28988.32188,-6089.143132,-0.210055041,0.003638,-0.024722386,0.03739796,-0.012998535,0.123327262,1.258177781,-0.001919285
4/28/2023,-0.02379815,0.075,0.0001875,0.084090415,-0.10669545,0.165097925,0.086365638,0.094753575,0.10669545,0.97620185,22354.22066,28988.32188,-6634.101223,-0.228854269,0.00364,0.089511994,0.014959481,-0.038757631,0.198669705,1.277267047,0.00605258
5/31/2023,0.018062525,0.1,0.00025,0.085714648,-0.10669545,0.165097925,0.086377095,0.094753575,0.10669545,1.018062525,22757.99433,28988.32188,-6230.327554,-0.21492543,0.003662,0.0877327,0.005204238,0.012858287,0.190085972,1.264062445,0.005995033
6/30/2023,0.067694325,0.15,0.000375,0.297666477,-0.08498295,0.165097925,0.079299106,0.084941576,0.08498295,1.067694325,24298.58139,28988.32188,-4689.740489,-0.161780337,0.004078,0.275135432,0.066899152,0.000795173,0.272858356,1.255141232,0.017382899
7/31/2023,0.03700395,0.1875,0.00046875,0.154997562,-0.08498295,0.124929325,0.066234419,0.084941576,0.08498295,1.03700395,25197.72488,28988.32188,-3790.596998,-0.130762899,0.004391,0.163740333,0.031648011,0.005355939,0.116062687,1.24303669,0.008724799
8/31/2023,-0.04756465,0.075,0.0001875,0.147690674,-0.08498295,0.124929325,0.066718326,0.084941576,0.08498295,0.95243535,23999.20392,28988.32188,-4989.117963,-0.172107857,0.004537,0.151686429,-0.015480249,-0.032084401,-0.003646485,1.282374459,0.007891817
9/29/2023,-0.068025575,0.075,0.0001875,0.168960028,-0.084907725,0.124929325,0.064586719,0.075622543,0.084907725,0.931974425,22366.64427,28988.32188,-6621.677609,-0.228425696,0.004267,0.175555377,-0.047613626,-0.020411949,-0.09623718,1.293204693,0.008767789
10/31/2023,-0.05578995,0.1,0.00025,-0.018832755,-0.084907725,0.081724,0.0572751,0.075622543,0.084907725,0.94421005,21118.81031,28988.32188,-7869.511575,-0.271471788,0.004715,-0.068448483,-0.021105279,-0.034684671,-0.429723867,1.3197293,-0.002970604
11/30/2023,0.11426945,0.075,0.0001875,0.024715082,-0.084907725,0.11426945,0.063593193,0.075622543,0.084907725,1.11426945,23532.04514,28988.32188,-5456.276737,-0.18822327,0.004424,-0.001649875,0.090745319,0.023524131,-0.365688186,1.341527818,-7.821E-05
12/29/2023,0.07520385,0.05,0.000125,0.204007106,-0.068025575,0.11426945,0.059966719,0.061295981,0.068025575,1.07520385,25301.74554,28988.32188,-3686.576343,-0.127174535,0.004266,0.219518324,0.045242218,0.029961632,-0.142934771,1.341733199,0.009811037
